{
    "date": "04/11/2022 16:39:53",
    "basic_params": {
        "active_variables": [
            "x1",
            "x2"
        ],
        "default_query": {},
        "metric": "basic",
        "n_trials": 1
    },
    "objective_function": {
        "name": "Branin",
        "params": {}
    },
    "optimizer": {
        "name": "BO",
        "params": {
            "lower_bound": [
                -5.0,
                0.0
            ],
            "upper_bound": [
                10.0,
                15.0
            ],
            "invert_metric": false,
            "bopt_params": {
                "n_iterations": 140,
                "n_init_samples": 10
            }
        }
    },
    "iterations": [
        [
            {
                "query": {
                    "x1": 2.12075182935223,
                    "x2": 7.472057655220851
                },
                "metrics": {
                    "outcome": 23.182951368163277
                },
                "metadata": {
                    "trials": 1
                }
            }
        ],
        [
            {
                "query": {
                    "x1": -2.5049491096287966,
                    "x2": 12.619939250755124
                },
                "metrics": {
                    "outcome": 5.600801668126364
                },
                "metadata": {
                    "trials": 1
                }
            }
        ],
        [
            {
                "query": {
                    "x1": 4.3590069795027375,
                    "x2": 10.237744411686435
                },
                "metrics": {
                    "outcome": 82.72744145566736
                },
                "metadata": {
                    "trials": 1
                }
            }
        ],
        [
            {
                "query": {
                    "x1": 0.27042383910156786,
                    "x2": 13.816996615380049
                },
                "metrics": {
                    "outcome": 87.11684503285493
                },
                "metadata": {
                    "trials": 1
                }
            }
        ],
        [
            {
                "query": {
                    "x1": -3.8315880936570466,
                    "x2": 8.626141031621955
                },
                "metrics": {
                    "outcome": 31.41611054876919
                },
                "metadata": {
                    "trials": 1
                }
            }
        ],
        [
            {
                "query": {
                    "x1": 8.347877135849558,
                    "x2": 5.065457382355817
                },
                "metrics": {
                    "outcome": 16.66402173928556
                },
                "metadata": {
                    "trials": 1
                }
            }
        ],
        [
            {
                "query": {
                    "x1": -0.6045210881857201,
                    "x2": 10.78791552130133
                },
                "metrics": {
                    "outcome": 32.178042198535934
                },
                "metadata": {
                    "trials": 1
                }
            }
        ],
        [
            {
                "query": {
                    "x1": 5.763606767170131,
                    "x2": 2.475392319727689
                },
                "metrics": {
                    "outcome": 20.17650893828163
                },
                "metadata": {
                    "trials": 1
                }
            }
        ],
        [
            {
                "query": {
                    "x1": 8.508224078221247,
                    "x2": 3.024129725061357
                },
                "metrics": {
                    "outcome": 5.629715143608998
                },
                "metadata": {
                    "trials": 1
                }
            }
        ],
        [
            {
                "query": {
                    "x1": 3.510244136559777,
                    "x2": 1.3233149960869923
                },
                "metrics": {
                    "outcome": 1.5077903573835574
                },
                "metadata": {
                    "trials": 1
                }
            }
        ],
        [
            {
                "query": {
                    "x1": 2.5237572530760675,
                    "x2": 0.8106617699788485
                },
                "metrics": {
                    "outcome": 6.15491051660252
                },
                "metadata": {
                    "trials": 1
                }
            }
        ],
        [
            {
                "query": {
                    "x1": 10.0,
                    "x2": 3.5683995662169856
                },
                "metrics": {
                    "outcome": 2.262866405039966
                },
                "metadata": {
                    "trials": 1
                }
            }
        ],
        [
            {
                "query": {
                    "x1": 10.0,
                    "x2": 11.977650079689878
                },
                "metrics": {
                    "outcome": 82.48826362378402
                },
                "metadata": {
                    "trials": 1
                }
            }
        ],
        [
            {
                "query": {
                    "x1": 3.341970762616622,
                    "x2": 1.3994680559955335
                },
                "metrics": {
                    "outcome": 1.1148432328009434
                },
                "metadata": {
                    "trials": 1
                }
            }
        ],
        [
            {
                "query": {
                    "x1": 3.324079168694743,
                    "x2": 1.4442006896090578
                },
                "metrics": {
                    "outcome": 1.0372802812611344
                },
                "metadata": {
                    "trials": 1
                }
            }
        ],
        [
            {
                "query": {
                    "x1": -5.0,
                    "x2": 6.223597078975694
                },
                "metrics": {
                    "outcome": 132.92785108433753
                },
                "metadata": {
                    "trials": 1
                }
            }
        ],
        [
            {
                "query": {
                    "x1": 3.164777077888024,
                    "x2": 1.4503411163072244
                },
                "metrics": {
                    "outcome": 1.0511484633476904
                },
                "metadata": {
                    "trials": 1
                }
            }
        ],
        [
            {
                "query": {
                    "x1": 3.5004843843668034,
                    "x2": 1.4423485249521466
                },
                "metrics": {
                    "outcome": 1.3338929987905264
                },
                "metadata": {
                    "trials": 1
                }
            }
        ],
        [
            {
                "query": {
                    "x1": 3.1388050544448465,
                    "x2": 1.4236372965652722
                },
                "metrics": {
                    "outcome": 1.126451171948979
                },
                "metadata": {
                    "trials": 1
                }
            }
        ],
        [
            {
                "query": {
                    "x1": 3.1708089222719984,
                    "x2": 1.5967502865172736
                },
                "metrics": {
                    "outcome": 0.8317643166428272
                },
                "metadata": {
                    "trials": 1
                }
            }
        ],
        [
            {
                "query": {
                    "x1": 3.010237250574221,
                    "x2": 1.539677501234768
                },
                "metrics": {
                    "outcome": 1.186190442771709
                },
                "metadata": {
                    "trials": 1
                }
            }
        ],
        [
            {
                "query": {
                    "x1": 3.021619330521041,
                    "x2": 1.763866042055407
                },
                "metrics": {
                    "outcome": 0.8348187900972945
                },
                "metadata": {
                    "trials": 1
                }
            }
        ],
        [
            {
                "query": {
                    "x1": 3.012252462404014,
                    "x2": 1.6810621307830824
                },
                "metrics": {
                    "outcome": 0.9638535489249076
                },
                "metadata": {
                    "trials": 1
                }
            }
        ],
        [
            {
                "query": {
                    "x1": 2.978690195560966,
                    "x2": 1.619976531412149
                },
                "metrics": {
                    "outcome": 1.1420112011607486
                },
                "metadata": {
                    "trials": 1
                }
            }
        ],
        [
            {
                "query": {
                    "x1": 3.1825823000560334,
                    "x2": 1.7287990508000988
                },
                "metrics": {
                    "outcome": 0.670613429274928
                },
                "metadata": {
                    "trials": 1
                }
            }
        ],
        [
            {
                "query": {
                    "x1": 3.349470490982741,
                    "x2": 1.729662698029291
                },
                "metrics": {
                    "outcome": 0.7557791072202988
                },
                "metadata": {
                    "trials": 1
                }
            }
        ],
        [
            {
                "query": {
                    "x1": 2.997745502228372,
                    "x2": 1.7277818640150924
                },
                "metrics": {
                    "outcome": 0.9353986478289631
                },
                "metadata": {
                    "trials": 1
                }
            }
        ],
        [
            {
                "query": {
                    "x1": 3.3562507463436635,
                    "x2": 1.7897138621107687
                },
                "metrics": {
                    "outcome": 0.7231322454561759
                },
                "metadata": {
                    "trials": 1
                }
            }
        ],
        [
            {
                "query": {
                    "x1": 10.0,
                    "x2": 15.0
                },
                "metrics": {
                    "outcome": 145.87219087939556
                },
                "metadata": {
                    "trials": 1
                }
            }
        ],
        [
            {
                "query": {
                    "x1": -5.0,
                    "x2": 12.781332424576139
                },
                "metrics": {
                    "outcome": 32.13683422326753
                },
                "metadata": {
                    "trials": 1
                }
            }
        ],
        [
            {
                "query": {
                    "x1": 0.6881732621695846,
                    "x2": 10.653948019025847
                },
                "metrics": {
                    "outcome": 49.77043228473058
                },
                "metadata": {
                    "trials": 1
                }
            }
        ],
        [
            {
                "query": {
                    "x1": -3.499439513551934,
                    "x2": 12.52526229626324
                },
                "metrics": {
                    "outcome": 1.3983677012645082
                },
                "metadata": {
                    "trials": 1
                }
            }
        ],
        [
            {
                "query": {
                    "x1": 8.123612819256152,
                    "x2": 12.499999999999998
                },
                "metrics": {
                    "outcome": 126.3361081620154
                },
                "metadata": {
                    "trials": 1
                }
            }
        ],
        [
            {
                "query": {
                    "x1": 10.0,
                    "x2": 9.166666666666668
                },
                "metrics": {
                    "outcome": 39.93446238460622
                },
                "metadata": {
                    "trials": 1
                }
            }
        ],
        [
            {
                "query": {
                    "x1": -5.0,
                    "x2": 4.041825207710665
                },
                "metrics": {
                    "outcome": 185.52883816151268
                },
                "metadata": {
                    "trials": 1
                }
            }
        ],
        [
            {
                "query": {
                    "x1": 3.188738740207002,
                    "x2": 1.904582408466878
                },
                "metrics": {
                    "outcome": 0.5200711506410176
                },
                "metadata": {
                    "trials": 1
                }
            }
        ],
        [
            {
                "query": {
                    "x1": 3.349461290144246,
                    "x2": 1.9337427981463589
                },
                "metrics": {
                    "outcome": 0.6387175769993352
                },
                "metadata": {
                    "trials": 1
                }
            }
        ],
        [
            {
                "query": {
                    "x1": 3.3529461641346963,
                    "x2": 1.894554422184195
                },
                "metrics": {
                    "outcome": 0.6605685196567492
                },
                "metadata": {
                    "trials": 1
                }
            }
        ],
        [
            {
                "query": {
                    "x1": 3.0251172503241577,
                    "x2": 1.9174178111266573
                },
                "metrics": {
                    "outcome": 0.6655996790680394
                },
                "metadata": {
                    "trials": 1
                }
            }
        ],
        [
            {
                "query": {
                    "x1": 10.0,
                    "x2": 8.055555555555555
                },
                "metrics": {
                    "outcome": 27.471896815933803
                },
                "metadata": {
                    "trials": 1
                }
            }
        ],
        [
            {
                "query": {
                    "x1": 3.3418558526741435,
                    "x2": 1.9133739611888607
                },
                "metrics": {
                    "outcome": 0.634157704884732
                },
                "metadata": {
                    "trials": 1
                }
            }
        ],
        [
            {
                "query": {
                    "x1": 3.1962944161570057,
                    "x2": 2.0430142952614947
                },
                "metrics": {
                    "outcome": 0.44824075999080826
                },
                "metadata": {
                    "trials": 1
                }
            }
        ],
        [
            {
                "query": {
                    "x1": 3.015545751858335,
                    "x2": 2.0340585567865896
                },
                "metrics": {
                    "outcome": 0.5905454812713824
                },
                "metadata": {
                    "trials": 1
                }
            }
        ],
        [
            {
                "query": {
                    "x1": 3.330508996749005,
                    "x2": 2.1135966519744067
                },
                "metrics": {
                    "outcome": 0.5690742604819921
                },
                "metadata": {
                    "trials": 1
                }
            }
        ],
        [
            {
                "query": {
                    "x1": 3.3478232962002163,
                    "x2": 2.074010035561533
                },
                "metrics": {
                    "outcome": 0.6034430050705772
                },
                "metadata": {
                    "trials": 1
                }
            }
        ],
        [
            {
                "query": {
                    "x1": 3.364603151272293,
                    "x2": 2.041117461689066
                },
                "metrics": {
                    "outcome": 0.6400813194679049
                },
                "metadata": {
                    "trials": 1
                }
            }
        ],
        [
            {
                "query": {
                    "x1": 3.04339642237575,
                    "x2": 2.119818066796606
                },
                "metrics": {
                    "outcome": 0.4984365385011422
                },
                "metadata": {
                    "trials": 1
                }
            }
        ],
        [
            {
                "query": {
                    "x1": -1.6250000000000004,
                    "x2": 5.277777777777778
                },
                "metrics": {
                    "outcome": 22.79949580388653
                },
                "metadata": {
                    "trials": 1
                }
            }
        ],
        [
            {
                "query": {
                    "x1": -5.0,
                    "x2": 3.055555555555556
                },
                "metrics": {
                    "outcome": 212.43164981183918
                },
                "metadata": {
                    "trials": 1
                }
            }
        ],
        [
            {
                "query": {
                    "x1": -5.0,
                    "x2": 1.3507194337732586
                },
                "metrics": {
                    "outcome": 263.52293698140863
                },
                "metadata": {
                    "trials": 1
                }
            }
        ],
        [
            {
                "query": {
                    "x1": 10.0,
                    "x2": 1.172023601869585
                },
                "metrics": {
                    "outcome": 5.295456325601734
                },
                "metadata": {
                    "trials": 1
                }
            }
        ],
        [
            {
                "query": {
                    "x1": -1.6350757412146777,
                    "x2": 9.680637161945924
                },
                "metrics": {
                    "outcome": 9.920440128905767
                },
                "metadata": {
                    "trials": 1
                }
            }
        ],
        [
            {
                "query": {
                    "x1": 9.999999999997243,
                    "x2": 0.5182316455193375
                },
                "metrics": {
                    "outcome": 8.116998788160426
                },
                "metadata": {
                    "trials": 1
                }
            }
        ],
        [
            {
                "query": {
                    "x1": 10.0,
                    "x2": 1.2988212301123188
                },
                "metrics": {
                    "outcome": 4.847218039540267
                },
                "metadata": {
                    "trials": 1
                }
            }
        ],
        [
            {
                "query": {
                    "x1": 10.0,
                    "x2": 0.8374153777755526
                },
                "metrics": {
                    "outcome": 6.632709470597888
                },
                "metadata": {
                    "trials": 1
                }
            }
        ],
        [
            {
                "query": {
                    "x1": -5.0,
                    "x2": 12.58413191712502
                },
                "metrics": {
                    "outcome": 33.913463964772625
                },
                "metadata": {
                    "trials": 1
                }
            }
        ],
        [
            {
                "query": {
                    "x1": -4.999999999999887,
                    "x2": 12.280492884049178
                },
                "metrics": {
                    "outcome": 36.801100004465525
                },
                "metadata": {
                    "trials": 1
                }
            }
        ],
        [
            {
                "query": {
                    "x1": -5.0,
                    "x2": 11.66764809905515
                },
                "metrics": {
                    "outcome": 43.19097443713488
                },
                "metadata": {
                    "trials": 1
                }
            }
        ],
        [
            {
                "query": {
                    "x1": -5.0,
                    "x2": 12.447210009917539
                },
                "metrics": {
                    "outcome": 35.192777078296
                },
                "metadata": {
                    "trials": 1
                }
            }
        ],
        [
            {
                "query": {
                    "x1": 2.6431534725216252,
                    "x2": 0.6573926570611056
                },
                "metrics": {
                    "outcome": 5.721312276693479
                },
                "metadata": {
                    "trials": 1
                }
            }
        ],
        [
            {
                "query": {
                    "x1": 3.148762768507771,
                    "x2": 2.2241425743242855
                },
                "metrics": {
                    "outcome": 0.4001837706228475
                },
                "metadata": {
                    "trials": 1
                }
            }
        ],
        [
            {
                "query": {
                    "x1": 3.1432472785918133,
                    "x2": 2.2621393853989202
                },
                "metrics": {
                    "outcome": 0.39803438062034147
                },
                "metadata": {
                    "trials": 1
                }
            }
        ],
        [
            {
                "query": {
                    "x1": 3.1409586643092133,
                    "x2": 2.2732252930475347
                },
                "metrics": {
                    "outcome": 0.397894436661419
                },
                "metadata": {
                    "trials": 1
                }
            }
        ],
        [
            {
                "query": {
                    "x1": 3.141032242118909,
                    "x2": 2.2725299482742867
                },
                "metrics": {
                    "outcome": 0.3978973169844622
                },
                "metadata": {
                    "trials": 1
                }
            }
        ],
        [
            {
                "query": {
                    "x1": 3.1414071516315474,
                    "x2": 2.2712995319817044
                },
                "metrics": {
                    "outcome": 0.39790230802406157
                },
                "metadata": {
                    "trials": 1
                }
            }
        ],
        [
            {
                "query": {
                    "x1": 3.141535478522165,
                    "x2": 2.270742165319695
                },
                "metrics": {
                    "outcome": 0.39790588427322326
                },
                "metadata": {
                    "trials": 1
                }
            }
        ],
        [
            {
                "query": {
                    "x1": 3.140401062846381,
                    "x2": 2.2740827222337328
                },
                "metrics": {
                    "outcome": 0.39789758512087836
                },
                "metadata": {
                    "trials": 1
                }
            }
        ],
        [
            {
                "query": {
                    "x1": 3.141801124196725,
                    "x2": 2.2697178347163884
                },
                "metrics": {
                    "outcome": 0.3979137766178713
                },
                "metadata": {
                    "trials": 1
                }
            }
        ],
        [
            {
                "query": {
                    "x1": 3.141992393230307,
                    "x2": 2.2698923313534594
                },
                "metrics": {
                    "outcome": 0.39791112602246415
                },
                "metadata": {
                    "trials": 1
                }
            }
        ],
        [
            {
                "query": {
                    "x1": 3.1418548921612537,
                    "x2": 2.2691213142905675
                },
                "metrics": {
                    "outcome": 0.3979198842741454
                },
                "metadata": {
                    "trials": 1
                }
            }
        ],
        [
            {
                "query": {
                    "x1": 3.1425497798099205,
                    "x2": 2.269037494148938
                },
                "metrics": {
                    "outcome": 0.39791896467949783
                },
                "metadata": {
                    "trials": 1
                }
            }
        ],
        [
            {
                "query": {
                    "x1": 3.1419238047272326,
                    "x2": 2.269072267434716
                },
                "metrics": {
                    "outcome": 0.3979200273975465
                },
                "metadata": {
                    "trials": 1
                }
            }
        ],
        [
            {
                "query": {
                    "x1": 5.152347919065505,
                    "x2": 8.761300487676635
                },
                "metrics": {
                    "outcome": 70.82203046480961
                },
                "metadata": {
                    "trials": 1
                }
            }
        ],
        [
            {
                "query": {
                    "x1": 3.1420787210983327,
                    "x2": 2.2679456967578435
                },
                "metrics": {
                    "outcome": 0.3979330512584376
                },
                "metadata": {
                    "trials": 1
                }
            }
        ],
        [
            {
                "query": {
                    "x1": 3.1410360948727085,
                    "x2": 2.2687952840232097
                },
                "metrics": {
                    "outcome": 0.39793291847175283
                },
                "metadata": {
                    "trials": 1
                }
            }
        ],
        [
            {
                "query": {
                    "x1": 3.142171754671672,
                    "x2": 2.2676197350773437
                },
                "metrics": {
                    "outcome": 0.3979369745606043
                },
                "metadata": {
                    "trials": 1
                }
            }
        ],
        [
            {
                "query": {
                    "x1": 3.141950040309272,
                    "x2": 2.270875136286525
                },
                "metrics": {
                    "outcome": 0.3979027639610262
                },
                "metadata": {
                    "trials": 1
                }
            }
        ],
        [
            {
                "query": {
                    "x1": 3.142251691504338,
                    "x2": 2.2674361616012995
                },
                "metrics": {
                    "outcome": 0.3979391445988778
                },
                "metadata": {
                    "trials": 1
                }
            }
        ],
        [
            {
                "query": {
                    "x1": 3.1422271172458665,
                    "x2": 2.2673726363101263
                },
                "metrics": {
                    "outcome": 0.39794016468270677
                },
                "metadata": {
                    "trials": 1
                }
            }
        ],
        [
            {
                "query": {
                    "x1": 3.142472380005552,
                    "x2": 2.2673327577983615
                },
                "metrics": {
                    "outcome": 0.39793981161849956
                },
                "metadata": {
                    "trials": 1
                }
            }
        ],
        [
            {
                "query": {
                    "x1": 3.1419651076901225,
                    "x2": 2.2681816761461455
                },
                "metrics": {
                    "outcome": 0.397930636959563
                },
                "metadata": {
                    "trials": 1
                }
            }
        ],
        [
            {
                "query": {
                    "x1": 3.141994940329612,
                    "x2": 2.2675957978804213
                },
                "metrics": {
                    "outcome": 0.3979384098404193
                },
                "metadata": {
                    "trials": 1
                }
            }
        ],
        [
            {
                "query": {
                    "x1": 3.1417981388927654,
                    "x2": 2.267789707744264
                },
                "metrics": {
                    "outcome": 0.3979372636287888
                },
                "metadata": {
                    "trials": 1
                }
            }
        ],
        [
            {
                "query": {
                    "x1": 3.1423702963554945,
                    "x2": 2.2663591638557894
                },
                "metrics": {
                    "outcome": 0.39795481364988383
                },
                "metadata": {
                    "trials": 1
                }
            }
        ],
        [
            {
                "query": {
                    "x1": 3.142276084407971,
                    "x2": 2.267190924399732
                },
                "metrics": {
                    "outcome": 0.3979425426437082
                },
                "metadata": {
                    "trials": 1
                }
            }
        ],
        [
            {
                "query": {
                    "x1": 3.14226728184334,
                    "x2": 2.2672283697168054
                },
                "metrics": {
                    "outcome": 0.3979420411449457
                },
                "metadata": {
                    "trials": 1
                }
            }
        ],
        [
            {
                "query": {
                    "x1": 3.1423198577965294,
                    "x2": 2.2670093426764777
                },
                "metrics": {
                    "outcome": 0.3979450066194623
                },
                "metadata": {
                    "trials": 1
                }
            }
        ],
        [
            {
                "query": {
                    "x1": 3.1423409200046457,
                    "x2": 2.2666914275824555
                },
                "metrics": {
                    "outcome": 0.39794972305897325
                },
                "metadata": {
                    "trials": 1
                }
            }
        ],
        [
            {
                "query": {
                    "x1": 3.142203029085916,
                    "x2": 2.26733963228057
                },
                "metrics": {
                    "outcome": 0.3979407621338922
                },
                "metadata": {
                    "trials": 1
                }
            }
        ],
        [
            {
                "query": {
                    "x1": 3.1414927970716437,
                    "x2": 2.2691157582714947
                },
                "metrics": {
                    "outcome": 0.39792295244226317
                },
                "metadata": {
                    "trials": 1
                }
            }
        ],
        [
            {
                "query": {
                    "x1": 3.1424249051834057,
                    "x2": 2.2673580454968847
                },
                "metrics": {
                    "outcome": 0.3979395852637939
                },
                "metadata": {
                    "trials": 1
                }
            }
        ],
        [
            {
                "query": {
                    "x1": 3.142414753756487,
                    "x2": 2.26668924967243
                },
                "metrics": {
                    "outcome": 0.3979494270490296
                },
                "metadata": {
                    "trials": 1
                }
            }
        ],
        [
            {
                "query": {
                    "x1": 3.1423673551193776,
                    "x2": 2.266892077393211
                },
                "metrics": {
                    "outcome": 0.3979465467882335
                },
                "metadata": {
                    "trials": 1
                }
            }
        ],
        [
            {
                "query": {
                    "x1": 5.887166819302365,
                    "x2": 8.567142749670893
                },
                "metrics": {
                    "outcome": 74.50291509657522
                },
                "metadata": {
                    "trials": 1
                }
            }
        ],
        [
            {
                "query": {
                    "x1": 3.1401842035686496,
                    "x2": 2.2765486043285352
                },
                "metrics": {
                    "outcome": 0.39789708419443315
                },
                "metadata": {
                    "trials": 1
                }
            }
        ],
        [
            {
                "query": {
                    "x1": 3.1393668534005528,
                    "x2": 2.2783882352664477
                },
                "metrics": {
                    "outcome": 0.39791387144014934
                },
                "metadata": {
                    "trials": 1
                }
            }
        ],
        [
            {
                "query": {
                    "x1": 3.140348538659131,
                    "x2": 2.2759033830401108
                },
                "metrics": {
                    "outcome": 0.3978947934050794
                },
                "metadata": {
                    "trials": 1
                }
            }
        ],
        [
            {
                "query": {
                    "x1": 3.1405979208136294,
                    "x2": 2.2755918359628726
                },
                "metrics": {
                    "outcome": 0.39789214221436
                },
                "metadata": {
                    "trials": 1
                }
            }
        ],
        [
            {
                "query": {
                    "x1": 3.140719730507497,
                    "x2": 2.275201327126965
                },
                "metrics": {
                    "outcome": 0.39789124605652404
                },
                "metadata": {
                    "trials": 1
                }
            }
        ],
        [
            {
                "query": {
                    "x1": 3.1405466462716447,
                    "x2": 2.274766903004044
                },
                "metrics": {
                    "outcome": 0.39789371106761173
                },
                "metadata": {
                    "trials": 1
                }
            }
        ],
        [
            {
                "query": {
                    "x1": 3.1408309874921194,
                    "x2": 2.2743320859661615
                },
                "metrics": {
                    "outcome": 0.3978917355884075
                },
                "metadata": {
                    "trials": 1
                }
            }
        ],
        [
            {
                "query": {
                    "x1": 3.140940978799332,
                    "x2": 2.273943627122607
                },
                "metrics": {
                    "outcome": 0.39789184474805417
                },
                "metadata": {
                    "trials": 1
                }
            }
        ],
        [
            {
                "query": {
                    "x1": 3.1412970729123586,
                    "x2": 2.273416634638396
                },
                "metrics": {
                    "outcome": 0.397891067377671
                },
                "metadata": {
                    "trials": 1
                }
            }
        ],
        [
            {
                "query": {
                    "x1": 3.14113795489129,
                    "x2": 2.2732947502164076
                },
                "metrics": {
                    "outcome": 0.39789259344764005
                },
                "metadata": {
                    "trials": 1
                }
            }
        ],
        [
            {
                "query": {
                    "x1": 3.1428368715416664,
                    "x2": 2.2692113654223993
                },
                "metrics": {
                    "outcome": 0.39791800827226
                },
                "metadata": {
                    "trials": 1
                }
            }
        ],
        [
            {
                "query": {
                    "x1": 3.1409885553402326,
                    "x2": 2.273907683509043
                },
                "metrics": {
                    "outcome": 0.3978915542564909
                },
                "metadata": {
                    "trials": 1
                }
            }
        ],
        [
            {
                "query": {
                    "x1": 3.141019840689509,
                    "x2": 2.2735776498251994
                },
                "metrics": {
                    "outcome": 0.3978924265836401
                },
                "metadata": {
                    "trials": 1
                }
            }
        ],
        [
            {
                "query": {
                    "x1": 3.141232135582646,
                    "x2": 2.2725747740188242
                },
                "metrics": {
                    "outcome": 0.39789530631820114
                },
                "metadata": {
                    "trials": 1
                }
            }
        ],
        [
            {
                "query": {
                    "x1": 3.142091226539817,
                    "x2": 2.2706309367142055
                },
                "metrics": {
                    "outcome": 0.39790439377063613
                },
                "metadata": {
                    "trials": 1
                }
            }
        ],
        [
            {
                "query": {
                    "x1": 3.1417655631381027,
                    "x2": 2.2711561622508896
                },
                "metrics": {
                    "outcome": 0.3979012579254153
                },
                "metadata": {
                    "trials": 1
                }
            }
        ],
        [
            {
                "query": {
                    "x1": 3.1397785400038494,
                    "x2": 2.277166893000366
                },
                "metrics": {
                    "outcome": 0.3979037231155669
                },
                "metadata": {
                    "trials": 1
                }
            }
        ],
        [
            {
                "query": {
                    "x1": 3.1401237978996157,
                    "x2": 2.2757689373151577
                },
                "metrics": {
                    "outcome": 0.39789785819465173
                },
                "metadata": {
                    "trials": 1
                }
            }
        ],
        [
            {
                "query": {
                    "x1": 3.1401604004372885,
                    "x2": 2.2759486193494967
                },
                "metrics": {
                    "outcome": 0.39789723479704264
                },
                "metadata": {
                    "trials": 1
                }
            }
        ],
        [
            {
                "query": {
                    "x1": 3.1401863734033153,
                    "x2": 2.275859595285733
                },
                "metrics": {
                    "outcome": 0.39789690875233497
                },
                "metadata": {
                    "trials": 1
                }
            }
        ],
        [
            {
                "query": {
                    "x1": 6.612717601237819,
                    "x2": 0.24141035391949117
                },
                "metrics": {
                    "outcome": 19.86533797316024
                },
                "metadata": {
                    "trials": 1
                }
            }
        ],
        [
            {
                "query": {
                    "x1": 3.1391090876796373,
                    "x2": 2.280350665370227
                },
                "metrics": {
                    "outcome": 0.3979286199282335
                },
                "metadata": {
                    "trials": 1
                }
            }
        ],
        [
            {
                "query": {
                    "x1": 3.140525779110517,
                    "x2": 2.276506394786163
                },
                "metrics": {
                    "outcome": 0.39789327698706245
                },
                "metadata": {
                    "trials": 1
                }
            }
        ],
        [
            {
                "query": {
                    "x1": 3.141020839550272,
                    "x2": 2.2756959745827077
                },
                "metrics": {
                    "outcome": 0.39788899003624856
                },
                "metadata": {
                    "trials": 1
                }
            }
        ],
        [
            {
                "query": {
                    "x1": 3.1404302460094815,
                    "x2": 2.2760068565407727
                },
                "metrics": {
                    "outcome": 0.39789385490851004
                },
                "metadata": {
                    "trials": 1
                }
            }
        ],
        [
            {
                "query": {
                    "x1": 3.1407754577729925,
                    "x2": 2.2750751111848895
                },
                "metrics": {
                    "outcome": 0.3978908800688732
                },
                "metadata": {
                    "trials": 1
                }
            }
        ],
        [
            {
                "query": {
                    "x1": 3.140676810982116,
                    "x2": 2.27502076853504
                },
                "metrics": {
                    "outcome": 0.3978918657370798
                },
                "metadata": {
                    "trials": 1
                }
            }
        ],
        [
            {
                "query": {
                    "x1": 3.141080640511049,
                    "x2": 2.273463083782485
                },
                "metrics": {
                    "outcome": 0.3978923654192297
                },
                "metadata": {
                    "trials": 1
                }
            }
        ],
        [
            {
                "query": {
                    "x1": 3.140119540651778,
                    "x2": 2.2765080679018723
                },
                "metrics": {
                    "outcome": 0.3978979051736342
                },
                "metadata": {
                    "trials": 1
                }
            }
        ],
        [
            {
                "query": {
                    "x1": 3.140264627781784,
                    "x2": 2.275200095087212
                },
                "metrics": {
                    "outcome": 0.3978965236952394
                },
                "metadata": {
                    "trials": 1
                }
            }
        ],
        [
            {
                "query": {
                    "x1": 3.1406049490032615,
                    "x2": 2.2750916527683267
                },
                "metrics": {
                    "outcome": 0.3978925021426747
                },
                "metadata": {
                    "trials": 1
                }
            }
        ],
        [
            {
                "query": {
                    "x1": 3.1414581410165923,
                    "x2": 2.2721639107171505
                },
                "metrics": {
                    "outcome": 0.39789609403511683
                },
                "metadata": {
                    "trials": 1
                }
            }
        ],
        [
            {
                "query": {
                    "x1": 3.1403423105805732,
                    "x2": 2.277941471679409
                },
                "metrics": {
                    "outcome": 0.3978987293535283
                },
                "metadata": {
                    "trials": 1
                }
            }
        ],
        [
            {
                "query": {
                    "x1": 3.1423106962657723,
                    "x2": 2.269512492327498
                },
                "metrics": {
                    "outcome": 0.39791411434584134
                },
                "metadata": {
                    "trials": 1
                }
            }
        ],
        [
            {
                "query": {
                    "x1": 3.141952279734788,
                    "x2": 2.2707650452165598
                },
                "metrics": {
                    "outcome": 0.3979036168337817
                },
                "metadata": {
                    "trials": 1
                }
            }
        ],
        [
            {
                "query": {
                    "x1": 3.142143699601842,
                    "x2": 2.2701118020157036
                },
                "metrics": {
                    "outcome": 0.3979086937910701
                },
                "metadata": {
                    "trials": 1
                }
            }
        ],
        [
            {
                "query": {
                    "x1": 3.141164946904791,
                    "x2": 2.273430203200795
                },
                "metrics": {
                    "outcome": 0.39789185882421485
                },
                "metadata": {
                    "trials": 1
                }
            }
        ],
        [
            {
                "query": {
                    "x1": 3.1422205907557323,
                    "x2": 2.270294098517381
                },
                "metrics": {
                    "outcome": 0.39790702757323615
                },
                "metadata": {
                    "trials": 1
                }
            }
        ],
        [
            {
                "query": {
                    "x1": 3.1408404293295504,
                    "x2": 2.27310922962827
                },
                "metrics": {
                    "outcome": 0.3978962122357057
                },
                "metadata": {
                    "trials": 1
                }
            }
        ],
        [
            {
                "query": {
                    "x1": 3.142328028485535,
                    "x2": 2.2695235033243355
                },
                "metrics": {
                    "outcome": 0.39791399419715745
                },
                "metadata": {
                    "trials": 1
                }
            }
        ],
        [
            {
                "query": {
                    "x1": 3.1419982619242806,
                    "x2": 2.2707669470246947
                },
                "metrics": {
                    "outcome": 0.3979034885745456
                },
                "metadata": {
                    "trials": 1
                }
            }
        ],
        [
            {
                "query": {
                    "x1": 8.310924163088202,
                    "x2": 0.5829516600351781
                },
                "metrics": {
                    "outcome": 7.001731303067806
                },
                "metadata": {
                    "trials": 1
                }
            }
        ],
        [
            {
                "query": {
                    "x1": 3.142099506173004,
                    "x2": 2.2703285427164506
                },
                "metrics": {
                    "outcome": 0.39790687714908657
                },
                "metadata": {
                    "trials": 1
                }
            }
        ],
        [
            {
                "query": {
                    "x1": 3.140268900195494,
                    "x2": 2.276281444084674
                },
                "metrics": {
                    "outcome": 0.3978958326696329
                },
                "metadata": {
                    "trials": 1
                }
            }
        ],
        [
            {
                "query": {
                    "x1": 3.1417543419123906,
                    "x2": 2.271969495403216
                },
                "metrics": {
                    "outcome": 0.39789591886408004
                },
                "metadata": {
                    "trials": 1
                }
            }
        ],
        [
            {
                "query": {
                    "x1": 3.140212372766646,
                    "x2": 2.276269544292666
                },
                "metrics": {
                    "outcome": 0.39789654178165357
                },
                "metadata": {
                    "trials": 1
                }
            }
        ],
        [
            {
                "query": {
                    "x1": 3.1411415655417354,
                    "x2": 2.2733766663609316
                },
                "metrics": {
                    "outcome": 0.397892235848877
                },
                "metadata": {
                    "trials": 1
                }
            }
        ],
        [
            {
                "query": {
                    "x1": 3.1423125064315443,
                    "x2": 2.2696516615816886
                },
                "metrics": {
                    "outcome": 0.39791276115463603
                },
                "metadata": {
                    "trials": 1
                }
            }
        ],
        [
            {
                "query": {
                    "x1": 3.1421868566763003,
                    "x2": 2.270063956016147
                },
                "metrics": {
                    "outcome": 0.3979090578728588
                },
                "metadata": {
                    "trials": 1
                }
            }
        ],
        [
            {
                "query": {
                    "x1": 3.139920945991326,
                    "x2": 2.2767085755715604
                },
                "metrics": {
                    "outcome": 0.3979009384236143
                },
                "metadata": {
                    "trials": 1
                }
            }
        ],
        [
            {
                "query": {
                    "x1": 3.1426680569967633,
                    "x2": 2.2682705946713857
                },
                "metrics": {
                    "outcome": 0.39792761271703725
                },
                "metadata": {
                    "trials": 1
                }
            }
        ],
        [
            {
                "query": {
                    "x1": 3.1421833732134488,
                    "x2": 2.270241070235987
                },
                "metrics": {
                    "outcome": 0.39790750841122424
                },
                "metadata": {
                    "trials": 1
                }
            }
        ],
        [
            {
                "query": {
                    "x1": 3.140960133359533,
                    "x2": 2.274054267950233
                },
                "metrics": {
                    "outcome": 0.3978913494401599
                },
                "metadata": {
                    "trials": 1
                }
            }
        ],
        [
            {
                "query": {
                    "x1": 3.1401407926673315,
                    "x2": 2.2766732125018896
                },
                "metrics": {
                    "outcome": 0.397897770224235
                },
                "metadata": {
                    "trials": 1
                }
            }
        ],
        [
            {
                "query": {
                    "x1": 3.142553499315037,
                    "x2": 2.2690634938201604
                },
                "metrics": {
                    "outcome": 0.3979186982744096
                },
                "metadata": {
                    "trials": 1
                }
            }
        ],
        [
            {
                "query": {
                    "x1": 3.1389944128115097,
                    "x2": 2.279179370585388
                },
                "metrics": {
                    "outcome": 0.39792440106899285
                },
                "metadata": {
                    "trials": 1
                }
            }
        ]
    ],
    "best_results": [
        {
            "query": {
                "x1": 3.141020839550272,
                "x2": 2.2756959745827077
            },
            "metrics": [
                {
                    "name": "outcome",
                    "value": 0.39788899003624856
                }
            ]
        }
    ]
}