{
    "date": "10/11/2022 09:57:52",
    "basic_params": {
        "active_variables": [
            "x1",
            "x2"
        ],
        "default_query": {},
        "metric": "basic",
        "n_trials": 1
    },
    "objective_function": {
        "name": "Gramacy2D",
        "params": {}
    },
    "optimizer": {
        "name": "BO-MCMC-250-LCB",
        "params": {
            "lower_bound": [
                -2.0,
                -2.0
            ],
            "upper_bound": [
                6.0,
                6.0
            ],
            "invert_metric": false,
            "bopt_params": {
                "n_init_samples": 15,
                "n_iterations": 45,
                "n_iter_relearn": 5,
                "verbose_level": 0,
                "n_parallel_samples": 3,
                "par_type": "PAR_MCMC",
                "l_type": "L_MCMC",
                "burnout_mcmc_parallel": 250,
                "crit_name": "cLCBnorm",
                "n_crit_params": 1,
                "crit_params": [
                    2.0
                ]
            }
        }
    },
    "execution_time": 38.63610219955444,
    "best_results": [
        {
            "query": {
                "x1": -0.860921101289625,
                "x2": 0.20645774670965222
            },
            "metrics": [
                {
                    "name": "outcome",
                    "value": -0.39315066907753093
                }
            ]
        }
    ],
    "iterations": [
        [
            {
                "query": {
                    "x1": 2.663507643466194,
                    "x2": 2.999001057321826
                },
                "metrics": {
                    "outcome": 2.7441167584569053e-07
                },
                "metadata": {
                    "trials": 1
                }
            }
        ],
        [
            {
                "query": {
                    "x1": 3.1013111136853695,
                    "x2": 0.3709791675209999
                },
                "metrics": {
                    "outcome": 0.00017975222113700021
                },
                "metadata": {
                    "trials": 1
                }
            }
        ],
        [
            {
                "query": {
                    "x1": -1.5914711733659108,
                    "x2": 4.477825783193111
                },
                "metrics": {
                    "outcome": -2.476399137467261e-10
                },
                "metadata": {
                    "trials": 1
                }
            }
        ],
        [
            {
                "query": {
                    "x1": 0.2524617638438942,
                    "x2": -0.26903294809162626
                },
                "metrics": {
                    "outcome": 0.2203339032002059
                },
                "metadata": {
                    "trials": 1
                }
            }
        ],
        [
            {
                "query": {
                    "x1": -0.8553212963044643,
                    "x2": 0.9568611051887275
                },
                "metrics": {
                    "outcome": -0.16473193048297088
                },
                "metadata": {
                    "trials": 1
                }
            }
        ],
        [
            {
                "query": {
                    "x1": 1.9283689952145022,
                    "x2": -0.9395640549560389
                },
                "metrics": {
                    "outcome": 0.019356770392193065
                },
                "metadata": {
                    "trials": 1
                }
            }
        ],
        [
            {
                "query": {
                    "x1": 1.5217164654284714,
                    "x2": 3.9512982799361147
                },
                "metrics": {
                    "outcome": 2.4896461627668197e-08
                },
                "metadata": {
                    "trials": 1
                }
            }
        ],
        [
            {
                "query": {
                    "x1": -1.3322772620866696,
                    "x2": 2.347819239894549
                },
                "metrics": {
                    "outcome": -0.0009115827522146813
                },
                "metadata": {
                    "trials": 1
                }
            }
        ],
        [
            {
                "query": {
                    "x1": 4.628566857303182,
                    "x2": 2.0249723304063085
                },
                "metrics": {
                    "outcome": 3.805849470906882e-11
                },
                "metadata": {
                    "trials": 1
                }
            }
        ],
        [
            {
                "query": {
                    "x1": 4.006980433439215,
                    "x2": 1.4299468686183294
                },
                "metrics": {
                    "outcome": 5.518347510680993e-08
                },
                "metadata": {
                    "trials": 1
                }
            }
        ],
        [
            {
                "query": {
                    "x1": 0.7909103938688835,
                    "x2": 5.558922603478035
                },
                "metrics": {
                    "outcome": 1.6071476143151216e-14
                },
                "metadata": {
                    "trials": 1
                }
            }
        ],
        [
            {
                "query": {
                    "x1": 5.748339283714691,
                    "x2": 5.310574600100518
                },
                "metrics": {
                    "outcome": 1.4484822828628154e-26
                },
                "metadata": {
                    "trials": 1
                }
            }
        ],
        [
            {
                "query": {
                    "x1": 0.023620679726203075,
                    "x2": 3.6401271630078558
                },
                "metrics": {
                    "outcome": 4.15355400091842e-08
                },
                "metadata": {
                    "trials": 1
                }
            }
        ],
        [
            {
                "query": {
                    "x1": 3.8204498422642548,
                    "x2": -0.4479522881408533
                },
                "metrics": {
                    "outcome": 1.4324417186199931e-06
                },
                "metadata": {
                    "trials": 1
                }
            }
        ],
        [
            {
                "query": {
                    "x1": 5.257393525044123,
                    "x2": -1.8217043358832599
                },
                "metrics": {
                    "outcome": 1.885981209001827e-13
                },
                "metadata": {
                    "trials": 1
                }
            }
        ],
        [
            {
                "query": {
                    "x1": 1.404032766670813,
                    "x2": -0.5284018340287817
                },
                "metrics": {
                    "outcome": 0.14790754968769565
                },
                "metadata": {
                    "trials": 1
                }
            },
            {
                "query": {
                    "x1": 5.3418579366560435,
                    "x2": -0.9059372251599147
                },
                "metrics": {
                    "outcome": 9.516348918226862e-13
                },
                "metadata": {
                    "trials": 1
                }
            },
            {
                "query": {
                    "x1": -0.8518834125419343,
                    "x2": 5.520336175520952
                },
                "metrics": {
                    "outcome": -2.4014407298112857e-14
                },
                "metadata": {
                    "trials": 1
                }
            }
        ],
        [
            {
                "query": {
                    "x1": 4.593714037910104,
                    "x2": 0.12700260989367962
                },
                "metrics": {
                    "outcome": 3.094469133145209e-09
                },
                "metadata": {
                    "trials": 1
                }
            },
            {
                "query": {
                    "x1": 3.7185622515974943,
                    "x2": 2.8250238842861775
                },
                "metrics": {
                    "outcome": 1.2562583922803918e-09
                },
                "metadata": {
                    "trials": 1
                }
            },
            {
                "query": {
                    "x1": -1.735769022256136,
                    "x2": -0.981729868799448
                },
                "metrics": {
                    "outcome": -0.03254156517794508
                },
                "metadata": {
                    "trials": 1
                }
            }
        ],
        [
            {
                "query": {
                    "x1": -0.3476074086608727,
                    "x2": 5.122546999792775
                },
                "metrics": {
                    "outcome": -1.2374104735313513e-12
                },
                "metadata": {
                    "trials": 1
                }
            },
            {
                "query": {
                    "x1": 4.946508935487982,
                    "x2": 2.09779207232471
                },
                "metrics": {
                    "outcome": 1.4347935202965228e-12
                },
                "metadata": {
                    "trials": 1
                }
            },
            {
                "query": {
                    "x1": -0.7918477608258447,
                    "x2": 1.0490797447386662
                },
                "metrics": {
                    "outcome": -0.14072082526652932
                },
                "metadata": {
                    "trials": 1
                }
            }
        ],
        [
            {
                "query": {
                    "x1": 2.1069434005767107,
                    "x2": 2.4460937306284904
                },
                "metrics": {
                    "outcome": 6.268760856764496e-05
                },
                "metadata": {
                    "trials": 1
                }
            },
            {
                "query": {
                    "x1": 3.1495476737618446,
                    "x2": -0.6831667702645063
                },
                "metrics": {
                    "outcome": 9.71641697529975e-05
                },
                "metadata": {
                    "trials": 1
                }
            },
            {
                "query": {
                    "x1": 5.304665457627204,
                    "x2": 3.9057336611636932
                },
                "metrics": {
                    "outcome": 7.564546709123626e-19
                },
                "metadata": {
                    "trials": 1
                }
            }
        ],
        [
            {
                "query": {
                    "x1": 0.16849054837241217,
                    "x2": 3.9401997265689017
                },
                "metrics": {
                    "outcome": 2.9631182311200333e-08
                },
                "metadata": {
                    "trials": 1
                }
            },
            {
                "query": {
                    "x1": 3.1088225934654474,
                    "x2": 1.7733582258224487
                },
                "metrics": {
                    "outcome": 8.50094480143846e-06
                },
                "metadata": {
                    "trials": 1
                }
            },
            {
                "query": {
                    "x1": -0.7288343522527483,
                    "x2": 3.048095664311904
                },
                "metrics": {
                    "outcome": -3.953218172292056e-05
                },
                "metadata": {
                    "trials": 1
                }
            }
        ],
        [
            {
                "query": {
                    "x1": 2.4753185114536613,
                    "x2": 4.222221507396897
                },
                "metrics": {
                    "outcome": 9.781070259063971e-11
                },
                "metadata": {
                    "trials": 1
                }
            },
            {
                "query": {
                    "x1": 2.471687432586375,
                    "x2": 4.25207306344363
                },
                "metrics": {
                    "outcome": 7.721224845062126e-11
                },
                "metadata": {
                    "trials": 1
                }
            },
            {
                "query": {
                    "x1": -0.8373176740604529,
                    "x2": 0.879307918178398
                },
                "metrics": {
                    "outcome": -0.19169781176990008
                },
                "metadata": {
                    "trials": 1
                }
            }
        ],
        [
            {
                "query": {
                    "x1": 3.4825325552374125,
                    "x2": 5.914048612117767
                },
                "metrics": {
                    "outcome": 1.21586730081044e-20
                },
                "metadata": {
                    "trials": 1
                }
            },
            {
                "query": {
                    "x1": 4.017548829317093,
                    "x2": 1.8632038105279207
                },
                "metrics": {
                    "outcome": 1.2203353294097752e-08
                },
                "metadata": {
                    "trials": 1
                }
            },
            {
                "query": {
                    "x1": 0.82743697537241,
                    "x2": -1.6687838030893074
                },
                "metrics": {
                    "outcome": 0.025760481993582073
                },
                "metadata": {
                    "trials": 1
                }
            }
        ],
        [
            {
                "query": {
                    "x1": 4.476851208388386,
                    "x2": 3.15920739571843
                },
                "metrics": {
                    "outcome": 4.094882575285348e-13
                },
                "metadata": {
                    "trials": 1
                }
            },
            {
                "query": {
                    "x1": 1.8561933081252553,
                    "x2": 2.8824111745748064
                },
                "metrics": {
                    "outcome": 1.458933180806743e-05
                },
                "metadata": {
                    "trials": 1
                }
            },
            {
                "query": {
                    "x1": -0.29814722911018254,
                    "x2": -1.4177281320148856
                },
                "metrics": {
                    "outcome": -0.03655224457472697
                },
                "metadata": {
                    "trials": 1
                }
            }
        ],
        [
            {
                "query": {
                    "x1": 3.312547853864026,
                    "x2": 5.621627141648987
                },
                "metrics": {
                    "outcome": 1.0709909139112337e-18
                },
                "metadata": {
                    "trials": 1
                }
            },
            {
                "query": {
                    "x1": 2.720254461231489,
                    "x2": 0.06729834878327479
                },
                "metrics": {
                    "outcome": 0.0016556063316001085
                },
                "metadata": {
                    "trials": 1
                }
            },
            {
                "query": {
                    "x1": -1.7370800096541643,
                    "x2": 3.3501162845641375
                },
                "metrics": {
                    "outcome": -1.135405693299392e-06
                },
                "metadata": {
                    "trials": 1
                }
            }
        ],
        [
            {
                "query": {
                    "x1": 2.098215779182615,
                    "x2": 4.7251915330395855
                },
                "metrics": {
                    "outcome": 5.166337329965443e-12
                },
                "metadata": {
                    "trials": 1
                }
            },
            {
                "query": {
                    "x1": 4.644102871417999,
                    "x2": -1.7753278259187937
                },
                "metrics": {
                    "outcome": 8.538231210998392e-11
                },
                "metadata": {
                    "trials": 1
                }
            },
            {
                "query": {
                    "x1": 3.767212623730302,
                    "x2": -0.8488789573311806
                },
                "metrics": {
                    "outcome": 1.2577941250114659e-06
                },
                "metadata": {
                    "trials": 1
                }
            }
        ],
        [
            {
                "query": {
                    "x1": 0.8934525996424227,
                    "x2": 0.5683131975365487
                },
                "metrics": {
                    "outcome": 0.2911550213334701
                },
                "metadata": {
                    "trials": 1
                }
            },
            {
                "query": {
                    "x1": -0.7209513356054564,
                    "x2": -1.2602722608021435
                },
                "metrics": {
                    "outcome": -0.08757667012126583
                },
                "metadata": {
                    "trials": 1
                }
            },
            {
                "query": {
                    "x1": 3.385143458843231,
                    "x2": 5.929615007713437
                },
                "metrics": {
                    "outcome": 1.9185463107393637e-20
                },
                "metadata": {
                    "trials": 1
                }
            }
        ],
        [
            {
                "query": {
                    "x1": -0.021632276361241765,
                    "x2": 1.5577070762839629
                },
                "metrics": {
                    "outcome": -0.0019103131556718837
                },
                "metadata": {
                    "trials": 1
                }
            },
            {
                "query": {
                    "x1": 4.539053784571537,
                    "x2": 5.3270802447198085
                },
                "metrics": {
                    "outcome": 2.4259236362335395e-21
                },
                "metadata": {
                    "trials": 1
                }
            },
            {
                "query": {
                    "x1": 5.905287019418537,
                    "x2": 4.562372511484323
                },
                "metrics": {
                    "outcome": 3.8583227612349545e-24
                },
                "metadata": {
                    "trials": 1
                }
            }
        ],
        [
            {
                "query": {
                    "x1": 5.543626560242775,
                    "x2": 1.4166572480568136
                },
                "metrics": {
                    "outcome": 3.353910586804806e-14
                },
                "metadata": {
                    "trials": 1
                }
            },
            {
                "query": {
                    "x1": -0.7866422033464022,
                    "x2": 1.7942485503330916
                },
                "metrics": {
                    "outcome": -0.01693935638954721
                },
                "metadata": {
                    "trials": 1
                }
            },
            {
                "query": {
                    "x1": 1.9156983534087346,
                    "x2": 4.3111040199633015
                },
                "metrics": {
                    "outcome": 4.138838153948163e-10
                },
                "metadata": {
                    "trials": 1
                }
            }
        ],
        [
            {
                "query": {
                    "x1": 5.0913332141935825,
                    "x2": 4.41085390932858
                },
                "metrics": {
                    "outcome": 9.993505948493395e-20
                },
                "metadata": {
                    "trials": 1
                }
            },
            {
                "query": {
                    "x1": -0.12264745658053355,
                    "x2": 1.0665474237562051
                },
                "metrics": {
                    "outcome": -0.03873517986497862
                },
                "metadata": {
                    "trials": 1
                }
            },
            {
                "query": {
                    "x1": 2.7831484450350077,
                    "x2": 1.989888741096102
                },
                "metrics": {
                    "outcome": 2.2954658713933457e-05
                },
                "metadata": {
                    "trials": 1
                }
            }
        ],
        [
            {
                "query": {
                    "x1": 3.571212922424463,
                    "x2": 2.726616412768763
                },
                "metrics": {
                    "outcome": 6.099289747374892e-09
                },
                "metadata": {
                    "trials": 1
                }
            },
            {
                "query": {
                    "x1": 1.6363938512710305,
                    "x2": 5.973896837610183
                },
                "metrics": {
                    "outcome": 3.5651754512964385e-17
                },
                "metadata": {
                    "trials": 1
                }
            },
            {
                "query": {
                    "x1": 4.818324902376334,
                    "x2": -0.5187226322357998
                },
                "metrics": {
                    "outcome": 3.0433206334707106e-10
                },
                "metadata": {
                    "trials": 1
                }
            }
        ],
        [
            {
                "query": {
                    "x1": 4.555025660980219,
                    "x2": -1.5745179389299186
                },
                "metrics": {
                    "outcome": 3.723695473438129e-10
                },
                "metadata": {
                    "trials": 1
                }
            },
            {
                "query": {
                    "x1": -0.6627573361968655,
                    "x2": 3.500263119967184
                },
                "metrics": {
                    "outcome": -2.0402554033342933e-06
                },
                "metadata": {
                    "trials": 1
                }
            },
            {
                "query": {
                    "x1": 0.746353916823864,
                    "x2": 3.24392618983984
                },
                "metrics": {
                    "outcome": 1.1505830325620993e-05
                },
                "metadata": {
                    "trials": 1
                }
            }
        ],
        [
            {
                "query": {
                    "x1": 4.654594306642685,
                    "x2": 1.7514963371329002
                },
                "metrics": {
                    "outcome": 8.442708751803971e-11
                },
                "metadata": {
                    "trials": 1
                }
            },
            {
                "query": {
                    "x1": -0.860921101289625,
                    "x2": 0.20645774670965222
                },
                "metrics": {
                    "outcome": -0.39315066907753093
                },
                "metadata": {
                    "trials": 1
                }
            },
            {
                "query": {
                    "x1": 5.815212827175856,
                    "x2": 3.0368686746805906
                },
                "metrics": {
                    "outcome": 1.1826261143060746e-18
                },
                "metadata": {
                    "trials": 1
                }
            }
        ],
        [
            {
                "query": {
                    "x1": -1.9097680281847715,
                    "x2": 3.536098161712289
                },
                "metrics": {
                    "outcome": -1.8475737718649933e-07
                },
                "metadata": {
                    "trials": 1
                }
            },
            {
                "query": {
                    "x1": -0.7000269629589202,
                    "x2": 2.3568506920676064
                },
                "metrics": {
                    "outcome": -0.001659200598560089
                },
                "metadata": {
                    "trials": 1
                }
            },
            {
                "query": {
                    "x1": -0.4185058174475229,
                    "x2": -1.6347521700045304
                },
                "metrics": {
                    "outcome": -0.02426728177227586
                },
                "metadata": {
                    "trials": 1
                }
            }
        ],
        [
            {
                "query": {
                    "x1": 5.674159502973014,
                    "x2": 4.711488082713924
                },
                "metrics": {
                    "outcome": 1.3514438876825555e-23
                },
                "metadata": {
                    "trials": 1
                }
            },
            {
                "query": {
                    "x1": -0.03409471735358238,
                    "x2": -0.8858619965612888
                },
                "metrics": {
                    "outcome": -0.015537066081466148
                },
                "metadata": {
                    "trials": 1
                }
            },
            {
                "query": {
                    "x1": -1.5954983051036675,
                    "x2": 2.633785209619405
                },
                "metrics": {
                    "outcome": -0.00012154168500530806
                },
                "metadata": {
                    "trials": 1
                }
            }
        ],
        [
            {
                "query": {
                    "x1": 4.810888988132589,
                    "x2": 2.701147946174534
                },
                "metrics": {
                    "outcome": 2.896882079247489e-13
                },
                "metadata": {
                    "trials": 1
                }
            },
            {
                "query": {
                    "x1": 2.698785842335875,
                    "x2": 2.405572108100409
                },
                "metrics": {
                    "outcome": 5.68647388256405e-06
                },
                "metadata": {
                    "trials": 1
                }
            },
            {
                "query": {
                    "x1": 2.206278007970467,
                    "x2": 5.488265781172611
                },
                "metrics": {
                    "outcome": 1.4068587724055207e-15
                },
                "metadata": {
                    "trials": 1
                }
            }
        ],
        [
            {
                "query": {
                    "x1": 5.94342627013515,
                    "x2": 3.459213032470747
                },
                "metrics": {
                    "outcome": 1.722052696698031e-20
                },
                "metadata": {
                    "trials": 1
                }
            },
            {
                "query": {
                    "x1": 5.57410266962618,
                    "x2": -0.6703458344263504
                },
                "metrics": {
                    "outcome": 1.1408270113251158e-13
                },
                "metadata": {
                    "trials": 1
                }
            },
            {
                "query": {
                    "x1": 3.2914626635611057,
                    "x2": -1.0802906211465597
                },
                "metrics": {
                    "outcome": 2.0208196931428715e-05
                },
                "metadata": {
                    "trials": 1
                }
            }
        ],
        [
            {
                "query": {
                    "x1": -1.6138459319177558,
                    "x2": 5.045555406980641
                },
                "metrics": {
                    "outcome": -1.0486600087795707e-12
                },
                "metadata": {
                    "trials": 1
                }
            },
            {
                "query": {
                    "x1": 2.6782860178500414,
                    "x2": -0.5850499700754881
                },
                "metrics": {
                    "outcome": 0.001458535517982055
                },
                "metadata": {
                    "trials": 1
                }
            },
            {
                "query": {
                    "x1": -1.0375334541982237,
                    "x2": -0.2571347415059577
                },
                "metrics": {
                    "outcome": -0.3309633197348713
                },
                "metadata": {
                    "trials": 1
                }
            }
        ],
        [
            {
                "query": {
                    "x1": 3.826810153136365,
                    "x2": 5.06217752367431
                },
                "metrics": {
                    "outcome": 1.2409298151447372e-17
                },
                "metadata": {
                    "trials": 1
                }
            },
            {
                "query": {
                    "x1": 1.6010272819548845,
                    "x2": 2.5678838212043047
                },
                "metrics": {
                    "outcome": 0.00016882123189802445
                },
                "metadata": {
                    "trials": 1
                }
            },
            {
                "query": {
                    "x1": -0.6179614749590714,
                    "x2": 2.3723538384809695
                },
                "metrics": {
                    "outcome": -0.001516624281698923
                },
                "metadata": {
                    "trials": 1
                }
            }
        ],
        [
            {
                "query": {
                    "x1": -1.2248730299548427,
                    "x2": -1.1573005199858113
                },
                "metrics": {
                    "outcome": -0.07158847057560698
                },
                "metadata": {
                    "trials": 1
                }
            },
            {
                "query": {
                    "x1": 3.486586131155491,
                    "x2": -0.5500474721193314
                },
                "metrics": {
                    "outcome": 1.3539326949995794e-05
                },
                "metadata": {
                    "trials": 1
                }
            },
            {
                "query": {
                    "x1": -0.8006368074566126,
                    "x2": 0.8436851818114519
                },
                "metrics": {
                    "outcome": -0.20697198312414603
                },
                "metadata": {
                    "trials": 1
                }
            }
        ],
        [
            {
                "query": {
                    "x1": -1.9531549528969159,
                    "x2": 0.11197999111593804
                },
                "metrics": {
                    "outcome": -0.04251459718999323
                },
                "metadata": {
                    "trials": 1
                }
            },
            {
                "query": {
                    "x1": 3.042800997811084,
                    "x2": 1.1748787618069558
                },
                "metrics": {
                    "outcome": 7.291621285193457e-05
                },
                "metadata": {
                    "trials": 1
                }
            },
            {
                "query": {
                    "x1": 1.508968961213542,
                    "x2": -0.7064657813585398
                },
                "metrics": {
                    "outcome": 0.09398175458873023
                },
                "metadata": {
                    "trials": 1
                }
            }
        ],
        [
            {
                "query": {
                    "x1": -0.4945812168414001,
                    "x2": -0.053711644403118264
                },
                "metrics": {
                    "outcome": -0.38614612388093683
                },
                "metadata": {
                    "trials": 1
                }
            },
            {
                "query": {
                    "x1": -1.4587131831794977,
                    "x2": 1.4511670768260956
                },
                "metrics": {
                    "outcome": -0.021148731112842257
                },
                "metadata": {
                    "trials": 1
                }
            },
            {
                "query": {
                    "x1": 1.1597670680643337,
                    "x2": 4.2635013056568996
                },
                "metrics": {
                    "outcome": 3.853500604104109e-09
                },
                "metadata": {
                    "trials": 1
                }
            }
        ],
        [
            {
                "query": {
                    "x1": 5.163965277363718,
                    "x2": 0.9185845459896322
                },
                "metrics": {
                    "outcome": 5.826351041193503e-12
                },
                "metadata": {
                    "trials": 1
                }
            },
            {
                "query": {
                    "x1": 2.4026306588202715,
                    "x2": 4.899720564484596
                },
                "metrics": {
                    "outcome": 2.801835564354079e-13
                },
                "metadata": {
                    "trials": 1
                }
            },
            {
                "query": {
                    "x1": 0.45287901878061065,
                    "x2": 4.626750637114067
                },
                "metrics": {
                    "outcome": 1.8622767724605853e-10
                },
                "metadata": {
                    "trials": 1
                }
            }
        ],
        [
            {
                "query": {
                    "x1": 4.3619171211398,
                    "x2": 3.6047232505938904
                },
                "metrics": {
                    "outcome": 5.412722950473627e-14
                },
                "metadata": {
                    "trials": 1
                }
            },
            {
                "query": {
                    "x1": -1.2006328620370406,
                    "x2": -0.04516058356843988
                },
                "metrics": {
                    "outcome": -0.28345271923578164
                },
                "metadata": {
                    "trials": 1
                }
            },
            {
                "query": {
                    "x1": 1.401851436123252,
                    "x2": -1.5311875473707914
                },
                "metrics": {
                    "outcome": 0.018837062563812634
                },
                "metadata": {
                    "trials": 1
                }
            }
        ],
        [
            {
                "query": {
                    "x1": 2.4186335504055023,
                    "x2": -0.676862208172679
                },
                "metrics": {
                    "outcome": 0.004406264644222434
                },
                "metadata": {
                    "trials": 1
                }
            },
            {
                "query": {
                    "x1": -0.2541023087328118,
                    "x2": 1.0847579950518336
                },
                "metrics": {
                    "outcome": -0.0734400248787231
                },
                "metadata": {
                    "trials": 1
                }
            },
            {
                "query": {
                    "x1": 3.9525831345413174,
                    "x2": 0.5951160421227608
                },
                "metrics": {
                    "outcome": 4.551188625377649e-07
                },
                "metadata": {
                    "trials": 1
                }
            }
        ],
        [
            {
                "query": {
                    "x1": 3.1964864571445117,
                    "x2": 3.4755040053194444
                },
                "metrics": {
                    "outcome": 6.627644040329839e-10
                },
                "metadata": {
                    "trials": 1
                }
            },
            {
                "query": {
                    "x1": 0.8090644534640123,
                    "x2": 2.2441817967034643
                },
                "metrics": {
                    "outcome": 0.002731747072763483
                },
                "metadata": {
                    "trials": 1
                }
            },
            {
                "query": {
                    "x1": -0.7971784353309126,
                    "x2": -0.6105237948570263
                },
                "metrics": {
                    "outcome": -0.290861083125909
                },
                "metadata": {
                    "trials": 1
                }
            }
        ],
        [
            {
                "query": {
                    "x1": 2.114599639862198,
                    "x2": 3.8179891553628753
                },
                "metrics": {
                    "outcome": 1.1285949089327121e-08
                },
                "metadata": {
                    "trials": 1
                }
            },
            {
                "query": {
                    "x1": 2.161693508551525,
                    "x2": 1.9079717586728777
                },
                "metrics": {
                    "outcome": 0.0005301327502736972
                },
                "metadata": {
                    "trials": 1
                }
            },
            {
                "query": {
                    "x1": 3.1988669153162927,
                    "x2": -0.7661701634573466
                },
                "metrics": {
                    "outcome": 6.397810751898799e-05
                },
                "metadata": {
                    "trials": 1
                }
            }
        ],
        [
            {
                "query": {
                    "x1": 3.5547744393308447,
                    "x2": -1.6094149672613813
                },
                "metrics": {
                    "outcome": 8.668965047504224e-07
                },
                "metadata": {
                    "trials": 1
                }
            },
            {
                "query": {
                    "x1": -0.5773381441831589,
                    "x2": -0.550037145614624
                },
                "metrics": {
                    "outcome": -0.30568890638460733
                },
                "metadata": {
                    "trials": 1
                }
            },
            {
                "query": {
                    "x1": 3.16538681437407,
                    "x2": 5.350664170264176
                },
                "metrics": {
                    "outcome": 5.191076520326289e-17
                },
                "metadata": {
                    "trials": 1
                }
            }
        ],
        [
            {
                "query": {
                    "x1": 2.620787982755324,
                    "x2": 0.9890165180949859
                },
                "metrics": {
                    "outcome": 0.0010248507422748131
                },
                "metadata": {
                    "trials": 1
                }
            },
            {
                "query": {
                    "x1": 4.730554711657985,
                    "x2": -1.7327613171089327
                },
                "metrics": {
                    "outcome": 4.4900724240205514e-11
                },
                "metadata": {
                    "trials": 1
                }
            },
            {
                "query": {
                    "x1": 2.4891701992601156,
                    "x2": -1.5872833356261253
                },
                "metrics": {
                    "outcome": 0.0004083086122908278
                },
                "metadata": {
                    "trials": 1
                }
            }
        ],
        [
            {
                "query": {
                    "x1": 2.765311348787362,
                    "x2": 5.753423380011564
                },
                "metrics": {
                    "outcome": 5.555883524012255e-18
                },
                "metadata": {
                    "trials": 1
                }
            },
            {
                "query": {
                    "x1": 0.043753351712291,
                    "x2": 3.9284320949680627
                },
                "metrics": {
                    "outcome": 8.667545931473755e-09
                },
                "metadata": {
                    "trials": 1
                }
            },
            {
                "query": {
                    "x1": -1.9943728015406732,
                    "x2": 4.647090341286566
                },
                "metrics": {
                    "outcome": -1.561729915491085e-11
                },
                "metadata": {
                    "trials": 1
                }
            }
        ],
        [
            {
                "query": {
                    "x1": 0.8430751990526915,
                    "x2": 3.2544815372675657
                },
                "metrics": {
                    "outcome": 1.0406031286309957e-05
                },
                "metadata": {
                    "trials": 1
                }
            },
            {
                "query": {
                    "x1": 2.9955793507067954,
                    "x2": 3.267992840479611
                },
                "metrics": {
                    "outcome": 8.733189367284746e-09
                },
                "metadata": {
                    "trials": 1
                }
            },
            {
                "query": {
                    "x1": 3.858976123734341,
                    "x2": 5.309358798929294
                },
                "metrics": {
                    "outcome": 7.527259888366728e-19
                },
                "metadata": {
                    "trials": 1
                }
            }
        ],
        [
            {
                "query": {
                    "x1": 1.422194225426419,
                    "x2": 2.4044037998471754
                },
                "metrics": {
                    "outcome": 0.0005805160321331616
                },
                "metadata": {
                    "trials": 1
                }
            },
            {
                "query": {
                    "x1": -1.1405682004988194,
                    "x2": 0.47994524613022804
                },
                "metrics": {
                    "outcome": -0.24666683487014843
                },
                "metadata": {
                    "trials": 1
                }
            },
            {
                "query": {
                    "x1": 3.6890649534761906,
                    "x2": 0.060085225850343704
                },
                "metrics": {
                    "outcome": 4.518016718374561e-06
                },
                "metadata": {
                    "trials": 1
                }
            }
        ],
        [
            {
                "query": {
                    "x1": -0.5766523685306311,
                    "x2": -0.5635434594005346
                },
                "metrics": {
                    "outcome": -0.30100606657971807
                },
                "metadata": {
                    "trials": 1
                }
            },
            {
                "query": {
                    "x1": 2.3185284964955315,
                    "x2": -1.1022702642324669
                },
                "metrics": {
                    "outcome": 0.0031839223184155735
                },
                "metadata": {
                    "trials": 1
                }
            },
            {
                "query": {
                    "x1": 1.6055563812302807,
                    "x2": 0.18473759119540656
                },
                "metrics": {
                    "outcome": 0.11783512004037701
                },
                "metadata": {
                    "trials": 1
                }
            }
        ],
        [
            {
                "query": {
                    "x1": 2.9451613631061386,
                    "x2": 1.392816818709019
                },
                "metrics": {
                    "outcome": 7.236769662280415e-05
                },
                "metadata": {
                    "trials": 1
                }
            },
            {
                "query": {
                    "x1": -0.7037874180823565,
                    "x2": 0.7608637642115355
                },
                "metrics": {
                    "outcome": -0.24038599648394593
                },
                "metadata": {
                    "trials": 1
                }
            },
            {
                "query": {
                    "x1": -0.5551743886192333,
                    "x2": 1.70619569887412
                },
                "metrics": {
                    "outcome": -0.022197061460763015
                },
                "metadata": {
                    "trials": 1
                }
            }
        ],
        [
            {
                "query": {
                    "x1": 2.6669083972521204,
                    "x2": -1.345416868284348
                },
                "metrics": {
                    "outcome": 0.00035562738346315485
                },
                "metadata": {
                    "trials": 1
                }
            },
            {
                "query": {
                    "x1": 0.41058610727524014,
                    "x2": 4.046989393268376
                },
                "metrics": {
                    "outcome": 2.6746192481819235e-08
                },
                "metadata": {
                    "trials": 1
                }
            },
            {
                "query": {
                    "x1": 0.5844002373135457,
                    "x2": 4.96656475576564
                },
                "metrics": {
                    "outcome": 8.049120351209148e-12
                },
                "metadata": {
                    "trials": 1
                }
            }
        ],
        [
            {
                "query": {
                    "x1": 2.8176430023457364,
                    "x2": 4.582028141415698
                },
                "metrics": {
                    "outcome": 7.655412792542199e-13
                },
                "metadata": {
                    "trials": 1
                }
            },
            {
                "query": {
                    "x1": -1.56382384455762,
                    "x2": -0.10156274967568124
                },
                "metrics": {
                    "outcome": -0.13415948441890993
                },
                "metadata": {
                    "trials": 1
                }
            },
            {
                "query": {
                    "x1": 1.4940419828108715,
                    "x2": 3.5619910542065476
                },
                "metrics": {
                    "outcome": 4.951245304313857e-07
                },
                "metadata": {
                    "trials": 1
                }
            }
        ],
        [
            {
                "query": {
                    "x1": 2.3080887608230114,
                    "x2": 4.031006021425128
                },
                "metrics": {
                    "outcome": 9.835393518990794e-10
                },
                "metadata": {
                    "trials": 1
                }
            },
            {
                "query": {
                    "x1": 4.446016783409522,
                    "x2": 1.1915848681843104
                },
                "metrics": {
                    "outcome": 2.796405076383723e-09
                },
                "metadata": {
                    "trials": 1
                }
            },
            {
                "query": {
                    "x1": 4.982895531740547,
                    "x2": 1.1833848758620507
                },
                "metrics": {
                    "outcome": 2.0234410099436678e-11
                },
                "metadata": {
                    "trials": 1
                }
            }
        ],
        [
            {
                "query": {
                    "x1": 2.3248574580328683,
                    "x2": 3.901329514936627
                },
                "metrics": {
                    "outcome": 2.564056004494991e-09
                },
                "metadata": {
                    "trials": 1
                }
            },
            {
                "query": {
                    "x1": -0.5263399388641119,
                    "x2": 2.023589923977852
                },
                "metrics": {
                    "outcome": -0.006645881662366639
                },
                "metadata": {
                    "trials": 1
                }
            },
            {
                "query": {
                    "x1": 2.3739700831463404,
                    "x2": -1.63296371422198
                },
                "metrics": {
                    "outcome": 0.0005886135195659118
                },
                "metadata": {
                    "trials": 1
                }
            }
        ],
        [
            {
                "query": {
                    "x1": 0.5415958232146707,
                    "x2": 3.4324897212903505
                },
                "metrics": {
                    "outcome": 3.0862710002999062e-06
                },
                "metadata": {
                    "trials": 1
                }
            },
            {
                "query": {
                    "x1": 5.058017006143928,
                    "x2": 0.4541680831462145
                },
                "metrics": {
                    "outcome": 3.188676215537711e-11
                },
                "metadata": {
                    "trials": 1
                }
            },
            {
                "query": {
                    "x1": 4.413104546599998,
                    "x2": 3.2087609873020133
                },
                "metrics": {
                    "outcome": 5.18902499177232e-13
                },
                "metadata": {
                    "trials": 1
                }
            }
        ],
        [
            {
                "query": {
                    "x1": 0.48279840499162674,
                    "x2": 4.519510498270392
                },
                "metrics": {
                    "outcome": 5.148088046692497e-10
                },
                "metadata": {
                    "trials": 1
                }
            },
            {
                "query": {
                    "x1": 3.5394512713478017,
                    "x2": 3.325843763632938
                },
                "metrics": {
                    "outcome": 2.0155066331434432e-10
                },
                "metadata": {
                    "trials": 1
                }
            },
            {
                "query": {
                    "x1": 2.608242537754159,
                    "x2": 1.1934609125622435
                },
                "metrics": {
                    "outcome": 0.000697086223525394
                },
                "metadata": {
                    "trials": 1
                }
            }
        ],
        [
            {
                "query": {
                    "x1": -0.7497514609754885,
                    "x2": 0.799609684982046
                },
                "metrics": {
                    "outcome": -0.2254816688916016
                },
                "metadata": {
                    "trials": 1
                }
            },
            {
                "query": {
                    "x1": 4.686383335443024,
                    "x2": 2.3085750305489254
                },
                "metrics": {
                    "outcome": 6.579605694420524e-12
                },
                "metadata": {
                    "trials": 1
                }
            },
            {
                "query": {
                    "x1": -0.021184235238755456,
                    "x2": 0.37612726750950465
                },
                "metrics": {
                    "outcome": -0.01838135418033925
                },
                "metadata": {
                    "trials": 1
                }
            }
        ]
    ]
}