{
    "date": "04/11/2022 13:59:27",
    "basic_params": {
        "active_variables": [
            "x1",
            "x2"
        ],
        "default_query": {},
        "metric": "basic",
        "n_trials": 1
    },
    "objective_function": {
        "name": "Goldstein",
        "params": {}
    },
    "optimizer": {
        "name": "BBO-LP(LCB)",
        "params": {
            "lower_bound": [
                -2.0,
                -2.0
            ],
            "upper_bound": [
                2.0,
                2.0
            ],
            "invert_metric": false,
            "bopt_params": {
                "n_init_samples": 15,
                "n_iterations": 45,
                "n_iter_relearn": 5,
                "verbose_level": 1,
                "n_parallel_samples": 3,
                "par_type": "PAR_BBO",
                "crit_name": "cLP(cLCB)",
                "n_crit_params": 3,
                "crit_params": [
                    3,
                    1,
                    1.0
                ]
            }
        }
    },
    "iterations": [
        [
            {
                "query": {
                    "x1": -0.7600229535872738,
                    "x2": 0.7636726635818678
                },
                "metrics": {
                    "outcome": 36357.12368418999
                },
                "metadata": {
                    "trials": 1
                }
            }
        ],
        [
            {
                "query": {
                    "x1": 1.8107566543544333,
                    "x2": -1.4948923291638494
                },
                "metrics": {
                    "outcome": 151026.27192408877
                },
                "metadata": {
                    "trials": 1
                }
            }
        ],
        [
            {
                "query": {
                    "x1": 0.48925619199872017,
                    "x2": -0.6668135557944577
                },
                "metrics": {
                    "outcome": 47.037513692200825
                },
                "metadata": {
                    "trials": 1
                }
            }
        ],
        [
            {
                "query": {
                    "x1": 0.9077554538846018,
                    "x2": 0.5989290549730262
                },
                "metrics": {
                    "outcome": 919.3091922014639
                },
                "metadata": {
                    "trials": 1
                }
            }
        ],
        [
            {
                "query": {
                    "x1": -0.1840890198325118,
                    "x2": -0.942753028931717
                },
                "metrics": {
                    "outcome": 17.18286922635889
                },
                "metadata": {
                    "trials": 1
                }
            }
        ],
        [
            {
                "query": {
                    "x1": 0.2553926069289445,
                    "x2": 1.0209010912726324
                },
                "metrics": {
                    "outcome": 17391.652036889634
                },
                "metadata": {
                    "trials": 1
                }
            }
        ],
        [
            {
                "query": {
                    "x1": 1.5719367284948627,
                    "x2": -0.5940404259289305
                },
                "metrics": {
                    "outcome": 10581.484445338034
                },
                "metadata": {
                    "trials": 1
                }
            }
        ],
        [
            {
                "query": {
                    "x1": -0.41536770910024634,
                    "x2": 1.840366400095324
                },
                "metrics": {
                    "outcome": 304249.42628569703
                },
                "metadata": {
                    "trials": 1
                }
            }
        ],
        [
            {
                "query": {
                    "x1": -1.5195441545918584,
                    "x2": 1.2390933747713766
                },
                "metrics": {
                    "outcome": 156397.60769904
                },
                "metadata": {
                    "trials": 1
                }
            }
        ],
        [
            {
                "query": {
                    "x1": -1.1900641648098826,
                    "x2": -1.7458791344737012
                },
                "metrics": {
                    "outcome": 1187.450781000416
                },
                "metadata": {
                    "trials": 1
                }
            }
        ],
        [
            {
                "query": {
                    "x1": -0.021380120019117932,
                    "x2": 0.18028326543668927
                },
                "metrics": {
                    "outcome": 937.2277843489165
                },
                "metadata": {
                    "trials": 1
                }
            }
        ],
        [
            {
                "query": {
                    "x1": -1.8407241376737753,
                    "x2": 1.5771214233711364
                },
                "metrics": {
                    "outcome": 346955.38270912383
                },
                "metadata": {
                    "trials": 1
                }
            }
        ],
        [
            {
                "query": {
                    "x1": 1.0532749498263003,
                    "x2": 0.06110874563455582
                },
                "metrics": {
                    "outcome": 781.9411350253089
                },
                "metadata": {
                    "trials": 1
                }
            }
        ],
        [
            {
                "query": {
                    "x1": -1.339977953520914,
                    "x2": -0.29601133329172935
                },
                "metrics": {
                    "outcome": 4468.145619413862
                },
                "metadata": {
                    "trials": 1
                }
            }
        ],
        [
            {
                "query": {
                    "x1": 1.3561716000239055,
                    "x2": -1.3962696531787515
                },
                "metrics": {
                    "outcome": 46299.59639863897
                },
                "metadata": {
                    "trials": 1
                }
            }
        ],
        [
            {
                "query": {
                    "x1": 0.0,
                    "x2": -1.3333333333333333
                },
                "metrics": {
                    "outcome": 358.2222222222221
                },
                "metadata": {
                    "trials": 1
                }
            },
            {
                "query": {
                    "x1": 0.0,
                    "x2": -1.3333333333333333
                },
                "metrics": {
                    "outcome": 358.2222222222221
                },
                "metadata": {
                    "trials": 1
                }
            },
            {
                "query": {
                    "x1": 0.0,
                    "x2": -1.3333333333333333
                },
                "metrics": {
                    "outcome": 358.2222222222221
                },
                "metadata": {
                    "trials": 1
                }
            }
        ],
        [
            {
                "query": {
                    "x1": 0.44444444444444464,
                    "x2": -1.3333333333333333
                },
                "metrics": {
                    "outcome": 431.5075008849115
                },
                "metadata": {
                    "trials": 1
                }
            },
            {
                "query": {
                    "x1": 0.44444444444444464,
                    "x2": -1.3333333333333333
                },
                "metrics": {
                    "outcome": 431.5075008849115
                },
                "metadata": {
                    "trials": 1
                }
            },
            {
                "query": {
                    "x1": 0.44444444444444464,
                    "x2": -1.3333333333333333
                },
                "metrics": {
                    "outcome": 431.5075008849115
                },
                "metadata": {
                    "trials": 1
                }
            }
        ],
        [
            {
                "query": {
                    "x1": -1.3333333333333333,
                    "x2": -1.3333333333333333
                },
                "metrics": {
                    "outcome": 7272.855967078188
                },
                "metadata": {
                    "trials": 1
                }
            },
            {
                "query": {
                    "x1": -1.3333333333333333,
                    "x2": -1.3333333333333333
                },
                "metrics": {
                    "outcome": 7272.855967078188
                },
                "metadata": {
                    "trials": 1
                }
            },
            {
                "query": {
                    "x1": -1.3333333333333333,
                    "x2": -1.3333333333333333
                },
                "metrics": {
                    "outcome": 7272.855967078188
                },
                "metadata": {
                    "trials": 1
                }
            }
        ],
        [
            {
                "query": {
                    "x1": 0.0,
                    "x2": -0.8888888888888888
                },
                "metrics": {
                    "outcome": 8.924791275042775
                },
                "metadata": {
                    "trials": 1
                }
            },
            {
                "query": {
                    "x1": 0.0,
                    "x2": -0.8888888888888888
                },
                "metrics": {
                    "outcome": 8.924791275042775
                },
                "metadata": {
                    "trials": 1
                }
            },
            {
                "query": {
                    "x1": 0.0,
                    "x2": -0.8888888888888888
                },
                "metrics": {
                    "outcome": 8.924791275042775
                },
                "metadata": {
                    "trials": 1
                }
            }
        ],
        [
            {
                "query": {
                    "x1": 0.44444444444444464,
                    "x2": -0.8888888888888888
                },
                "metrics": {
                    "outcome": 159.8574926996188
                },
                "metadata": {
                    "trials": 1
                }
            },
            {
                "query": {
                    "x1": 0.44444444444444464,
                    "x2": -0.8888888888888888
                },
                "metrics": {
                    "outcome": 159.8574926996188
                },
                "metadata": {
                    "trials": 1
                }
            },
            {
                "query": {
                    "x1": 0.44444444444444464,
                    "x2": -0.8888888888888888
                },
                "metrics": {
                    "outcome": 159.8574926996188
                },
                "metadata": {
                    "trials": 1
                }
            }
        ],
        [
            {
                "query": {
                    "x1": 0.0,
                    "x2": -1.037037037037037
                },
                "metrics": {
                    "outcome": 3.6473578040422234
                },
                "metadata": {
                    "trials": 1
                }
            },
            {
                "query": {
                    "x1": 0.0,
                    "x2": -1.037037037037037
                },
                "metrics": {
                    "outcome": 3.6473578040422234
                },
                "metadata": {
                    "trials": 1
                }
            },
            {
                "query": {
                    "x1": 0.0,
                    "x2": -1.037037037037037
                },
                "metrics": {
                    "outcome": 3.6473578040422234
                },
                "metadata": {
                    "trials": 1
                }
            }
        ],
        [
            {
                "query": {
                    "x1": -0.4444444444444444,
                    "x2": -0.7407407407407407
                },
                "metrics": {
                    "outcome": 79.36255325928306
                },
                "metadata": {
                    "trials": 1
                }
            },
            {
                "query": {
                    "x1": -0.4444444444444444,
                    "x2": -0.7407407407407407
                },
                "metrics": {
                    "outcome": 79.36255325928306
                },
                "metadata": {
                    "trials": 1
                }
            },
            {
                "query": {
                    "x1": -0.4444444444444444,
                    "x2": -0.7407407407407407
                },
                "metrics": {
                    "outcome": 79.36255325928306
                },
                "metadata": {
                    "trials": 1
                }
            }
        ],
        [
            {
                "query": {
                    "x1": 1.333333333333333,
                    "x2": 0.44444444444444464
                },
                "metrics": {
                    "outcome": 963.7364222933496
                },
                "metadata": {
                    "trials": 1
                }
            },
            {
                "query": {
                    "x1": 1.333333333333333,
                    "x2": 0.44444444444444464
                },
                "metrics": {
                    "outcome": 963.7364222933496
                },
                "metadata": {
                    "trials": 1
                }
            },
            {
                "query": {
                    "x1": 1.333333333333333,
                    "x2": 0.44444444444444464
                },
                "metrics": {
                    "outcome": 963.7364222933496
                },
                "metadata": {
                    "trials": 1
                }
            }
        ],
        [
            {
                "query": {
                    "x1": 0.14814814814814792,
                    "x2": -0.691358024691358
                },
                "metrics": {
                    "outcome": 85.8907377141096
                },
                "metadata": {
                    "trials": 1
                }
            },
            {
                "query": {
                    "x1": 0.14814814814814792,
                    "x2": -0.691358024691358
                },
                "metrics": {
                    "outcome": 85.8907377141096
                },
                "metadata": {
                    "trials": 1
                }
            },
            {
                "query": {
                    "x1": 0.14814814814814792,
                    "x2": -0.691358024691358
                },
                "metrics": {
                    "outcome": 85.8907377141096
                },
                "metadata": {
                    "trials": 1
                }
            }
        ],
        [
            {
                "query": {
                    "x1": 0.19753086419753085,
                    "x2": -1.037037037037037
                },
                "metrics": {
                    "outcome": 27.725453731624366
                },
                "metadata": {
                    "trials": 1
                }
            },
            {
                "query": {
                    "x1": 0.19753086419753085,
                    "x2": -1.037037037037037
                },
                "metrics": {
                    "outcome": 27.725453731624366
                },
                "metadata": {
                    "trials": 1
                }
            },
            {
                "query": {
                    "x1": 0.19753086419753085,
                    "x2": -1.037037037037037
                },
                "metrics": {
                    "outcome": 27.725453731624366
                },
                "metadata": {
                    "trials": 1
                }
            }
        ],
        [
            {
                "query": {
                    "x1": 0.5925925925925926,
                    "x2": -1.037037037037037
                },
                "metrics": {
                    "outcome": 1036.0230689606099
                },
                "metadata": {
                    "trials": 1
                }
            },
            {
                "query": {
                    "x1": 0.5925925925925926,
                    "x2": -1.037037037037037
                },
                "metrics": {
                    "outcome": 1036.0230689606099
                },
                "metadata": {
                    "trials": 1
                }
            },
            {
                "query": {
                    "x1": 0.5925925925925926,
                    "x2": -1.037037037037037
                },
                "metrics": {
                    "outcome": 1036.0230689606099
                },
                "metadata": {
                    "trials": 1
                }
            }
        ],
        [
            {
                "query": {
                    "x1": 0.19753086419753085,
                    "x2": -1.1028806584362139
                },
                "metrics": {
                    "outcome": 37.25729056178982
                },
                "metadata": {
                    "trials": 1
                }
            },
            {
                "query": {
                    "x1": 0.19753086419753085,
                    "x2": -1.1028806584362139
                },
                "metrics": {
                    "outcome": 37.25729056178982
                },
                "metadata": {
                    "trials": 1
                }
            },
            {
                "query": {
                    "x1": 0.19753086419753085,
                    "x2": -1.1028806584362139
                },
                "metrics": {
                    "outcome": 37.25729056178982
                },
                "metadata": {
                    "trials": 1
                }
            }
        ],
        [
            {
                "query": {
                    "x1": 0.05086073803391411,
                    "x2": -0.9767033429717471
                },
                "metrics": {
                    "outcome": 3.6139050974879896
                },
                "metadata": {
                    "trials": 1
                }
            },
            {
                "query": {
                    "x1": 0.05086073803391411,
                    "x2": -0.9767033429717471
                },
                "metrics": {
                    "outcome": 3.6139050974879896
                },
                "metadata": {
                    "trials": 1
                }
            },
            {
                "query": {
                    "x1": 0.05086073803391411,
                    "x2": -0.9767033429717471
                },
                "metrics": {
                    "outcome": 3.6139050974879896
                },
                "metadata": {
                    "trials": 1
                }
            }
        ],
        [
            {
                "query": {
                    "x1": 0.399930567755272,
                    "x2": -0.7642898514848553
                },
                "metrics": {
                    "outcome": 36.246088438595514
                },
                "metadata": {
                    "trials": 1
                }
            },
            {
                "query": {
                    "x1": 0.399930567755272,
                    "x2": -0.7642898514848553
                },
                "metrics": {
                    "outcome": 36.246088438595514
                },
                "metadata": {
                    "trials": 1
                }
            },
            {
                "query": {
                    "x1": 0.399930567755272,
                    "x2": -0.7642898514848553
                },
                "metrics": {
                    "outcome": 36.246088438595514
                },
                "metadata": {
                    "trials": 1
                }
            }
        ],
        [
            {
                "query": {
                    "x1": -0.6786393454718933,
                    "x2": -0.8029566540519353
                },
                "metrics": {
                    "outcome": 410.69391263726305
                },
                "metadata": {
                    "trials": 1
                }
            },
            {
                "query": {
                    "x1": -0.6786393454718933,
                    "x2": -0.8029566540519353
                },
                "metrics": {
                    "outcome": 410.69391263726305
                },
                "metadata": {
                    "trials": 1
                }
            },
            {
                "query": {
                    "x1": -0.6786393454718933,
                    "x2": -0.8029566540519353
                },
                "metrics": {
                    "outcome": 410.69391263726305
                },
                "metadata": {
                    "trials": 1
                }
            }
        ],
        [
            {
                "query": {
                    "x1": 0.3560165243641982,
                    "x2": -0.6713112480739243
                },
                "metrics": {
                    "outcome": 64.32528448178259
                },
                "metadata": {
                    "trials": 1
                }
            },
            {
                "query": {
                    "x1": 0.3560165243641982,
                    "x2": -0.6713112480739243
                },
                "metrics": {
                    "outcome": 64.32528448178259
                },
                "metadata": {
                    "trials": 1
                }
            },
            {
                "query": {
                    "x1": 0.3560165243641982,
                    "x2": -0.6713112480739243
                },
                "metrics": {
                    "outcome": 64.32528448178259
                },
                "metadata": {
                    "trials": 1
                }
            }
        ],
        [
            {
                "query": {
                    "x1": 0.07300958177822325,
                    "x2": -1.0221999487487095
                },
                "metrics": {
                    "outcome": 5.261753203521787
                },
                "metadata": {
                    "trials": 1
                }
            },
            {
                "query": {
                    "x1": 0.07300958177822325,
                    "x2": -1.0221999487487095
                },
                "metrics": {
                    "outcome": 5.261753203521787
                },
                "metadata": {
                    "trials": 1
                }
            },
            {
                "query": {
                    "x1": 0.07300958177822325,
                    "x2": -1.0221999487487095
                },
                "metrics": {
                    "outcome": 5.261753203521787
                },
                "metadata": {
                    "trials": 1
                }
            }
        ],
        [
            {
                "query": {
                    "x1": 0.2014132405005431,
                    "x2": -0.8842019813773967
                },
                "metrics": {
                    "outcome": 12.501144201011986
                },
                "metadata": {
                    "trials": 1
                }
            },
            {
                "query": {
                    "x1": 0.2014132405005431,
                    "x2": -0.8842019813773967
                },
                "metrics": {
                    "outcome": 12.501144201011986
                },
                "metadata": {
                    "trials": 1
                }
            },
            {
                "query": {
                    "x1": 0.2014132405005431,
                    "x2": -0.8842019813773967
                },
                "metrics": {
                    "outcome": 12.501144201011986
                },
                "metadata": {
                    "trials": 1
                }
            }
        ],
        [
            {
                "query": {
                    "x1": 0.45819490944425745,
                    "x2": -0.7041298221065431
                },
                "metrics": {
                    "outcome": 42.013940986173864
                },
                "metadata": {
                    "trials": 1
                }
            },
            {
                "query": {
                    "x1": 0.45819490944425745,
                    "x2": -0.7041298221065431
                },
                "metrics": {
                    "outcome": 42.013940986173864
                },
                "metadata": {
                    "trials": 1
                }
            },
            {
                "query": {
                    "x1": 0.45819490944425745,
                    "x2": -0.7041298221065431
                },
                "metrics": {
                    "outcome": 42.013940986173864
                },
                "metadata": {
                    "trials": 1
                }
            }
        ],
        [
            {
                "query": {
                    "x1": -0.011304822858761998,
                    "x2": -0.9393756156954842
                },
                "metrics": {
                    "outcome": 4.709183309520268
                },
                "metadata": {
                    "trials": 1
                }
            },
            {
                "query": {
                    "x1": -0.011304822858761998,
                    "x2": -0.9393756156954842
                },
                "metrics": {
                    "outcome": 4.709183309520268
                },
                "metadata": {
                    "trials": 1
                }
            },
            {
                "query": {
                    "x1": -0.011304822858761998,
                    "x2": -0.9393756156954842
                },
                "metrics": {
                    "outcome": 4.709183309520268
                },
                "metadata": {
                    "trials": 1
                }
            }
        ],
        [
            {
                "query": {
                    "x1": -0.12427677289363781,
                    "x2": -0.7622947169425516
                },
                "metrics": {
                    "outcome": 30.227070645474562
                },
                "metadata": {
                    "trials": 1
                }
            },
            {
                "query": {
                    "x1": -0.12427677289363781,
                    "x2": -0.7622947169425516
                },
                "metrics": {
                    "outcome": 30.227070645474562
                },
                "metadata": {
                    "trials": 1
                }
            },
            {
                "query": {
                    "x1": -0.12427677289363781,
                    "x2": -0.7622947169425516
                },
                "metrics": {
                    "outcome": 30.227070645474562
                },
                "metadata": {
                    "trials": 1
                }
            }
        ],
        [
            {
                "query": {
                    "x1": 0.2833561144742198,
                    "x2": -0.8335176527527921
                },
                "metrics": {
                    "outcome": 20.874654053907054
                },
                "metadata": {
                    "trials": 1
                }
            },
            {
                "query": {
                    "x1": 0.2833561144742198,
                    "x2": -0.8335176527527921
                },
                "metrics": {
                    "outcome": 20.874654053907054
                },
                "metadata": {
                    "trials": 1
                }
            },
            {
                "query": {
                    "x1": 0.2833561144742198,
                    "x2": -0.8335176527527921
                },
                "metrics": {
                    "outcome": 20.874654053907054
                },
                "metadata": {
                    "trials": 1
                }
            }
        ],
        [
            {
                "query": {
                    "x1": 0.09646935322514594,
                    "x2": -1.0468278880236475
                },
                "metrics": {
                    "outcome": 8.451896905904176
                },
                "metadata": {
                    "trials": 1
                }
            },
            {
                "query": {
                    "x1": 0.09646935322514594,
                    "x2": -1.0468278880236475
                },
                "metrics": {
                    "outcome": 8.451896905904176
                },
                "metadata": {
                    "trials": 1
                }
            },
            {
                "query": {
                    "x1": 0.09646935322514594,
                    "x2": -1.0468278880236475
                },
                "metrics": {
                    "outcome": 8.451896905904176
                },
                "metadata": {
                    "trials": 1
                }
            }
        ],
        [
            {
                "query": {
                    "x1": -0.06841236525309302,
                    "x2": -0.9821202409354244
                },
                "metrics": {
                    "outcome": 4.566059383204058
                },
                "metadata": {
                    "trials": 1
                }
            },
            {
                "query": {
                    "x1": -0.06841236525309302,
                    "x2": -0.9821202409354244
                },
                "metrics": {
                    "outcome": 4.566059383204058
                },
                "metadata": {
                    "trials": 1
                }
            },
            {
                "query": {
                    "x1": -0.06841236525309302,
                    "x2": -0.9821202409354244
                },
                "metrics": {
                    "outcome": 4.566059383204058
                },
                "metadata": {
                    "trials": 1
                }
            }
        ],
        [
            {
                "query": {
                    "x1": 0.010429319343510546,
                    "x2": -0.9669813100669544
                },
                "metrics": {
                    "outcome": 3.423643141088639
                },
                "metadata": {
                    "trials": 1
                }
            },
            {
                "query": {
                    "x1": 0.010429319343510546,
                    "x2": -0.9669813100669544
                },
                "metrics": {
                    "outcome": 3.423643141088639
                },
                "metadata": {
                    "trials": 1
                }
            },
            {
                "query": {
                    "x1": 0.010429319343510546,
                    "x2": -0.9669813100669544
                },
                "metrics": {
                    "outcome": 3.423643141088639
                },
                "metadata": {
                    "trials": 1
                }
            }
        ],
        [
            {
                "query": {
                    "x1": -0.03687560765980824,
                    "x2": -1.0248149774842583
                },
                "metrics": {
                    "outcome": 3.425255452433681
                },
                "metadata": {
                    "trials": 1
                }
            },
            {
                "query": {
                    "x1": -0.03687560765980824,
                    "x2": -1.0248149774842583
                },
                "metrics": {
                    "outcome": 3.425255452433681
                },
                "metadata": {
                    "trials": 1
                }
            },
            {
                "query": {
                    "x1": -0.03687560765980824,
                    "x2": -1.0248149774842583
                },
                "metrics": {
                    "outcome": 3.425255452433681
                },
                "metadata": {
                    "trials": 1
                }
            }
        ],
        [
            {
                "query": {
                    "x1": 0.06161188085369851,
                    "x2": -1.033534696923272
                },
                "metrics": {
                    "outcome": 5.176043946233768
                },
                "metadata": {
                    "trials": 1
                }
            },
            {
                "query": {
                    "x1": 0.06161188085369851,
                    "x2": -1.033534696923272
                },
                "metrics": {
                    "outcome": 5.176043946233768
                },
                "metadata": {
                    "trials": 1
                }
            },
            {
                "query": {
                    "x1": 0.06161188085369851,
                    "x2": -1.033534696923272
                },
                "metrics": {
                    "outcome": 5.176043946233768
                },
                "metadata": {
                    "trials": 1
                }
            }
        ],
        [
            {
                "query": {
                    "x1": -0.04664893622622057,
                    "x2": -1.0306762441651491
                },
                "metrics": {
                    "outcome": 3.673885022430589
                },
                "metadata": {
                    "trials": 1
                }
            },
            {
                "query": {
                    "x1": -0.04664893622622057,
                    "x2": -1.0306762441651491
                },
                "metrics": {
                    "outcome": 3.673885022430589
                },
                "metadata": {
                    "trials": 1
                }
            },
            {
                "query": {
                    "x1": -0.04664893622622057,
                    "x2": -1.0306762441651491
                },
                "metrics": {
                    "outcome": 3.673885022430589
                },
                "metadata": {
                    "trials": 1
                }
            }
        ],
        [
            {
                "query": {
                    "x1": 0.012820024084994053,
                    "x2": -0.980407218473156
                },
                "metrics": {
                    "outcome": 3.1516810856006234
                },
                "metadata": {
                    "trials": 1
                }
            },
            {
                "query": {
                    "x1": 0.012820024084994053,
                    "x2": -0.980407218473156
                },
                "metrics": {
                    "outcome": 3.1516810856006234
                },
                "metadata": {
                    "trials": 1
                }
            },
            {
                "query": {
                    "x1": 0.012820024084994053,
                    "x2": -0.980407218473156
                },
                "metrics": {
                    "outcome": 3.1516810856006234
                },
                "metadata": {
                    "trials": 1
                }
            }
        ],
        [
            {
                "query": {
                    "x1": 0.016871339674207952,
                    "x2": -0.9771997267805834
                },
                "metrics": {
                    "outcome": 3.211015380332031
                },
                "metadata": {
                    "trials": 1
                }
            },
            {
                "query": {
                    "x1": 0.016871528955638482,
                    "x2": -0.9771996338582909
                },
                "metrics": {
                    "outcome": 3.211017497028287
                },
                "metadata": {
                    "trials": 1
                }
            },
            {
                "query": {
                    "x1": 0.016870971426603987,
                    "x2": -0.9771994583384049
                },
                "metrics": {
                    "outcome": 3.2110184857198685
                },
                "metadata": {
                    "trials": 1
                }
            }
        ],
        [
            {
                "query": {
                    "x1": 0.01786505105261682,
                    "x2": -0.977303107993341
                },
                "metrics": {
                    "outcome": 3.2128783624528103
                },
                "metadata": {
                    "trials": 1
                }
            },
            {
                "query": {
                    "x1": 0.017864775344899275,
                    "x2": -0.977303056379845
                },
                "metrics": {
                    "outcome": 3.212878135698338
                },
                "metadata": {
                    "trials": 1
                }
            },
            {
                "query": {
                    "x1": 0.0178639390442763,
                    "x2": -0.9773031492921376
                },
                "metrics": {
                    "outcome": 3.2128735142621645
                },
                "metadata": {
                    "trials": 1
                }
            }
        ],
        [
            {
                "query": {
                    "x1": 0.018224415591988397,
                    "x2": -0.977326627658043
                },
                "metrics": {
                    "outcome": 3.213896192383504
                },
                "metadata": {
                    "trials": 1
                }
            },
            {
                "query": {
                    "x1": 0.018224686204552754,
                    "x2": -0.977326851036131
                },
                "metrics": {
                    "outcome": 3.2138937609175637
                },
                "metadata": {
                    "trials": 1
                }
            },
            {
                "query": {
                    "x1": 0.0182252209175231,
                    "x2": -0.9773266551905742
                },
                "metrics": {
                    "outcome": 3.213898940302429
                },
                "metadata": {
                    "trials": 1
                }
            }
        ],
        [
            {
                "query": {
                    "x1": 0.018409485823554395,
                    "x2": -0.977334928886127
                },
                "metrics": {
                    "outcome": 3.2145051078044746
                },
                "metadata": {
                    "trials": 1
                }
            },
            {
                "query": {
                    "x1": 0.01840892828979923,
                    "x2": -0.9773350319631648
                },
                "metrics": {
                    "outcome": 3.2145012476780335
                },
                "metadata": {
                    "trials": 1
                }
            },
            {
                "query": {
                    "x1": 0.01840966822657286,
                    "x2": -0.9773351145607583
                },
                "metrics": {
                    "outcome": 3.214502944019282
                },
                "metadata": {
                    "trials": 1
                }
            }
        ],
        [
            {
                "query": {
                    "x1": 0.018521051081184847,
                    "x2": -0.9773385217114834
                },
                "metrics": {
                    "outcome": 3.214902288586349
                },
                "metadata": {
                    "trials": 1
                }
            },
            {
                "query": {
                    "x1": 0.018520620885386307,
                    "x2": -0.9773384597632884
                },
                "metrics": {
                    "outcome": 3.2149014953167327
                },
                "metadata": {
                    "trials": 1
                }
            },
            {
                "query": {
                    "x1": 0.018521271241433546,
                    "x2": -0.9773388325996473
                },
                "metrics": {
                    "outcome": 3.214898342005804
                },
                "metadata": {
                    "trials": 1
                }
            }
        ],
        [
            {
                "query": {
                    "x1": 0.018594865797096016,
                    "x2": -0.9773402975597401
                },
                "metrics": {
                    "outcome": 3.2151777470402605
                },
                "metadata": {
                    "trials": 1
                }
            },
            {
                "query": {
                    "x1": 0.01859514456297351,
                    "x2": -0.977340411131431
                },
                "metrics": {
                    "outcome": 3.2151771281508656
                },
                "metadata": {
                    "trials": 1
                }
            },
            {
                "query": {
                    "x1": 0.018594680052499868,
                    "x2": -0.9773401323645525
                },
                "metrics": {
                    "outcome": 3.2151795535175682
                },
                "metadata": {
                    "trials": 1
                }
            }
        ],
        [
            {
                "query": {
                    "x1": 0.018647366892358797,
                    "x2": -0.9773412164580759
                },
                "metrics": {
                    "outcome": 3.2153806146792205
                },
                "metadata": {
                    "trials": 1
                }
            },
            {
                "query": {
                    "x1": 0.01864745971465087,
                    "x2": -0.9773408757428939
                },
                "metrics": {
                    "outcome": 3.2153863012781905
                },
                "metadata": {
                    "trials": 1
                }
            },
            {
                "query": {
                    "x1": 0.018647573808285856,
                    "x2": -0.9773411120321978
                },
                "metrics": {
                    "outcome": 3.215383098005287
                },
                "metadata": {
                    "trials": 1
                }
            }
        ],
        [
            {
                "query": {
                    "x1": 0.018686848866672268,
                    "x2": -0.9773414332766486
                },
                "metrics": {
                    "outcome": 3.215541415555296
                },
                "metadata": {
                    "trials": 1
                }
            },
            {
                "query": {
                    "x1": 0.01868620841062496,
                    "x2": -0.9773417120435259
                },
                "metrics": {
                    "outcome": 3.2155344115571656
                },
                "metadata": {
                    "trials": 1
                }
            },
            {
                "query": {
                    "x1": 0.01868713763354979,
                    "x2": -0.9773418669140135
                },
                "metrics": {
                    "outcome": 3.2155358757646857
                },
                "metadata": {
                    "trials": 1
                }
            }
        ],
        [
            {
                "query": {
                    "x1": 0.018716501077980396,
                    "x2": -0.977341897888111
                },
                "metrics": {
                    "outcome": 3.2156579743990754
                },
                "metadata": {
                    "trials": 1
                }
            },
            {
                "query": {
                    "x1": 0.01871724441383149,
                    "x2": -0.9773419908104035
                },
                "metrics": {
                    "outcome": 3.215659638440601
                },
                "metadata": {
                    "trials": 1
                }
            },
            {
                "query": {
                    "x1": 0.01871594354423589,
                    "x2": -0.9773418152905176
                },
                "metrics": {
                    "outcome": 3.2156569270361
                },
                "metadata": {
                    "trials": 1
                }
            }
        ],
        [
            {
                "query": {
                    "x1": 0.018740660890193883,
                    "x2": -0.9773418864162231
                },
                "metrics": {
                    "outcome": 3.2157593130079687
                },
                "metadata": {
                    "trials": 1
                }
            },
            {
                "query": {
                    "x1": 0.018741218405221804,
                    "x2": -0.977341897888111
                },
                "metrics": {
                    "outcome": 3.2157614723762644
                },
                "metadata": {
                    "trials": 1
                }
            },
            {
                "query": {
                    "x1": 0.018740217236665746,
                    "x2": -0.977342083732696
                },
                "metrics": {
                    "outcome": 3.2157543869732095
                },
                "metadata": {
                    "trials": 1
                }
            }
        ],
        [
            {
                "query": {
                    "x1": 0.01876008164732612,
                    "x2": -0.9773418978882109
                },
                "metrics": {
                    "outcome": 3.215840650457128
                },
                "metadata": {
                    "trials": 1
                }
            },
            {
                "query": {
                    "x1": 0.0187594415018153,
                    "x2": -0.9773421250314926
                },
                "metrics": {
                    "outcome": 3.2158344323273984
                },
                "metadata": {
                    "trials": 1
                }
            },
            {
                "query": {
                    "x1": 0.018759802766285638,
                    "x2": -0.9773421456808911
                },
                "metrics": {
                    "outcome": 3.21583562950649
                },
                "metadata": {
                    "trials": 1
                }
            }
        ],
        [
            {
                "query": {
                    "x1": 0.01877532088913325,
                    "x2": -0.977341897888111
                },
                "metrics": {
                    "outcome": 3.215904738707619
                },
                "metadata": {
                    "trials": 1
                }
            },
            {
                "query": {
                    "x1": 0.018775651441832686,
                    "x2": -0.977341979771222
                },
                "metrics": {
                    "outcome": 3.2159048583838308
                },
                "metadata": {
                    "trials": 1
                }
            },
            {
                "query": {
                    "x1": 0.018775196992743215,
                    "x2": -0.977342083732696
                },
                "metrics": {
                    "outcome": 3.2159013310104982
                },
                "metadata": {
                    "trials": 1
                }
            }
        ],
        [
            {
                "query": {
                    "x1": 0.018788887543838673,
                    "x2": -0.977342083732696
                },
                "metrics": {
                    "outcome": 3.2159589989165
                },
                "metadata": {
                    "trials": 1
                }
            },
            {
                "query": {
                    "x1": 0.01878842293237648,
                    "x2": -0.9773418772387126
                },
                "metrics": {
                    "outcome": 3.2159602467117168
                },
                "metadata": {
                    "trials": 1
                }
            },
            {
                "query": {
                    "x1": 0.01878922830139995,
                    "x2": -0.9773420011451026
                },
                "metrics": {
                    "outcome": 3.2159617177324376
                },
                "metadata": {
                    "trials": 1
                }
            }
        ],
        [
            {
                "query": {
                    "x1": 0.018799945296646747,
                    "x2": -0.9773419908104035
                },
                "metrics": {
                    "outcome": 3.216007083590227
                },
                "metadata": {
                    "trials": 1
                }
            },
            {
                "query": {
                    "x1": 0.01879960458157459,
                    "x2": -0.977342083732796
                },
                "metrics": {
                    "outcome": 3.2160042029962668
                },
                "metadata": {
                    "trials": 1
                }
            },
            {
                "query": {
                    "x1": 0.018800595752694438,
                    "x2": -0.9773422695772811
                },
                "metrics": {
                    "outcome": 3.21600550132353
                },
                "metadata": {
                    "trials": 1
                }
            }
        ],
        [
            {
                "query": {
                    "x1": 0.018809702137358997,
                    "x2": -0.977341897888111
                },
                "metrics": {
                    "outcome": 3.2160497281773726
                },
                "metadata": {
                    "trials": 1
                }
            },
            {
                "query": {
                    "x1": 0.018808958759019223,
                    "x2": -0.9773418049516556
                },
                "metrics": {
                    "outcome": 3.2160480300380367
                },
                "metadata": {
                    "trials": 1
                }
            },
            {
                "query": {
                    "x1": 0.018809330448189332,
                    "x2": -0.977341990852892
                },
                "metrics": {
                    "outcome": 3.216046714704127
                },
                "metadata": {
                    "trials": 1
                }
            }
        ],
        [
            {
                "query": {
                    "x1": 0.018818158065976753,
                    "x2": -0.9773419908104035
                },
                "metrics": {
                    "outcome": 3.2160840304744633
                },
                "metadata": {
                    "trials": 1
                }
            },
            {
                "query": {
                    "x1": 0.01881750748246347,
                    "x2": -0.9773418975057147
                },
                "metrics": {
                    "outcome": 3.2160827273134154
                },
                "metadata": {
                    "trials": 1
                }
            },
            {
                "query": {
                    "x1": 0.01881862271992807,
                    "x2": -0.9773419908104035
                },
                "metrics": {
                    "outcome": 3.216085995619795
                },
                "metadata": {
                    "trials": 1
                }
            }
        ]
    ],
    "best_results": [
        {
            "query": {
                "x1": 0.012820024084994053,
                "x2": -0.980407218473156
            },
            "metrics": [
                {
                    "name": "outcome",
                    "value": 3.1516810856006234
                }
            ]
        }
    ]
}