{
    "date": "04/11/2022 13:57:31",
    "basic_params": {
        "active_variables": [
            "x1",
            "x2"
        ],
        "default_query": {},
        "metric": "basic",
        "n_trials": 1
    },
    "objective_function": {
        "name": "Gramacy2D",
        "params": {}
    },
    "optimizer": {
        "name": "BBO-LP(LCB)",
        "params": {
            "lower_bound": [
                -2.0,
                -2.0
            ],
            "upper_bound": [
                6.0,
                6.0
            ],
            "invert_metric": false,
            "bopt_params": {
                "n_init_samples": 15,
                "n_iterations": 45,
                "n_iter_relearn": 5,
                "verbose_level": 1,
                "n_parallel_samples": 3,
                "par_type": "PAR_BBO",
                "crit_name": "cLP(cLCB)",
                "n_crit_params": 3,
                "crit_params": [
                    3,
                    1,
                    1.0
                ]
            }
        }
    },
    "iterations": [
        [
            {
                "query": {
                    "x1": 3.743803059061368,
                    "x2": -0.23890604190528397
                },
                "metrics": {
                    "outcome": 2.89352381221933e-06
                },
                "metadata": {
                    "trials": 1
                }
            }
        ],
        [
            {
                "query": {
                    "x1": 0.8139803865303596,
                    "x2": 1.3947579500575862
                },
                "metrics": {
                    "outcome": 0.05998067707694814
                },
                "metadata": {
                    "trials": 1
                }
            }
        ],
        [
            {
                "query": {
                    "x1": 2.048546054586768,
                    "x2": 0.4386088136583566
                },
                "metrics": {
                    "outcome": 0.025430950342471448
                },
                "metadata": {
                    "trials": 1
                }
            }
        ],
        [
            {
                "query": {
                    "x1": 4.816103758414586,
                    "x2": 2.4821533883611364
                },
                "metrics": {
                    "outcome": 8.581687788067155e-13
                },
                "metadata": {
                    "trials": 1
                }
            }
        ],
        [
            {
                "query": {
                    "x1": 0.5022444476683936,
                    "x2": 1.9297964997589587
                },
                "metrics": {
                    "outcome": 0.00941894355381177
                },
                "metadata": {
                    "trials": 1
                }
            }
        ],
        [
            {
                "query": {
                    "x1": 5.14908284433186,
                    "x2": 4.247028703739246
                },
                "metrics": {
                    "outcome": 2.310880057021346e-19
                },
                "metadata": {
                    "trials": 1
                }
            }
        ],
        [
            {
                "query": {
                    "x1": 2.4526540198673805,
                    "x2": 3.2533797281483805
                },
                "metrics": {
                    "outcome": 1.5147871982808568e-07
                },
                "metadata": {
                    "trials": 1
                }
            }
        ],
        [
            {
                "query": {
                    "x1": -1.9912661188592513,
                    "x2": 5.100012079253792
                },
                "metrics": {
                    "outcome": -1.9100184874886948e-13
                },
                "metadata": {
                    "trials": 1
                }
            }
        ],
        [
            {
                "query": {
                    "x1": -1.0450479762007792,
                    "x2": -1.2778642618407807
                },
                "metrics": {
                    "outcome": -0.06849465611695314
                },
                "metadata": {
                    "trials": 1
                }
            }
        ],
        [
            {
                "query": {
                    "x1": 5.873077584927281,
                    "x2": -0.5742117126782735
                },
                "metrics": {
                    "outcome": 4.421132001579159e-15
                },
                "metadata": {
                    "trials": 1
                }
            }
        ],
        [
            {
                "query": {
                    "x1": 3.132182415450613,
                    "x2": 3.4336636220415437
                },
                "metrics": {
                    "outcome": 1.3026274014435525e-09
                },
                "metadata": {
                    "trials": 1
                }
            }
        ],
        [
            {
                "query": {
                    "x1": 1.71188123524189,
                    "x2": 0.8555150599529346
                },
                "metrics": {
                    "outcome": 0.04394350365256801
                },
                "metadata": {
                    "trials": 1
                }
            }
        ],
        [
            {
                "query": {
                    "x1": 4.082399331529936,
                    "x2": 4.464891139666239
                },
                "metrics": {
                    "outcome": 5.190391790262078e-16
                },
                "metadata": {
                    "trials": 1
                }
            }
        ],
        [
            {
                "query": {
                    "x1": -0.6566837261120477,
                    "x2": 5.943590457489093
                },
                "metrics": {
                    "outcome": -1.9412026001521236e-16
                },
                "metadata": {
                    "trials": 1
                }
            }
        ],
        [
            {
                "query": {
                    "x1": -0.07932816036045542,
                    "x2": -1.5359827770541112
                },
                "metrics": {
                    "outcome": -0.007448831160717344
                },
                "metadata": {
                    "trials": 1
                }
            }
        ],
        [
            {
                "query": {
                    "x1": -2.0,
                    "x2": -0.7366120418700022
                },
                "metrics": {
                    "outcome": -0.02129144096466535
                },
                "metadata": {
                    "trials": 1
                }
            },
            {
                "query": {
                    "x1": -0.5432988210370788,
                    "x2": -0.7722993703815806
                },
                "metrics": {
                    "outcome": -0.22274765908100683
                },
                "metadata": {
                    "trials": 1
                }
            },
            {
                "query": {
                    "x1": 0.8107174406492255,
                    "x2": -0.8179035998644602
                },
                "metrics": {
                    "outcome": 0.21522640435810894
                },
                "metadata": {
                    "trials": 1
                }
            }
        ],
        [
            {
                "query": {
                    "x1": -1.999999999988054,
                    "x2": -2.0
                },
                "metrics": {
                    "outcome": -0.0006709252558330757
                },
                "metadata": {
                    "trials": 1
                }
            },
            {
                "query": {
                    "x1": -1.999999999988054,
                    "x2": -2.0
                },
                "metrics": {
                    "outcome": -0.0006709252558330757
                },
                "metadata": {
                    "trials": 1
                }
            },
            {
                "query": {
                    "x1": -1.999999999988054,
                    "x2": -2.0
                },
                "metrics": {
                    "outcome": -0.0006709252558330757
                },
                "metadata": {
                    "trials": 1
                }
            }
        ],
        [
            {
                "query": {
                    "x1": 6.0,
                    "x2": 0.671934826700118
                },
                "metrics": {
                    "outcome": 8.86068916808563e-16
                },
                "metadata": {
                    "trials": 1
                }
            },
            {
                "query": {
                    "x1": 6.0,
                    "x2": 0.6736473342717457
                },
                "metrics": {
                    "outcome": 8.840294814600278e-16
                },
                "metadata": {
                    "trials": 1
                }
            },
            {
                "query": {
                    "x1": 6.0,
                    "x2": 0.6690559578404418
                },
                "metrics": {
                    "outcome": 8.894962296782897e-16
                },
                "metadata": {
                    "trials": 1
                }
            }
        ],
        [
            {
                "query": {
                    "x1": -1.9999999999999996,
                    "x2": -1.604767494479261
                },
                "metrics": {
                    "outcome": -0.0027888344486450612
                },
                "metadata": {
                    "trials": 1
                }
            },
            {
                "query": {
                    "x1": -2.0,
                    "x2": -1.595296218527594
                },
                "metrics": {
                    "outcome": -0.0028746543320593387
                },
                "metadata": {
                    "trials": 1
                }
            },
            {
                "query": {
                    "x1": -2.0,
                    "x2": -1.6150216545897367
                },
                "metrics": {
                    "outcome": -0.0026982610629151154
                },
                "metadata": {
                    "trials": 1
                }
            }
        ],
        [
            {
                "query": {
                    "x1": 6.0,
                    "x2": -0.330257604443009
                },
                "metrics": {
                    "outcome": 1.2479045427568973e-15
                },
                "metadata": {
                    "trials": 1
                }
            },
            {
                "query": {
                    "x1": 6.0,
                    "x2": -0.25390262080982207
                },
                "metrics": {
                    "outcome": 1.3048255103419497e-15
                },
                "metadata": {
                    "trials": 1
                }
            },
            {
                "query": {
                    "x1": 5.914320600699803,
                    "x2": -0.334852952564175
                },
                "metrics": {
                    "outcome": 3.4036158698053192e-15
                },
                "metadata": {
                    "trials": 1
                }
            }
        ],
        [
            {
                "query": {
                    "x1": 0.029574841397925322,
                    "x2": 6.0
                },
                "metrics": {
                    "outcome": 6.85395440293732e-18
                },
                "metadata": {
                    "trials": 1
                }
            },
            {
                "query": {
                    "x1": -0.22790945745543856,
                    "x2": 3.3244977779099294
                },
                "metrics": {
                    "outcome": -3.4297093381252433e-06
                },
                "metadata": {
                    "trials": 1
                }
            },
            {
                "query": {
                    "x1": 2.8465787731135412,
                    "x2": -2.0
                },
                "metrics": {
                    "outcome": 1.5778017741598637e-05
                },
                "metadata": {
                    "trials": 1
                }
            }
        ],
        [
            {
                "query": {
                    "x1": 1.28321965938324,
                    "x2": 6.0
                },
                "metrics": {
                    "outcome": 5.735449725903757e-17
                },
                "metadata": {
                    "trials": 1
                }
            },
            {
                "query": {
                    "x1": -0.6682632684031564,
                    "x2": -2.0
                },
                "metrics": {
                    "outcome": -0.007831126852297584
                },
                "metadata": {
                    "trials": 1
                }
            },
            {
                "query": {
                    "x1": -0.7019227109667827,
                    "x2": -0.7432944405797683
                },
                "metrics": {
                    "outcome": -0.24681552174689966
                },
                "metadata": {
                    "trials": 1
                }
            }
        ],
        [
            {
                "query": {
                    "x1": -0.9082303463535699,
                    "x2": 2.4870221381437307
                },
                "metrics": {
                    "outcome": -0.0008198257626996202
                },
                "metadata": {
                    "trials": 1
                }
            },
            {
                "query": {
                    "x1": -0.9802180677297756,
                    "x2": 3.2077742749387754
                },
                "metrics": {
                    "outcome": -1.2741789262157726e-05
                },
                "metadata": {
                    "trials": 1
                }
            },
            {
                "query": {
                    "x1": -0.8558328519297154,
                    "x2": 1.800466846236818
                },
                "metrics": {
                    "outcome": -0.016085920009596653
                },
                "metadata": {
                    "trials": 1
                }
            }
        ],
        [
            {
                "query": {
                    "x1": -1.5280959491448753,
                    "x2": -1.049306680568406
                },
                "metrics": {
                    "outcome": -0.04918831139591595
                },
                "metadata": {
                    "trials": 1
                }
            },
            {
                "query": {
                    "x1": -1.5313385837367288,
                    "x2": -1.9922042515760883
                },
                "metrics": {
                    "outcome": -0.0027732554565079947
                },
                "metadata": {
                    "trials": 1
                }
            },
            {
                "query": {
                    "x1": -1.5355714778112626,
                    "x2": -0.10932221460983982
                },
                "metrics": {
                    "outcome": -0.1435562262347367
                },
                "metadata": {
                    "trials": 1
                }
            }
        ],
        [
            {
                "query": {
                    "x1": -1.5930148336516554,
                    "x2": 4.874967518924045
                },
                "metrics": {
                    "outcome": -6.011323182460851e-12
                },
                "metadata": {
                    "trials": 1
                }
            },
            {
                "query": {
                    "x1": -1.584821755970174,
                    "x2": 5.394539798954139
                },
                "metrics": {
                    "outcome": -2.956315133309239e-14
                },
                "metadata": {
                    "trials": 1
                }
            },
            {
                "query": {
                    "x1": -1.6015838697678533,
                    "x2": 4.363425915762642
                },
                "metrics": {
                    "outcome": -6.634526981908315e-10
                },
                "metadata": {
                    "trials": 1
                }
            }
        ],
        [
            {
                "query": {
                    "x1": 4.652104748321151,
                    "x2": -2.0
                },
                "metrics": {
                    "outcome": 3.3996659772856065e-11
                },
                "metadata": {
                    "trials": 1
                }
            },
            {
                "query": {
                    "x1": 1.941807185623877,
                    "x2": 6.0
                },
                "metrics": {
                    "outcome": 1.0376416700035413e-17
                },
                "metadata": {
                    "trials": 1
                }
            },
            {
                "query": {
                    "x1": 6.0,
                    "x2": 5.99999999999994
                },
                "metrics": {
                    "outcome": 3.2281116960150225e-31
                },
                "metadata": {
                    "trials": 1
                }
            }
        ],
        [
            {
                "query": {
                    "x1": -0.60280490643114,
                    "x2": -0.05112398519820438
                },
                "metrics": {
                    "outcome": -0.4180521514766625
                },
                "metadata": {
                    "trials": 1
                }
            },
            {
                "query": {
                    "x1": 4.6465083837969905,
                    "x2": 6.0
                },
                "metrics": {
                    "outcome": 4.529915185600803e-25
                },
                "metadata": {
                    "trials": 1
                }
            },
            {
                "query": {
                    "x1": 4.263524552211236,
                    "x2": 0.8639318323578995
                },
                "metrics": {
                    "outcome": 2.5773380521437956e-08
                },
                "metadata": {
                    "trials": 1
                }
            }
        ],
        [
            {
                "query": {
                    "x1": -0.494025026957972,
                    "x2": 0.9269075047969704
                },
                "metrics": {
                    "outcome": -0.16391826641132437
                },
                "metadata": {
                    "trials": 1
                }
            },
            {
                "query": {
                    "x1": -0.4888845441713854,
                    "x2": 1.2205267413891088
                },
                "metrics": {
                    "outcome": -0.08678490765734236
                },
                "metadata": {
                    "trials": 1
                }
            },
            {
                "query": {
                    "x1": -0.5028981488099045,
                    "x2": 0.6377820234472211
                },
                "metrics": {
                    "outcome": -0.26000872928683644
                },
                "metadata": {
                    "trials": 1
                }
            }
        ],
        [
            {
                "query": {
                    "x1": -0.6180292434065602,
                    "x2": 0.1683847131965308
                },
                "metrics": {
                    "outcome": -0.4100266749445234
                },
                "metadata": {
                    "trials": 1
                }
            },
            {
                "query": {
                    "x1": -0.6174463631816383,
                    "x2": 0.04980246791370169
                },
                "metrics": {
                    "outcome": -0.42067977140962215
                },
                "metadata": {
                    "trials": 1
                }
            },
            {
                "query": {
                    "x1": -0.6197929799446489,
                    "x2": 0.28692037058395403
                },
                "metrics": {
                    "outcome": -0.38874316522388475
                },
                "metadata": {
                    "trials": 1
                }
            }
        ],
        [
            {
                "query": {
                    "x1": -0.6053552371619662,
                    "x2": -0.0007332962712764957
                },
                "metrics": {
                    "outcome": -0.41962436988920937
                },
                "metadata": {
                    "trials": 1
                }
            },
            {
                "query": {
                    "x1": -0.6088741318962043,
                    "x2": -0.07389496700674347
                },
                "metrics": {
                    "outcome": -0.4179757396535038
                },
                "metadata": {
                    "trials": 1
                }
            },
            {
                "query": {
                    "x1": -0.6026701173898399,
                    "x2": 0.07230810249601838
                },
                "metrics": {
                    "outcome": -0.41693496314070266
                },
                "metadata": {
                    "trials": 1
                }
            }
        ],
        [
            {
                "query": {
                    "x1": 2.9623800814087575,
                    "x2": 0.6206342096719495
                },
                "metrics": {
                    "outcome": 0.0003112576468949741
                },
                "metadata": {
                    "trials": 1
                }
            },
            {
                "query": {
                    "x1": 1.5496213212919678,
                    "x2": 3.8225427873125524
                },
                "metrics": {
                    "outcome": 6.331465563349783e-08
                },
                "metadata": {
                    "trials": 1
                }
            },
            {
                "query": {
                    "x1": -0.6984171392647145,
                    "x2": 0.007675779017366491
                },
                "metrics": {
                    "outcome": -0.4287916458663833
                },
                "metadata": {
                    "trials": 1
                }
            }
        ],
        [
            {
                "query": {
                    "x1": -0.7980411749508387,
                    "x2": 0.05092558423651816
                },
                "metrics": {
                    "outcome": -0.4210270408868303
                },
                "metadata": {
                    "trials": 1
                }
            },
            {
                "query": {
                    "x1": 3.0599197072896427,
                    "x2": 6.0
                },
                "metrics": {
                    "outcome": 6.092033420564058e-20
                },
                "metadata": {
                    "trials": 1
                }
            },
            {
                "query": {
                    "x1": -2.0,
                    "x2": 1.9982640187989507
                },
                "metrics": {
                    "outcome": -0.0006755982871967579
                },
                "metadata": {
                    "trials": 1
                }
            }
        ],
        [
            {
                "query": {
                    "x1": -0.7236103767432989,
                    "x2": 0.03196661598538775
                },
                "metrics": {
                    "outcome": -0.42821236481143765
                },
                "metadata": {
                    "trials": 1
                }
            },
            {
                "query": {
                    "x1": -0.7711250788279052,
                    "x2": 0.24598171147062908
                },
                "metrics": {
                    "outcome": -0.40049837143837425
                },
                "metadata": {
                    "trials": 1
                }
            },
            {
                "query": {
                    "x1": 6.0,
                    "x2": 3.7975103817932556
                },
                "metrics": {
                    "outcome": 7.595427452717555e-22
                },
                "metadata": {
                    "trials": 1
                }
            }
        ],
        [
            {
                "query": {
                    "x1": -0.720892207281115,
                    "x2": -0.025579178798311064
                },
                "metrics": {
                    "outcome": -0.4284395920569809
                },
                "metadata": {
                    "trials": 1
                }
            },
            {
                "query": {
                    "x1": -0.6903317362589516,
                    "x2": 0.14500576227795037
                },
                "metrics": {
                    "outcome": -0.4197199411435295
                },
                "metadata": {
                    "trials": 1
                }
            },
            {
                "query": {
                    "x1": -0.6095073742649655,
                    "x2": -0.0680374500016887
                },
                "metrics": {
                    "outcome": -0.41843548227941
                },
                "metadata": {
                    "trials": 1
                }
            }
        ],
        [
            {
                "query": {
                    "x1": -0.6939592590278401,
                    "x2": -0.00798617144158209
                },
                "metrics": {
                    "outcome": -0.42870542243942367
                },
                "metadata": {
                    "trials": 1
                }
            },
            {
                "query": {
                    "x1": -0.7258081999145509,
                    "x2": 0.13934063540196906
                },
                "metrics": {
                    "outcome": -0.42034358515354775
                },
                "metadata": {
                    "trials": 1
                }
            },
            {
                "query": {
                    "x1": -0.7672951793726457,
                    "x2": -0.14227975909789192
                },
                "metrics": {
                    "outcome": -0.4173337053651517
                },
                "metadata": {
                    "trials": 1
                }
            }
        ],
        [
            {
                "query": {
                    "x1": -0.7010736062204468,
                    "x2": -0.003291555885763797
                },
                "metrics": {
                    "outcome": -0.4288459860461604
                },
                "metadata": {
                    "trials": 1
                }
            },
            {
                "query": {
                    "x1": -0.6993071970405607,
                    "x2": -0.12572678299666928
                },
                "metrics": {
                    "outcome": -0.4221042606361303
                },
                "metadata": {
                    "trials": 1
                }
            },
            {
                "query": {
                    "x1": -0.7066844832533812,
                    "x2": 0.11996112145792415
                },
                "metrics": {
                    "outcome": -0.42275408950032095
                },
                "metadata": {
                    "trials": 1
                }
            }
        ],
        [
            {
                "query": {
                    "x1": -0.7051081761632987,
                    "x2": -0.0005827349806943882
                },
                "metrics": {
                    "outcome": -0.4288783673496088
                },
                "metadata": {
                    "trials": 1
                }
            },
            {
                "query": {
                    "x1": -0.7116500501019414,
                    "x2": -0.11017178396699867
                },
                "metrics": {
                    "outcome": -0.42369026115305763
                },
                "metadata": {
                    "trials": 1
                }
            },
            {
                "query": {
                    "x1": -0.6938585040052916,
                    "x2": 0.10837895030483713
                },
                "metrics": {
                    "outcome": -0.4237240570634052
                },
                "metadata": {
                    "trials": 1
                }
            }
        ],
        [
            {
                "query": {
                    "x1": -0.706038235220465,
                    "x2": -0.0003187511907676299
                },
                "metrics": {
                    "outcome": -0.42888091902564024
                },
                "metadata": {
                    "trials": 1
                }
            },
            {
                "query": {
                    "x1": -0.6849834319698618,
                    "x2": -0.10270086869506634
                },
                "metrics": {
                    "outcome": -0.4239624460024822
                },
                "metadata": {
                    "trials": 1
                }
            },
            {
                "query": {
                    "x1": -0.6970109667985345,
                    "x2": 0.10375453880324681
                },
                "metrics": {
                    "outcome": -0.42420288908085224
                },
                "metadata": {
                    "trials": 1
                }
            }
        ],
        [
            {
                "query": {
                    "x1": -0.7085625063956125,
                    "x2": -0.00030954771119917623
                },
                "metrics": {
                    "outcome": -0.4288800849162313
                },
                "metadata": {
                    "trials": 1
                }
            },
            {
                "query": {
                    "x1": -0.7142023851410522,
                    "x2": -0.1022674359204816
                },
                "metrics": {
                    "outcome": -0.4243772072009594
                },
                "metadata": {
                    "trials": 1
                }
            },
            {
                "query": {
                    "x1": -0.6874003020258006,
                    "x2": 0.09937010072120733
                },
                "metrics": {
                    "outcome": -0.42433498898254124
                },
                "metadata": {
                    "trials": 1
                }
            }
        ],
        [
            {
                "query": {
                    "x1": -0.7080468219635125,
                    "x2": -0.00012112420827570247
                },
                "metrics": {
                    "outcome": -0.4288811785385071
                },
                "metadata": {
                    "trials": 1
                }
            },
            {
                "query": {
                    "x1": -0.6881695785585362,
                    "x2": -0.09658655930539228
                },
                "metrics": {
                    "outcome": -0.4245921052579977
                },
                "metadata": {
                    "trials": 1
                }
            },
            {
                "query": {
                    "x1": -0.714171164669958,
                    "x2": 0.0980721656217125
                },
                "metrics": {
                    "outcome": -0.42473441084419883
                },
                "metadata": {
                    "trials": 1
                }
            }
        ],
        [
            {
                "query": {
                    "x1": -0.7096374252457618,
                    "x2": -0.0012541189562549349
                },
                "metrics": {
                    "outcome": -0.42887578125200465
                },
                "metadata": {
                    "trials": 1
                }
            },
            {
                "query": {
                    "x1": -0.7110392912739889,
                    "x2": 0.10550420517005987
                },
                "metrics": {
                    "outcome": -0.42412137634097935
                },
                "metadata": {
                    "trials": 1
                }
            },
            {
                "query": {
                    "x1": -0.7085010185814566,
                    "x2": -0.10785929162891117
                },
                "metrics": {
                    "outcome": -0.4239197534832243
                },
                "metadata": {
                    "trials": 1
                }
            }
        ],
        [
            {
                "query": {
                    "x1": -0.7095583812355593,
                    "x2": -0.0011872849497029936
                },
                "metrics": {
                    "outcome": -0.42887618843512526
                },
                "metadata": {
                    "trials": 1
                }
            },
            {
                "query": {
                    "x1": -0.7110072838170631,
                    "x2": 0.12542693466117383
                },
                "metrics": {
                    "outcome": -0.4221747807314783
                },
                "metadata": {
                    "trials": 1
                }
            },
            {
                "query": {
                    "x1": -0.7011137738596795,
                    "x2": -0.12862930061589473
                },
                "metrics": {
                    "outcome": -0.42181387203749643
                },
                "metadata": {
                    "trials": 1
                }
            }
        ],
        [
            {
                "query": {
                    "x1": -0.7094443536387727,
                    "x2": -0.0009041304147452411
                },
                "metrics": {
                    "outcome": -0.42887691003963313
                },
                "metadata": {
                    "trials": 1
                }
            },
            {
                "query": {
                    "x1": -0.7102868962062989,
                    "x2": 0.10115889598566419
                },
                "metrics": {
                    "outcome": -0.42450694685940277
                },
                "metadata": {
                    "trials": 1
                }
            },
            {
                "query": {
                    "x1": -0.712383992022255,
                    "x2": -0.10255941536816682
                },
                "metrics": {
                    "outcome": -0.42437083969781436
                },
                "metadata": {
                    "trials": 1
                }
            }
        ],
        [
            {
                "query": {
                    "x1": -0.7093581022771251,
                    "x2": -0.0007617361915721599
                },
                "metrics": {
                    "outcome": -0.4288773507220857
                },
                "metadata": {
                    "trials": 1
                }
            },
            {
                "query": {
                    "x1": -0.710039877714161,
                    "x2": 0.09934668466674745
                },
                "metrics": {
                    "outcome": -0.4246625028686758
                },
                "metadata": {
                    "trials": 1
                }
            },
            {
                "query": {
                    "x1": -0.7123504333509441,
                    "x2": -0.10048786341455807
                },
                "metrics": {
                    "outcome": -0.4245496760551874
                },
                "metadata": {
                    "trials": 1
                }
            }
        ],
        [
            {
                "query": {
                    "x1": -0.7092841792770361,
                    "x2": -0.0006436792648756295
                },
                "metrics": {
                    "outcome": -0.4288777022581222
                },
                "metadata": {
                    "trials": 1
                }
            },
            {
                "query": {
                    "x1": -0.7098246421066412,
                    "x2": 0.09770944277080362
                },
                "metrics": {
                    "outcome": -0.4248005645194425
                },
                "metadata": {
                    "trials": 1
                }
            },
            {
                "query": {
                    "x1": -0.7122549189389196,
                    "x2": -0.09864265647215054
                },
                "metrics": {
                    "outcome": -0.4247065400071514
                },
                "metadata": {
                    "trials": 1
                }
            }
        ],
        [
            {
                "query": {
                    "x1": -0.7092204735021419,
                    "x2": -0.000544475344236961
                },
                "metrics": {
                    "outcome": -0.42887798693739543
                },
                "metadata": {
                    "trials": 1
                }
            },
            {
                "query": {
                    "x1": -0.7096403940900757,
                    "x2": 0.09621838547380568
                },
                "metrics": {
                    "outcome": -0.4249242373195437
                },
                "metadata": {
                    "trials": 1
                }
            },
            {
                "query": {
                    "x1": -0.7121227945086923,
                    "x2": -0.09698121419615302
                },
                "metrics": {
                    "outcome": -0.4248457366193351
                },
                "metadata": {
                    "trials": 1
                }
            }
        ],
        [
            {
                "query": {
                    "x1": -0.7091654596962687,
                    "x2": -0.0004622419581401527
                },
                "metrics": {
                    "outcome": -0.4288782190404411
                },
                "metadata": {
                    "trials": 1
                }
            },
            {
                "query": {
                    "x1": -0.7094755238908979,
                    "x2": 0.09484839939372591
                },
                "metrics": {
                    "outcome": -0.4250361654370266
                },
                "metadata": {
                    "trials": 1
                }
            },
            {
                "query": {
                    "x1": -0.7119740504050915,
                    "x2": -0.09547360093745527
                },
                "metrics": {
                    "outcome": -0.42497026754576345
                },
                "metadata": {
                    "trials": 1
                }
            }
        ],
        [
            {
                "query": {
                    "x1": -0.7091178994312997,
                    "x2": -0.00039207233624183324
                },
                "metrics": {
                    "outcome": -0.4288784105400481
                },
                "metadata": {
                    "trials": 1
                }
            },
            {
                "query": {
                    "x1": -0.7093286690989127,
                    "x2": 0.09358389163928393
                },
                "metrics": {
                    "outcome": -0.4251380249012452
                },
                "metadata": {
                    "trials": 1
                }
            },
            {
                "query": {
                    "x1": -0.7118101748098304,
                    "x2": -0.09409436783814473
                },
                "metrics": {
                    "outcome": -0.4250827230398816
                },
                "metadata": {
                    "trials": 1
                }
            }
        ],
        [
            {
                "query": {
                    "x1": -0.7090756173193744,
                    "x2": -0.0003350517881497428
                },
                "metrics": {
                    "outcome": -0.4288785724633351
                },
                "metadata": {
                    "trials": 1
                }
            },
            {
                "query": {
                    "x1": -0.7108829265339196,
                    "x2": 0.11247563338520061
                },
                "metrics": {
                    "outcome": -0.42347837601549576
                },
                "metadata": {
                    "trials": 1
                }
            },
            {
                "query": {
                    "x1": -0.7038359509400525,
                    "x2": -0.11339719058590148
                },
                "metrics": {
                    "outcome": -0.4233932160861726
                },
                "metadata": {
                    "trials": 1
                }
            }
        ],
        [
            {
                "query": {
                    "x1": -0.7090440111134915,
                    "x2": -0.0003165110753295952
                },
                "metrics": {
                    "outcome": -0.42887868339375373
                },
                "metadata": {
                    "trials": 1
                }
            },
            {
                "query": {
                    "x1": -0.7088952928722696,
                    "x2": 0.09130536308304071
                },
                "metrics": {
                    "outcome": -0.4253186391598288
                },
                "metadata": {
                    "trials": 1
                }
            },
            {
                "query": {
                    "x1": -0.7124201367068865,
                    "x2": -0.09166447347216411
                },
                "metrics": {
                    "outcome": -0.4252694594045073
                },
                "metadata": {
                    "trials": 1
                }
            }
        ],
        [
            {
                "query": {
                    "x1": -0.7090037443196866,
                    "x2": -0.0002551580393663766
                },
                "metrics": {
                    "outcome": -0.4288788306867991
                },
                "metadata": {
                    "trials": 1
                }
            },
            {
                "query": {
                    "x1": -0.7088379601994867,
                    "x2": 0.09028409148236394
                },
                "metrics": {
                    "outcome": -0.425397694203101
                },
                "metadata": {
                    "trials": 1
                }
            },
            {
                "query": {
                    "x1": -0.7120603496613018,
                    "x2": -0.09055550940610768
                },
                "metrics": {
                    "outcome": -0.42535853571798266
                },
                "metadata": {
                    "trials": 1
                }
            }
        ],
        [
            {
                "query": {
                    "x1": -0.7089692029625076,
                    "x2": -0.00020422660724772612
                },
                "metrics": {
                    "outcome": -0.4288789519571723
                },
                "metadata": {
                    "trials": 1
                }
            },
            {
                "query": {
                    "x1": -0.7087771276200361,
                    "x2": 0.08932391856072641
                },
                "metrics": {
                    "outcome": -0.4254712382500571
                },
                "metadata": {
                    "trials": 1
                }
            },
            {
                "query": {
                    "x1": -0.7117356011707798,
                    "x2": -0.08952324845993953
                },
                "metrics": {
                    "outcome": -0.42544025113390804
                },
                "metadata": {
                    "trials": 1
                }
            }
        ],
        [
            {
                "query": {
                    "x1": -0.7089397157062525,
                    "x2": -0.00016243174912222713
                },
                "metrics": {
                    "outcome": -0.4288790518740899
                },
                "metadata": {
                    "trials": 1
                }
            },
            {
                "query": {
                    "x1": -0.7087249296513929,
                    "x2": 0.08841738857022996
                },
                "metrics": {
                    "outcome": -0.4255399449495587
                },
                "metadata": {
                    "trials": 1
                }
            },
            {
                "query": {
                    "x1": -0.711445549532385,
                    "x2": -0.08855823684246933
                },
                "metrics": {
                    "outcome": -0.425515576226455
                },
                "metadata": {
                    "trials": 1
                }
            }
        ],
        [
            {
                "query": {
                    "x1": -0.7089134478557839,
                    "x2": -0.00012932712513258338
                },
                "metrics": {
                    "outcome": -0.42887913791673526
                },
                "metadata": {
                    "trials": 1
                }
            },
            {
                "query": {
                    "x1": -0.7086717948305481,
                    "x2": 0.0875581692501548
                },
                "metrics": {
                    "outcome": -0.42560443594330744
                },
                "metadata": {
                    "trials": 1
                }
            },
            {
                "query": {
                    "x1": -0.7111992591068534,
                    "x2": -0.08765365947184756
                },
                "metrics": {
                    "outcome": -0.4255851699063354
                },
                "metadata": {
                    "trials": 1
                }
            }
        ],
        [
            {
                "query": {
                    "x1": -0.7088919678575092,
                    "x2": -0.00010321656929090928
                },
                "metrics": {
                    "outcome": -0.4288792066156267
                },
                "metadata": {
                    "trials": 1
                }
            },
            {
                "query": {
                    "x1": -0.7086212584857947,
                    "x2": 0.08674177064170996
                },
                "metrics": {
                    "outcome": -0.4256651353550625
                },
                "metadata": {
                    "trials": 1
                }
            },
            {
                "query": {
                    "x1": -0.7109447203566308,
                    "x2": -0.08680393886442284
                },
                "metrics": {
                    "outcome": -0.4256499770567908
                },
                "metadata": {
                    "trials": 1
                }
            }
        ],
        [
            {
                "query": {
                    "x1": -0.7088723387897722,
                    "x2": -8.030876314002455e-05
                },
                "metrics": {
                    "outcome": -0.4288792681277192
                },
                "metadata": {
                    "trials": 1
                }
            },
            {
                "query": {
                    "x1": -0.7107230763816856,
                    "x2": -0.08599908412003288
                },
                "metrics": {
                    "outcome": -0.4257105841549107
                },
                "metadata": {
                    "trials": 1
                }
            },
            {
                "query": {
                    "x1": -0.7085702473820956,
                    "x2": 0.08596738966056927
                },
                "metrics": {
                    "outcome": -0.425722197967457
                },
                "metadata": {
                    "trials": 1
                }
            }
        ],
        [
            {
                "query": {
                    "x1": -0.7088546883745221,
                    "x2": -5.978861209210429e-05
                },
                "metrics": {
                    "outcome": -0.4288793224878943
                },
                "metadata": {
                    "trials": 1
                }
            },
            {
                "query": {
                    "x1": -0.7105301312960062,
                    "x2": -0.08523514617554873
                },
                "metrics": {
                    "outcome": -0.42576742973237824
                },
                "metadata": {
                    "trials": 1
                }
            },
            {
                "query": {
                    "x1": -0.7085288994907815,
                    "x2": 0.08523074071967107
                },
                "metrics": {
                    "outcome": -0.425775991920763
                },
                "metadata": {
                    "trials": 1
                }
            }
        ],
        [
            {
                "query": {
                    "x1": -0.7088412405564353,
                    "x2": -4.536549415057323e-05
                },
                "metrics": {
                    "outcome": -0.42887936325805737
                },
                "metadata": {
                    "trials": 1
                }
            },
            {
                "query": {
                    "x1": -0.7103356838711219,
                    "x2": -0.08451277857216333
                },
                "metrics": {
                    "outcome": -0.4258207397353581
                },
                "metadata": {
                    "trials": 1
                }
            },
            {
                "query": {
                    "x1": -0.7084818822392582,
                    "x2": 0.08452494110077291
                },
                "metrics": {
                    "outcome": -0.42582712058377215
                },
                "metadata": {
                    "trials": 1
                }
            }
        ],
        [
            {
                "query": {
                    "x1": -0.708827740909699,
                    "x2": -3.1360508924827e-05
                },
                "metrics": {
                    "outcome": -0.428879403681965
                },
                "metadata": {
                    "trials": 1
                }
            },
            {
                "query": {
                    "x1": -0.7101662998391802,
                    "x2": -0.083822458886748
                },
                "metrics": {
                    "outcome": -0.42587113039481506
                },
                "metadata": {
                    "trials": 1
                }
            },
            {
                "query": {
                    "x1": -0.7084425615705943,
                    "x2": 0.08385193891369136
                },
                "metrics": {
                    "outcome": -0.4258754679035552
                },
                "metadata": {
                    "trials": 1
                }
            }
        ],
        [
            {
                "query": {
                    "x1": -0.7088162189279643,
                    "x2": -2.076442952159141e-05
                },
                "metrics": {
                    "outcome": -0.42887943778072296
                },
                "metadata": {
                    "trials": 1
                }
            },
            {
                "query": {
                    "x1": -0.7114275708800339,
                    "x2": 0.10131665586293837
                },
                "metrics": {
                    "outcome": -0.42448614261638823
                },
                "metadata": {
                    "trials": 1
                }
            },
            {
                "query": {
                    "x1": -0.7042751067275195,
                    "x2": -0.10137706069123165
                },
                "metrics": {
                    "outcome": -0.4244899463818188
                },
                "metadata": {
                    "trials": 1
                }
            }
        ]
    ],
    "best_results": [
        {
            "query": {
                "x1": -0.7080468219635125,
                "x2": -0.00012112420827570247
            },
            "metrics": [
                {
                    "name": "outcome",
                    "value": -0.4288811785385071
                }
            ]
        }
    ]
}