{
    "date": "09/11/2022 18:55:42",
    "basic_params": {
        "active_variables": [
            "x1",
            "x2"
        ],
        "default_query": {},
        "metric": "basic",
        "n_trials": 1
    },
    "objective_function": {
        "name": "Beale",
        "params": {}
    },
    "optimizer": {
        "name": "BO-MCMC-250",
        "params": {
            "lower_bound": [
                -4.5,
                -4.5
            ],
            "upper_bound": [
                4.5,
                4.5
            ],
            "invert_metric": false,
            "bopt_params": {
                "n_init_samples": 15,
                "n_iterations": 45,
                "n_iter_relearn": 5,
                "verbose_level": 0,
                "n_parallel_samples": 3,
                "par_type": "PAR_MCMC",
                "l_type": "L_MCMC",
                "burnout_mcmc_parallel": 250,
                "crit_name": "cEI"
            }
        }
    },
    "execution_time": 59.20312547683716,
    "best_results": [
        {
            "query": {
                "x1": 3.2268286530739108,
                "x2": 0.5527661982450267
            },
            "metrics": [
                {
                    "name": "outcome",
                    "value": 0.006544593199312155
                }
            ]
        }
    ],
    "iterations": [
        [
            {
                "query": {
                    "x1": 2.77023120825179,
                    "x2": 0.8576650624629112
                },
                "metrics": {
                    "outcome": 6.0933778953361735
                },
                "metadata": {
                    "trials": 1
                }
            }
        ],
        [
            {
                "query": {
                    "x1": -1.8999135780148206,
                    "x2": -2.0548436156474055
                },
                "metrics": {
                    "outcome": 509.7283440235009
                },
                "metadata": {
                    "trials": 1
                }
            }
        ],
        [
            {
                "query": {
                    "x1": 0.11730460049584579,
                    "x2": -1.0038428771775214
                },
                "metrics": {
                    "outcome": 12.374118722057743
                },
                "metadata": {
                    "trials": 1
                }
            }
        ],
        [
            {
                "query": {
                    "x1": -3.692444831924513,
                    "x2": 3.870855296496302
                },
                "metrics": {
                    "outcome": 45719.34019386858
                },
                "metadata": {
                    "trials": 1
                }
            }
        ],
        [
            {
                "query": {
                    "x1": -2.1646730245091024,
                    "x2": 2.1221317465882743
                },
                "metrics": {
                    "outcome": 282.0555513751388
                },
                "metadata": {
                    "trials": 1
                }
            }
        ],
        [
            {
                "query": {
                    "x1": -1.3625179116614161,
                    "x2": -2.6560674912761897
                },
                "metrics": {
                    "outcome": 949.3189889695861
                },
                "metadata": {
                    "trials": 1
                }
            }
        ],
        [
            {
                "query": {
                    "x1": 1.6122750111389905,
                    "x2": 4.060412986390293
                },
                "metrics": {
                    "outcome": 12651.212917152414
                },
                "metadata": {
                    "trials": 1
                }
            }
        ],
        [
            {
                "query": {
                    "x1": 0.8080700537189847,
                    "x2": -3.0326516807544976
                },
                "metrics": {
                    "outcome": 511.2014010246412
                },
                "metadata": {
                    "trials": 1
                }
            }
        ],
        [
            {
                "query": {
                    "x1": -0.5338668844196945,
                    "x2": 3.0862972345668824
                },
                "metrics": {
                    "outcome": 162.58626720327436
                },
                "metadata": {
                    "trials": 1
                }
            }
        ],
        [
            {
                "query": {
                    "x1": 4.028498098393902,
                    "x2": 1.3525590238161378
                },
                "metrics": {
                    "outcome": 113.14288698676359
                },
                "metadata": {
                    "trials": 1
                }
            }
        ],
        [
            {
                "query": {
                    "x1": -4.4227614080999045,
                    "x2": -3.3501377253793176
                },
                "metrics": {
                    "outcome": 32324.20720635632
                },
                "metadata": {
                    "trials": 1
                }
            }
        ],
        [
            {
                "query": {
                    "x1": -2.907508346764371,
                    "x2": -4.16836438793689
                },
                "metrics": {
                    "outcome": 49035.58374743707
                },
                "metadata": {
                    "trials": 1
                }
            }
        ],
        [
            {
                "query": {
                    "x1": 1.3088357124477623,
                    "x2": 0.02644528769888055
                },
                "metrics": {
                    "outcome": 2.6708413478944557
                },
                "metadata": {
                    "trials": 1
                }
            }
        ],
        [
            {
                "query": {
                    "x1": 2.677361130109057,
                    "x2": 1.757441847492009
                },
                "metrics": {
                    "outcome": 283.6260838534503
                },
                "metadata": {
                    "trials": 1
                }
            }
        ],
        [
            {
                "query": {
                    "x1": 3.489038224657997,
                    "x2": -0.5418220215942711
                },
                "metrics": {
                    "outcome": 17.110061289812098
                },
                "metadata": {
                    "trials": 1
                }
            }
        ],
        [
            {
                "query": {
                    "x1": 0.37625847743610574,
                    "x2": -2.8731601386776413
                },
                "metrics": {
                    "outcome": 69.3607539620098
                },
                "metadata": {
                    "trials": 1
                }
            },
            {
                "query": {
                    "x1": -0.34734354411491974,
                    "x2": -2.963379932779374
                },
                "metrics": {
                    "outcome": 152.75305484249517
                },
                "metadata": {
                    "trials": 1
                }
            },
            {
                "query": {
                    "x1": 2.4694643804253547,
                    "x2": -2.907962249052632
                },
                "metrics": {
                    "outcome": 4162.074552884595
                },
                "metadata": {
                    "trials": 1
                }
            }
        ],
        [
            {
                "query": {
                    "x1": -3.5291776923925493,
                    "x2": -2.812648625123237
                },
                "metrics": {
                    "outcome": 7884.783601358821
                },
                "metadata": {
                    "trials": 1
                }
            },
            {
                "query": {
                    "x1": 0.6743883693283257,
                    "x2": -2.73763598125311
                },
                "metrics": {
                    "outcome": 186.28007697205152
                },
                "metadata": {
                    "trials": 1
                }
            },
            {
                "query": {
                    "x1": -1.2500438024281837,
                    "x2": -2.7008509668620615
                },
                "metrics": {
                    "outcome": 881.515288562205
                },
                "metadata": {
                    "trials": 1
                }
            }
        ],
        [
            {
                "query": {
                    "x1": 0.6327766961930283,
                    "x2": -2.5016902105514545
                },
                "metrics": {
                    "outcome": 94.26694973511947
                },
                "metadata": {
                    "trials": 1
                }
            },
            {
                "query": {
                    "x1": 3.3645347750186145,
                    "x2": -2.3290946043264755
                },
                "metrics": {
                    "outcome": 2258.265690789056
                },
                "metadata": {
                    "trials": 1
                }
            },
            {
                "query": {
                    "x1": -1.5572158466456938,
                    "x2": -2.5457356982492447
                },
                "metrics": {
                    "outcome": 981.2355010012295
                },
                "metadata": {
                    "trials": 1
                }
            }
        ],
        [
            {
                "query": {
                    "x1": -4.273183034318574,
                    "x2": -3.0053690738986854
                },
                "metrics": {
                    "outcome": 16478.342810526483
                },
                "metadata": {
                    "trials": 1
                }
            },
            {
                "query": {
                    "x1": -0.28421543528762516,
                    "x2": -2.4405869555810704
                },
                "metrics": {
                    "outcome": 56.422331659450506
                },
                "metadata": {
                    "trials": 1
                }
            },
            {
                "query": {
                    "x1": -4.0936500595897,
                    "x2": -2.9915457746042913
                },
                "metrics": {
                    "outcome": 14765.133038386
                },
                "metadata": {
                    "trials": 1
                }
            }
        ],
        [
            {
                "query": {
                    "x1": -3.6040477850825763,
                    "x2": -3.0740088673696166
                },
                "metrics": {
                    "outcome": 13360.340636629571
                },
                "metadata": {
                    "trials": 1
                }
            },
            {
                "query": {
                    "x1": -2.271622643337509,
                    "x2": -3.128755355189635
                },
                "metrics": {
                    "outcome": 5978.162379676374
                },
                "metadata": {
                    "trials": 1
                }
            },
            {
                "query": {
                    "x1": 1.0035144719347215,
                    "x2": -3.0749480013102213
                },
                "metrics": {
                    "outcome": 881.2377943914406
                },
                "metadata": {
                    "trials": 1
                }
            }
        ],
        [
            {
                "query": {
                    "x1": 1.2253009952776814,
                    "x2": -2.3870939319852216
                },
                "metrics": {
                    "outcome": 304.2146490957188
                },
                "metadata": {
                    "trials": 1
                }
            },
            {
                "query": {
                    "x1": -2.1406948247306734,
                    "x2": 3.6713026197970997
                },
                "metrics": {
                    "outcome": 10850.249129815711
                },
                "metadata": {
                    "trials": 1
                }
            },
            {
                "query": {
                    "x1": 3.6605985395258553,
                    "x2": -0.6641267295258735
                },
                "metrics": {
                    "outcome": 25.568426154173736
                },
                "metadata": {
                    "trials": 1
                }
            }
        ],
        [
            {
                "query": {
                    "x1": -2.085606561308168,
                    "x2": -2.2534708410717528
                },
                "metrics": {
                    "outcome": 924.4279644143043
                },
                "metadata": {
                    "trials": 1
                }
            },
            {
                "query": {
                    "x1": -2.1974824255764607,
                    "x2": 0.81037654999216
                },
                "metrics": {
                    "outcome": 26.04453657550716
                },
                "metadata": {
                    "trials": 1
                }
            },
            {
                "query": {
                    "x1": -2.233487593569323,
                    "x2": 1.740748838422026
                },
                "metrics": {
                    "outcome": 53.16735949081774
                },
                "metadata": {
                    "trials": 1
                }
            }
        ],
        [
            {
                "query": {
                    "x1": 3.594923485558285,
                    "x2": 3.941649819333975
                },
                "metrics": {
                    "outcome": 51157.95935937503
                },
                "metadata": {
                    "trials": 1
                }
            },
            {
                "query": {
                    "x1": 1.2930284894146897,
                    "x2": 1.4922405052099004
                },
                "metrics": {
                    "outcome": 50.962247822584374
                },
                "metadata": {
                    "trials": 1
                }
            },
            {
                "query": {
                    "x1": -0.0901199066361249,
                    "x2": -1.0488757857671
                },
                "metrics": {
                    "outcome": 15.807380081410194
                },
                "metadata": {
                    "trials": 1
                }
            }
        ],
        [
            {
                "query": {
                    "x1": 3.675892662225719,
                    "x2": -2.594045540161593
                },
                "metrics": {
                    "outcome": 4933.548592633223
                },
                "metadata": {
                    "trials": 1
                }
            },
            {
                "query": {
                    "x1": 3.5950722253438325,
                    "x2": -1.786523013499496
                },
                "metrics": {
                    "outcome": 636.0752851786268
                },
                "metadata": {
                    "trials": 1
                }
            },
            {
                "query": {
                    "x1": 3.640241567607468,
                    "x2": -1.7231848826450222
                },
                "metrics": {
                    "outcome": 545.2852638835635
                },
                "metadata": {
                    "trials": 1
                }
            }
        ],
        [
            {
                "query": {
                    "x1": 3.513279736405428,
                    "x2": -3.6954764375782934
                },
                "metrics": {
                    "outcome": 34160.56937441114
                },
                "metadata": {
                    "trials": 1
                }
            },
            {
                "query": {
                    "x1": 3.5172958552182347,
                    "x2": -2.6260075912013727
                },
                "metrics": {
                    "outcome": 4826.4377140477245
                },
                "metadata": {
                    "trials": 1
                }
            },
            {
                "query": {
                    "x1": 3.451094804884127,
                    "x2": -1.3507895130406347
                },
                "metrics": {
                    "outcome": 156.78312911593008
                },
                "metadata": {
                    "trials": 1
                }
            }
        ],
        [
            {
                "query": {
                    "x1": 3.552433161877925,
                    "x2": -3.045194500926078
                },
                "metrics": {
                    "outcome": 11417.006383791088
                },
                "metadata": {
                    "trials": 1
                }
            },
            {
                "query": {
                    "x1": 4.340255832734083,
                    "x2": -3.118550614763813
                },
                "metrics": {
                    "outcome": 19660.27653321618
                },
                "metadata": {
                    "trials": 1
                }
            },
            {
                "query": {
                    "x1": 2.3434536212183072,
                    "x2": -3.0064959035795438
                },
                "metrics": {
                    "outcome": 4527.003195622711
                },
                "metadata": {
                    "trials": 1
                }
            }
        ],
        [
            {
                "query": {
                    "x1": 4.153806227480521,
                    "x2": -0.12366557415192059
                },
                "metrics": {
                    "outcome": 15.780952684237157
                },
                "metadata": {
                    "trials": 1
                }
            },
            {
                "query": {
                    "x1": 3.2382778513994683,
                    "x2": -2.773928567033427
                },
                "metrics": {
                    "outcome": 5550.194338426433
                },
                "metadata": {
                    "trials": 1
                }
            },
            {
                "query": {
                    "x1": 0.7988895231167739,
                    "x2": -2.473038372378966
                },
                "metrics": {
                    "outcome": 146.98915105477056
                },
                "metadata": {
                    "trials": 1
                }
            }
        ],
        [
            {
                "query": {
                    "x1": -2.8570511696742718,
                    "x2": -2.413937638680563
                },
                "metrics": {
                    "outcome": 2345.600090314703
                },
                "metadata": {
                    "trials": 1
                }
            },
            {
                "query": {
                    "x1": -1.0483129241985916,
                    "x2": -2.8957957666129213
                },
                "metrics": {
                    "outcome": 909.880718009788
                },
                "metadata": {
                    "trials": 1
                }
            },
            {
                "query": {
                    "x1": -1.632295656212353,
                    "x2": 4.29694845476417
                },
                "metrics": {
                    "outcome": 16390.889572292643
                },
                "metadata": {
                    "trials": 1
                }
            }
        ],
        [
            {
                "query": {
                    "x1": 2.8108707322133206,
                    "x2": 0.06021882998286188
                },
                "metrics": {
                    "outcome": 1.6408242898773646
                },
                "metadata": {
                    "trials": 1
                }
            },
            {
                "query": {
                    "x1": 0.21727576187267683,
                    "x2": 0.32403509235283057
                },
                "metrics": {
                    "outcome": 11.888983333986191
                },
                "metadata": {
                    "trials": 1
                }
            },
            {
                "query": {
                    "x1": 2.022618572592176,
                    "x2": 0.2685010512513575
                },
                "metrics": {
                    "outcome": 0.551259900512796
                },
                "metadata": {
                    "trials": 1
                }
            }
        ],
        [
            {
                "query": {
                    "x1": -2.0057521506873552,
                    "x2": 0.19196710798914118
                },
                "metrics": {
                    "outcome": 48.53927192928916
                },
                "metadata": {
                    "trials": 1
                }
            },
            {
                "query": {
                    "x1": 1.7864801275338813,
                    "x2": -2.4200047325980383
                },
                "metrics": {
                    "outcome": 739.9200661277669
                },
                "metadata": {
                    "trials": 1
                }
            },
            {
                "query": {
                    "x1": 2.7164741988491645,
                    "x2": 0.2261340080925507
                },
                "metrics": {
                    "outcome": 0.4735340857873747
                },
                "metadata": {
                    "trials": 1
                }
            }
        ],
        [
            {
                "query": {
                    "x1": 4.387991459033886,
                    "x2": 0.2319039969121457
                },
                "metrics": {
                    "outcome": 10.034196600671695
                },
                "metadata": {
                    "trials": 1
                }
            },
            {
                "query": {
                    "x1": 3.105925105527482,
                    "x2": 0.2326612083844637
                },
                "metrics": {
                    "outcome": 1.4484733271897303
                },
                "metadata": {
                    "trials": 1
                }
            },
            {
                "query": {
                    "x1": 3.965182083819162,
                    "x2": 0.25659196167261733
                },
                "metrics": {
                    "outcome": 5.831455469181026
                },
                "metadata": {
                    "trials": 1
                }
            }
        ],
        [
            {
                "query": {
                    "x1": 4.36216381268658,
                    "x2": 2.5997399810448236
                },
                "metrics": {
                    "outcome": 6432.40033256282
                },
                "metadata": {
                    "trials": 1
                }
            },
            {
                "query": {
                    "x1": 1.1508745290195819,
                    "x2": 2.6267589518252734
                },
                "metrics": {
                    "outcome": 591.8514349591509
                },
                "metadata": {
                    "trials": 1
                }
            },
            {
                "query": {
                    "x1": 2.600767650752828,
                    "x2": 0.2612274254724136
                },
                "metrics": {
                    "outcome": 0.21257114548592196
                },
                "metadata": {
                    "trials": 1
                }
            }
        ],
        [
            {
                "query": {
                    "x1": -1.7048005888552558,
                    "x2": 2.5388490323834407
                },
                "metrics": {
                    "outcome": 606.2319828076944
                },
                "metadata": {
                    "trials": 1
                }
            },
            {
                "query": {
                    "x1": -0.052972873013617416,
                    "x2": 2.677102405592688
                },
                "metrics": {
                    "outcome": 8.451490691587127
                },
                "metadata": {
                    "trials": 1
                }
            },
            {
                "query": {
                    "x1": -2.8696302745956928,
                    "x2": 2.6557323827873915
                },
                "metrics": {
                    "outcome": 2567.759859890974
                },
                "metadata": {
                    "trials": 1
                }
            }
        ],
        [
            {
                "query": {
                    "x1": 2.3072145154804,
                    "x2": 0.25283120126036085
                },
                "metrics": {
                    "outcome": 0.18434836462379062
                },
                "metadata": {
                    "trials": 1
                }
            },
            {
                "query": {
                    "x1": -4.1773107567968255,
                    "x2": -0.33336728236710567
                },
                "metrics": {
                    "outcome": 133.94241618630957
                },
                "metadata": {
                    "trials": 1
                }
            },
            {
                "query": {
                    "x1": 0.3515971492160137,
                    "x2": 2.7066576207297244
                },
                "metrics": {
                    "outcome": 109.90261111764264
                },
                "metadata": {
                    "trials": 1
                }
            }
        ],
        [
            {
                "query": {
                    "x1": 2.4744287128730127,
                    "x2": 0.2668589696747956
                },
                "metrics": {
                    "outcome": 0.1400307491892038
                },
                "metadata": {
                    "trials": 1
                }
            },
            {
                "query": {
                    "x1": -0.03270137413291252,
                    "x2": -2.8940666134891027
                },
                "metrics": {
                    "outcome": 18.588597438773142
                },
                "metadata": {
                    "trials": 1
                }
            },
            {
                "query": {
                    "x1": 2.536916977334343,
                    "x2": 0.24383895793833155
                },
                "metrics": {
                    "outcome": 0.20909795401705428
                },
                "metadata": {
                    "trials": 1
                }
            }
        ],
        [
            {
                "query": {
                    "x1": 3.7610052365287867,
                    "x2": 0.5967557361076734
                },
                "metrics": {
                    "outcome": 0.1431282972969034
                },
                "metadata": {
                    "trials": 1
                }
            },
            {
                "query": {
                    "x1": 2.410153079275351,
                    "x2": 0.2613688983835756
                },
                "metrics": {
                    "outcome": 0.14504238491553212
                },
                "metadata": {
                    "trials": 1
                }
            },
            {
                "query": {
                    "x1": -0.0033986036849817935,
                    "x2": -2.4854159793338195
                },
                "metrics": {
                    "outcome": 14.454804115671381
                },
                "metadata": {
                    "trials": 1
                }
            }
        ],
        [
            {
                "query": {
                    "x1": 4.133288518291716,
                    "x2": 0.5834082429762963
                },
                "metrics": {
                    "outcome": 0.7489547166118176
                },
                "metadata": {
                    "trials": 1
                }
            },
            {
                "query": {
                    "x1": 4.302150543468008,
                    "x2": 0.5346308674852898
                },
                "metrics": {
                    "outcome": 1.9683786113532022
                },
                "metadata": {
                    "trials": 1
                }
            },
            {
                "query": {
                    "x1": 3.948869615379188,
                    "x2": 0.5581110687123569
                },
                "metrics": {
                    "outcome": 0.686073000380239
                },
                "metadata": {
                    "trials": 1
                }
            }
        ],
        [
            {
                "query": {
                    "x1": 0.19946260376598968,
                    "x2": 2.671191955072639
                },
                "metrics": {
                    "outcome": 54.20648846899046
                },
                "metadata": {
                    "trials": 1
                }
            },
            {
                "query": {
                    "x1": 2.1607488995776913,
                    "x2": 0.5659420621817368
                },
                "metrics": {
                    "outcome": 1.6590264437108746
                },
                "metadata": {
                    "trials": 1
                }
            },
            {
                "query": {
                    "x1": 0.7315824259679786,
                    "x2": 2.676878890509027
                },
                "metrics": {
                    "outcome": 306.7920680556803
                },
                "metadata": {
                    "trials": 1
                }
            }
        ],
        [
            {
                "query": {
                    "x1": 3.2654039755725703,
                    "x2": 0.6079359282966061
                },
                "metrics": {
                    "outcome": 0.09364347465546234
                },
                "metadata": {
                    "trials": 1
                }
            },
            {
                "query": {
                    "x1": 4.382136196316855,
                    "x2": 0.6639545572181316
                },
                "metrics": {
                    "outcome": 0.2660421723913754
                },
                "metadata": {
                    "trials": 1
                }
            },
            {
                "query": {
                    "x1": 0.08326278810691257,
                    "x2": -3.066845654170141
                },
                "metrics": {
                    "outcome": 10.070135231684059
                },
                "metadata": {
                    "trials": 1
                }
            }
        ],
        [
            {
                "query": {
                    "x1": 0.03722031079821875,
                    "x2": -2.4344750452301804
                },
                "metrics": {
                    "outcome": 12.009731699077927
                },
                "metadata": {
                    "trials": 1
                }
            },
            {
                "query": {
                    "x1": 3.5983550488526017,
                    "x2": 0.5776416869131449
                },
                "metrics": {
                    "outcome": 0.10049407773119122
                },
                "metadata": {
                    "trials": 1
                }
            },
            {
                "query": {
                    "x1": 0.16238043468389218,
                    "x2": -2.4260141195967972
                },
                "metrics": {
                    "outcome": 10.173074087080847
                },
                "metadata": {
                    "trials": 1
                }
            }
        ],
        [
            {
                "query": {
                    "x1": 3.28630633948055,
                    "x2": 0.5946017638035084
                },
                "metrics": {
                    "outcome": 0.04477704367267125
                },
                "metadata": {
                    "trials": 1
                }
            },
            {
                "query": {
                    "x1": 3.309604152343451,
                    "x2": 0.595830574632549
                },
                "metrics": {
                    "outcome": 0.03990590699417354
                },
                "metadata": {
                    "trials": 1
                }
            },
            {
                "query": {
                    "x1": 3.5572648007077508,
                    "x2": 0.5897155765270439
                },
                "metrics": {
                    "outcome": 0.04766632595596981
                },
                "metadata": {
                    "trials": 1
                }
            }
        ],
        [
            {
                "query": {
                    "x1": 3.954798470964464,
                    "x2": 0.638578119025385
                },
                "metrics": {
                    "outcome": 0.10345402343952596
                },
                "metadata": {
                    "trials": 1
                }
            },
            {
                "query": {
                    "x1": 3.9357972666155305,
                    "x2": 0.9881704816411281
                },
                "metrics": {
                    "outcome": 12.95203155288725
                },
                "metadata": {
                    "trials": 1
                }
            },
            {
                "query": {
                    "x1": 3.4480536064970355,
                    "x2": 0.6282539225970645
                },
                "metrics": {
                    "outcome": 0.07517087696290593
                },
                "metadata": {
                    "trials": 1
                }
            }
        ],
        [
            {
                "query": {
                    "x1": 3.5906708214403036,
                    "x2": 0.6234804653875248
                },
                "metrics": {
                    "outcome": 0.03406016366367993
                },
                "metadata": {
                    "trials": 1
                }
            },
            {
                "query": {
                    "x1": -0.08587103309058808,
                    "x2": 2.686041812981559
                },
                "metrics": {
                    "outcome": 5.878078436426586
                },
                "metadata": {
                    "trials": 1
                }
            },
            {
                "query": {
                    "x1": 3.483982083133351,
                    "x2": 0.589187951559679
                },
                "metrics": {
                    "outcome": 0.026759065001337658
                },
                "metadata": {
                    "trials": 1
                }
            }
        ],
        [
            {
                "query": {
                    "x1": 4.1584560714237675,
                    "x2": 0.704747503455109
                },
                "metrics": {
                    "outcome": 0.10478622112950886
                },
                "metadata": {
                    "trials": 1
                }
            },
            {
                "query": {
                    "x1": 4.303692568974077,
                    "x2": 0.7652260140933169
                },
                "metrics": {
                    "outcome": 0.5196479662481891
                },
                "metadata": {
                    "trials": 1
                }
            },
            {
                "query": {
                    "x1": 3.4741467470988026,
                    "x2": 0.6050289151809833
                },
                "metrics": {
                    "outcome": 0.024954392372619864
                },
                "metadata": {
                    "trials": 1
                }
            }
        ],
        [
            {
                "query": {
                    "x1": 3.5667497804752877,
                    "x2": 0.611071139413724
                },
                "metrics": {
                    "outcome": 0.029305878037966106
                },
                "metadata": {
                    "trials": 1
                }
            },
            {
                "query": {
                    "x1": 3.413859574525846,
                    "x2": 0.575642748652653
                },
                "metrics": {
                    "outcome": 0.022650775984970443
                },
                "metadata": {
                    "trials": 1
                }
            },
            {
                "query": {
                    "x1": 3.443893454103116,
                    "x2": 0.5892349849213883
                },
                "metrics": {
                    "outcome": 0.0203643254965976
                },
                "metadata": {
                    "trials": 1
                }
            }
        ],
        [
            {
                "query": {
                    "x1": 3.881708954445724,
                    "x2": 0.6814187284313551
                },
                "metrics": {
                    "outcome": 0.09930732488886665
                },
                "metadata": {
                    "trials": 1
                }
            },
            {
                "query": {
                    "x1": -4.044302692302979,
                    "x2": -0.8544806526332294
                },
                "metrics": {
                    "outcome": 176.6684243740976
                },
                "metadata": {
                    "trials": 1
                }
            },
            {
                "query": {
                    "x1": -4.4159860614484385,
                    "x2": -0.9015935428767272
                },
                "metrics": {
                    "outcome": 213.0470629330997
                },
                "metadata": {
                    "trials": 1
                }
            }
        ],
        [
            {
                "query": {
                    "x1": 3.4386119004933695,
                    "x2": -1.0337212453939184
                },
                "metrics": {
                    "outcome": 57.62437205811304
                },
                "metadata": {
                    "trials": 1
                }
            },
            {
                "query": {
                    "x1": 3.210301769011404,
                    "x2": -1.0017734679626988
                },
                "metrics": {
                    "outcome": 43.91910448667293
                },
                "metadata": {
                    "trials": 1
                }
            },
            {
                "query": {
                    "x1": 2.5652145111865785,
                    "x2": -1.016121332827987
                },
                "metrics": {
                    "outcome": 25.851451971031437
                },
                "metadata": {
                    "trials": 1
                }
            }
        ],
        [
            {
                "query": {
                    "x1": 3.2950112532033646,
                    "x2": 0.5805977766822039
                },
                "metrics": {
                    "outcome": 0.01888927105068909
                },
                "metadata": {
                    "trials": 1
                }
            },
            {
                "query": {
                    "x1": 3.3414936698162583,
                    "x2": 0.5850205548471852
                },
                "metrics": {
                    "outcome": 0.01781699126923162
                },
                "metadata": {
                    "trials": 1
                }
            },
            {
                "query": {
                    "x1": -0.1869550240566369,
                    "x2": -2.927377133690311
                },
                "metrics": {
                    "outcome": 61.968176214961765
                },
                "metadata": {
                    "trials": 1
                }
            }
        ],
        [
            {
                "query": {
                    "x1": 3.377055185252128,
                    "x2": 0.5820083305198427
                },
                "metrics": {
                    "outcome": 0.015547159729332826
                },
                "metadata": {
                    "trials": 1
                }
            },
            {
                "query": {
                    "x1": 3.350538301595688,
                    "x2": 0.5834577059317523
                },
                "metrics": {
                    "outcome": 0.016101333928730532
                },
                "metadata": {
                    "trials": 1
                }
            },
            {
                "query": {
                    "x1": 3.332132076508297,
                    "x2": 0.5797673330590882
                },
                "metrics": {
                    "outcome": 0.014720158753968645
                },
                "metadata": {
                    "trials": 1
                }
            }
        ],
        [
            {
                "query": {
                    "x1": 3.6115625356093872,
                    "x2": 0.6425558076476339
                },
                "metrics": {
                    "outcome": 0.06130632448496556
                },
                "metadata": {
                    "trials": 1
                }
            },
            {
                "query": {
                    "x1": 3.3560617010194775,
                    "x2": 0.5783203780616866
                },
                "metrics": {
                    "outcome": 0.01417440928365529
                },
                "metadata": {
                    "trials": 1
                }
            },
            {
                "query": {
                    "x1": 3.349772758065365,
                    "x2": 0.5780190991788849
                },
                "metrics": {
                    "outcome": 0.013914991019205538
                },
                "metadata": {
                    "trials": 1
                }
            }
        ],
        [
            {
                "query": {
                    "x1": 3.35055015590115,
                    "x2": 0.58081631164419
                },
                "metrics": {
                    "outcome": 0.014774455186227482
                },
                "metadata": {
                    "trials": 1
                }
            },
            {
                "query": {
                    "x1": 4.47175577122287,
                    "x2": 0.7074302765593456
                },
                "metrics": {
                    "outcome": 0.10648483921608763
                },
                "metadata": {
                    "trials": 1
                }
            },
            {
                "query": {
                    "x1": 4.3774846667189795,
                    "x2": 0.7201706249633784
                },
                "metrics": {
                    "outcome": 0.10985866300691388
                },
                "metadata": {
                    "trials": 1
                }
            }
        ],
        [
            {
                "query": {
                    "x1": 3.3314939444283223,
                    "x2": 0.5791928636386121
                },
                "metrics": {
                    "outcome": 0.014427244961810878
                },
                "metadata": {
                    "trials": 1
                }
            },
            {
                "query": {
                    "x1": 4.0404036586790095,
                    "x2": 0.3801749405101349
                },
                "metrics": {
                    "outcome": 3.8883692027464876
                },
                "metadata": {
                    "trials": 1
                }
            },
            {
                "query": {
                    "x1": 3.354682948015797,
                    "x2": 0.5777765887128146
                },
                "metrics": {
                    "outcome": 0.014045422041122978
                },
                "metadata": {
                    "trials": 1
                }
            }
        ],
        [
            {
                "query": {
                    "x1": -4.285059199721785,
                    "x2": 1.1552492636925429
                },
                "metrics": {
                    "outcome": 1.455044379462772
                },
                "metadata": {
                    "trials": 1
                }
            },
            {
                "query": {
                    "x1": -4.2083342800230925,
                    "x2": 1.1056511901482642
                },
                "metrics": {
                    "outcome": 4.151532093017515
                },
                "metadata": {
                    "trials": 1
                }
            },
            {
                "query": {
                    "x1": -3.6173424079882786,
                    "x2": 1.1361443498996717
                },
                "metrics": {
                    "outcome": 3.328776829866978
                },
                "metadata": {
                    "trials": 1
                }
            }
        ],
        [
            {
                "query": {
                    "x1": 3.33837251521536,
                    "x2": 0.6710379527184465
                },
                "metrics": {
                    "outcome": 0.4207993982171342
                },
                "metadata": {
                    "trials": 1
                }
            },
            {
                "query": {
                    "x1": 0.13658435717112116,
                    "x2": -2.7257866190114415
                },
                "metrics": {
                    "outcome": 10.845244525104665
                },
                "metadata": {
                    "trials": 1
                }
            },
            {
                "query": {
                    "x1": 3.362791510059724,
                    "x2": 0.579118464505795
                },
                "metrics": {
                    "outcome": 0.014560234618719348
                },
                "metadata": {
                    "trials": 1
                }
            }
        ],
        [
            {
                "query": {
                    "x1": 3.286112447036987,
                    "x2": 0.5654024488244982
                },
                "metrics": {
                    "outcome": 0.009881263760269437
                },
                "metadata": {
                    "trials": 1
                }
            },
            {
                "query": {
                    "x1": 4.188286585833108,
                    "x2": 0.049334860108594114
                },
                "metrics": {
                    "outcome": 12.318460540317185
                },
                "metadata": {
                    "trials": 1
                }
            },
            {
                "query": {
                    "x1": 3.8760891119430028,
                    "x2": 0.03678218386470622
                },
                "metrics": {
                    "outcome": 9.180483056686066
                },
                "metadata": {
                    "trials": 1
                }
            }
        ],
        [
            {
                "query": {
                    "x1": 3.304416329580545,
                    "x2": 0.568783235450276
                },
                "metrics": {
                    "outcome": 0.01094448251753041
                },
                "metadata": {
                    "trials": 1
                }
            },
            {
                "query": {
                    "x1": 3.348329054838797,
                    "x2": 0.5718093148894265
                },
                "metrics": {
                    "outcome": 0.013875976003939288
                },
                "metadata": {
                    "trials": 1
                }
            },
            {
                "query": {
                    "x1": 3.3078276514903298,
                    "x2": 0.5698025785319425
                },
                "metrics": {
                    "outcome": 0.011210233239018017
                },
                "metadata": {
                    "trials": 1
                }
            }
        ],
        [
            {
                "query": {
                    "x1": 3.3139195851078282,
                    "x2": 0.5679031406498956
                },
                "metrics": {
                    "outcome": 0.011372918566095843
                },
                "metadata": {
                    "trials": 1
                }
            },
            {
                "query": {
                    "x1": 3.322877016330674,
                    "x2": 0.5670789138594907
                },
                "metrics": {
                    "outcome": 0.012244015521247126
                },
                "metadata": {
                    "trials": 1
                }
            },
            {
                "query": {
                    "x1": 4.436389017343037,
                    "x2": 0.7403248467724586
                },
                "metrics": {
                    "outcome": 0.18129691645782725
                },
                "metadata": {
                    "trials": 1
                }
            }
        ],
        [
            {
                "query": {
                    "x1": 3.2249048342149544,
                    "x2": 0.5612541516032774
                },
                "metrics": {
                    "outcome": 0.009802281207731873
                },
                "metadata": {
                    "trials": 1
                }
            },
            {
                "query": {
                    "x1": 0.03260104195925795,
                    "x2": -2.9680760046810866
                },
                "metrics": {
                    "outcome": 11.179157868393318
                },
                "metadata": {
                    "trials": 1
                }
            },
            {
                "query": {
                    "x1": 3.2623869315171907,
                    "x2": 0.5648484786966348
                },
                "metrics": {
                    "outcome": 0.00971581470172111
                },
                "metadata": {
                    "trials": 1
                }
            }
        ],
        [
            {
                "query": {
                    "x1": 2.025769353740901,
                    "x2": 0.053101121820154695
                },
                "metrics": {
                    "outcome": 0.5872048294132324
                },
                "metadata": {
                    "trials": 1
                }
            },
            {
                "query": {
                    "x1": 3.2906151901172107,
                    "x2": 0.5640456186310958
                },
                "metrics": {
                    "outcome": 0.009964465707390176
                },
                "metadata": {
                    "trials": 1
                }
            },
            {
                "query": {
                    "x1": 3.2268286530739108,
                    "x2": 0.5527661982450267
                },
                "metrics": {
                    "outcome": 0.006544593199312155
                },
                "metadata": {
                    "trials": 1
                }
            }
        ],
        [
            {
                "query": {
                    "x1": 3.2682638218361895,
                    "x2": 0.5565293083842349
                },
                "metrics": {
                    "outcome": 0.008984090048726648
                },
                "metadata": {
                    "trials": 1
                }
            },
            {
                "query": {
                    "x1": 3.170617626355689,
                    "x2": 0.5527878173422849
                },
                "metrics": {
                    "outcome": 0.009162192915567026
                },
                "metadata": {
                    "trials": 1
                }
            },
            {
                "query": {
                    "x1": 3.2317434290541804,
                    "x2": 0.5578472314161775
                },
                "metrics": {
                    "outcome": 0.007715674517427816
                },
                "metadata": {
                    "trials": 1
                }
            }
        ]
    ]
}