{
    "date": "09/11/2022 18:53:56",
    "basic_params": {
        "active_variables": [
            "x1",
            "x2"
        ],
        "default_query": {},
        "metric": "basic",
        "n_trials": 1
    },
    "objective_function": {
        "name": "Beale",
        "params": {}
    },
    "optimizer": {
        "name": "BO-MCMC-250",
        "params": {
            "lower_bound": [
                -4.5,
                -4.5
            ],
            "upper_bound": [
                4.5,
                4.5
            ],
            "invert_metric": false,
            "bopt_params": {
                "n_init_samples": 15,
                "n_iterations": 45,
                "n_iter_relearn": 5,
                "verbose_level": 0,
                "n_parallel_samples": 3,
                "par_type": "PAR_MCMC",
                "l_type": "L_MCMC",
                "burnout_mcmc_parallel": 250,
                "crit_name": "cEI"
            }
        }
    },
    "execution_time": 101.43369889259338,
    "best_results": [
        {
            "query": {
                "x1": 2.986801633814146,
                "x2": 0.4960576223855897
            },
            "metrics": [
                {
                    "name": "outcome",
                    "value": 3.7904331889836016e-05
                }
            ]
        }
    ],
    "iterations": [
        [
            {
                "query": {
                    "x1": -2.3158184381201865,
                    "x2": 1.1518688392359762
                },
                "metrics": {
                    "outcome": 5.512537013535123
                },
                "metadata": {
                    "trials": 1
                }
            }
        ],
        [
            {
                "query": {
                    "x1": -4.4078153457026925,
                    "x2": -0.03483333648182452
                },
                "metrics": {
                    "outcome": 130.45844575516537
                },
                "metadata": {
                    "trials": 1
                }
            }
        ],
        [
            {
                "query": {
                    "x1": 4.285875680437311,
                    "x2": -2.5825698483735327
                },
                "metrics": {
                    "outcome": 6594.741987759329
                },
                "metadata": {
                    "trials": 1
                }
            }
        ],
        [
            {
                "query": {
                    "x1": -0.5607134384103118,
                    "x2": 2.737789753312245
                },
                "metrics": {
                    "outcome": 71.44883264746184
                },
                "metadata": {
                    "trials": 1
                }
            }
        ],
        [
            {
                "query": {
                    "x1": 0.07167389597743767,
                    "x2": -0.6280557255260644
                },
                "metrics": {
                    "outcome": 13.211738082034213
                },
                "metadata": {
                    "trials": 1
                }
            }
        ],
        [
            {
                "query": {
                    "x1": -1.8487878913991151,
                    "x2": 2.31902117896825
                },
                "metrics": {
                    "outcome": 380.3628498032955
                },
                "metadata": {
                    "trials": 1
                }
            }
        ],
        [
            {
                "query": {
                    "x1": 1.7561064108274875,
                    "x2": -4.2198227571789175
                },
                "metrics": {
                    "outcome": 18251.946404320643
                },
                "metadata": {
                    "trials": 1
                }
            }
        ],
        [
            {
                "query": {
                    "x1": -1.3204170926939698,
                    "x2": 4.0350658885203305
                },
                "metrics": {
                    "outcome": 7184.096965242029
                },
                "metadata": {
                    "trials": 1
                }
            }
        ],
        [
            {
                "query": {
                    "x1": 3.3041060176212342,
                    "x2": 0.6724091051146388
                },
                "metrics": {
                    "outcome": 0.47369994088903133
                },
                "metadata": {
                    "trials": 1
                }
            }
        ],
        [
            {
                "query": {
                    "x1": 0.48630316997878253,
                    "x2": -3.638717621890828
                },
                "metrics": {
                    "outcome": 521.1253058926975
                },
                "metadata": {
                    "trials": 1
                }
            }
        ],
        [
            {
                "query": {
                    "x1": 3.168828777037561,
                    "x2": 1.6398226090706887
                },
                "metrics": {
                    "outcome": 250.57916348281424
                },
                "metadata": {
                    "trials": 1
                }
            }
        ],
        [
            {
                "query": {
                    "x1": -3.552203785534948,
                    "x2": 3.460821820981801
                },
                "metrics": {
                    "outcome": 21302.174869755534
                },
                "metadata": {
                    "trials": 1
                }
            }
        ],
        [
            {
                "query": {
                    "x1": 1.405028834939003,
                    "x2": -2.744961377000436
                },
                "metrics": {
                    "outcome": 919.8934988325022
                },
                "metadata": {
                    "trials": 1
                }
            }
        ],
        [
            {
                "query": {
                    "x1": 2.101066790381447,
                    "x2": -1.8087892851792278
                },
                "metrics": {
                    "outcome": 210.54065052306663
                },
                "metadata": {
                    "trials": 1
                }
            }
        ],
        [
            {
                "query": {
                    "x1": -3.042650086898357,
                    "x2": -1.150455772317946
                },
                "metrics": {
                    "outcome": 172.39611791027312
                },
                "metadata": {
                    "trials": 1
                }
            }
        ],
        [
            {
                "query": {
                    "x1": 2.2534300352919328,
                    "x2": 2.4514063074236176
                },
                "metrics": {
                    "outcome": 1332.848451207258
                },
                "metadata": {
                    "trials": 1
                }
            },
            {
                "query": {
                    "x1": 1.3744880862139928,
                    "x2": 2.6183397013182415
                },
                "metrics": {
                    "outcome": 791.9517184675948
                },
                "metadata": {
                    "trials": 1
                }
            },
            {
                "query": {
                    "x1": -2.3130203040167197,
                    "x2": -2.809307974951822
                },
                "metrics": {
                    "outcome": 3454.640195131846
                },
                "metadata": {
                    "trials": 1
                }
            }
        ],
        [
            {
                "query": {
                    "x1": 0.8849434718901223,
                    "x2": -3.4402551508042745
                },
                "metrics": {
                    "outcome": 1321.988530720192
                },
                "metadata": {
                    "trials": 1
                }
            },
            {
                "query": {
                    "x1": 0.5441182884416831,
                    "x2": -3.3867295673268885
                },
                "metrics": {
                    "outcome": 427.0595016800532
                },
                "metadata": {
                    "trials": 1
                }
            },
            {
                "query": {
                    "x1": -0.655888092780768,
                    "x2": -3.358697617664106
                },
                "metrics": {
                    "outcome": 830.5857304119008
                },
                "metadata": {
                    "trials": 1
                }
            }
        ],
        [
            {
                "query": {
                    "x1": -0.8707559300270766,
                    "x2": -3.635577301668805
                },
                "metrics": {
                    "outcome": 2156.565901774068
                },
                "metadata": {
                    "trials": 1
                }
            },
            {
                "query": {
                    "x1": -0.6283593916827859,
                    "x2": -3.5645983065313427
                },
                "metrics": {
                    "outcome": 1050.9084199958074
                },
                "metadata": {
                    "trials": 1
                }
            },
            {
                "query": {
                    "x1": 4.4056176488147845,
                    "x2": -0.8837832860458348
                },
                "metrics": {
                    "outcome": 71.1318699682832
                },
                "metadata": {
                    "trials": 1
                }
            }
        ],
        [
            {
                "query": {
                    "x1": 4.349821028777189,
                    "x2": 0.4415518541029968
                },
                "metrics": {
                    "outcome": 4.253633264028959
                },
                "metadata": {
                    "trials": 1
                }
            },
            {
                "query": {
                    "x1": 2.903428696340999,
                    "x2": 0.4837231702313378
                },
                "metrics": {
                    "outcome": 0.003193653752871579
                },
                "metadata": {
                    "trials": 1
                }
            },
            {
                "query": {
                    "x1": -3.5583808354414295,
                    "x2": 1.0372921680728284
                },
                "metrics": {
                    "outcome": 10.68090158346298
                },
                "metadata": {
                    "trials": 1
                }
            }
        ],
        [
            {
                "query": {
                    "x1": 1.8567602248237334,
                    "x2": -1.497730689754206
                },
                "metrics": {
                    "outcome": 60.543459198279315
                },
                "metadata": {
                    "trials": 1
                }
            },
            {
                "query": {
                    "x1": 2.999157604193483,
                    "x2": 0.5979074321772284
                },
                "metrics": {
                    "outcome": 0.2620533682073346
                },
                "metadata": {
                    "trials": 1
                }
            },
            {
                "query": {
                    "x1": -0.21159623197926525,
                    "x2": 2.668673054983662
                },
                "metrics": {
                    "outcome": 3.630892662498584
                },
                "metadata": {
                    "trials": 1
                }
            }
        ],
        [
            {
                "query": {
                    "x1": -3.849243923121635,
                    "x2": -4.456295171060479
                },
                "metrics": {
                    "outcome": 125943.44488690762
                },
                "metadata": {
                    "trials": 1
                }
            },
            {
                "query": {
                    "x1": 0.6016621983144432,
                    "x2": 2.7545100627467036
                },
                "metrics": {
                    "outcome": 258.2295786412649
                },
                "metadata": {
                    "trials": 1
                }
            },
            {
                "query": {
                    "x1": -2.062832305359412,
                    "x2": -0.18595883046670814
                },
                "metrics": {
                    "outcome": 55.664967250895714
                },
                "metadata": {
                    "trials": 1
                }
            }
        ],
        [
            {
                "query": {
                    "x1": 0.7362052830088404,
                    "x2": 3.1448481365446614
                },
                "metrics": {
                    "outcome": 701.2173672532838
                },
                "metadata": {
                    "trials": 1
                }
            },
            {
                "query": {
                    "x1": -4.417696606877714,
                    "x2": 1.0854338282305642
                },
                "metrics": {
                    "outcome": 5.341445954894235
                },
                "metadata": {
                    "trials": 1
                }
            },
            {
                "query": {
                    "x1": 1.1743686998737441,
                    "x2": 2.832206911974697
                },
                "metrics": {
                    "outcome": 914.8049128549311
                },
                "metadata": {
                    "trials": 1
                }
            }
        ],
        [
            {
                "query": {
                    "x1": 3.809075249824673,
                    "x2": 0.17658760794438422
                },
                "metrics": {
                    "outcome": 6.105190508453247
                },
                "metadata": {
                    "trials": 1
                }
            },
            {
                "query": {
                    "x1": -1.7890260347630829,
                    "x2": 3.920108307385817
                },
                "metrics": {
                    "outcome": 11247.053455638188
                },
                "metadata": {
                    "trials": 1
                }
            },
            {
                "query": {
                    "x1": 2.6415569340426535,
                    "x2": 3.353316155011121
                },
                "metrics": {
                    "outcome": 10836.703402387735
                },
                "metadata": {
                    "trials": 1
                }
            }
        ],
        [
            {
                "query": {
                    "x1": 3.4667760943794956,
                    "x2": 2.2841939833539424
                },
                "metrics": {
                    "outcome": 1958.2790143734805
                },
                "metadata": {
                    "trials": 1
                }
            },
            {
                "query": {
                    "x1": -0.10016116336919367,
                    "x2": -1.4037132819648832
                },
                "metrics": {
                    "outcome": 16.67798115564873
                },
                "metadata": {
                    "trials": 1
                }
            },
            {
                "query": {
                    "x1": 0.8010997870599006,
                    "x2": 1.9528814622551751
                },
                "metrics": {
                    "outcome": 86.09878997166115
                },
                "metadata": {
                    "trials": 1
                }
            }
        ],
        [
            {
                "query": {
                    "x1": -0.10830643096441683,
                    "x2": 0.33357874439219426
                },
                "metrics": {
                    "outcome": 15.425656904224684
                },
                "metadata": {
                    "trials": 1
                }
            },
            {
                "query": {
                    "x1": -2.0022321746944662,
                    "x2": -2.979716971871145
                },
                "metrics": {
                    "outcome": 3590.1497426286573
                },
                "metadata": {
                    "trials": 1
                }
            },
            {
                "query": {
                    "x1": -1.2746833620231968,
                    "x2": 3.4345926690703363
                },
                "metrics": {
                    "outcome": 2414.709852110209
                },
                "metadata": {
                    "trials": 1
                }
            }
        ],
        [
            {
                "query": {
                    "x1": -3.9025829518274455,
                    "x2": 0.5014343568678443
                },
                "metrics": {
                    "outcome": 75.04333582782591
                },
                "metadata": {
                    "trials": 1
                }
            },
            {
                "query": {
                    "x1": -0.7472906826434924,
                    "x2": -2.4981034771117723
                },
                "metrics": {
                    "outcome": 245.36713546219096
                },
                "metadata": {
                    "trials": 1
                }
            },
            {
                "query": {
                    "x1": 0.8066308171873997,
                    "x2": 3.3112883068056567
                },
                "metrics": {
                    "outcome": 1084.6631223468435
                },
                "metadata": {
                    "trials": 1
                }
            }
        ],
        [
            {
                "query": {
                    "x1": 2.233190058609617,
                    "x2": -0.20581790122129373
                },
                "metrics": {
                    "outcome": 1.5738698049282291
                },
                "metadata": {
                    "trials": 1
                }
            },
            {
                "query": {
                    "x1": -4.139880698664181,
                    "x2": 2.9358196892259247
                },
                "metrics": {
                    "outcome": 10502.56898353979
                },
                "metadata": {
                    "trials": 1
                }
            },
            {
                "query": {
                    "x1": 2.8777880991909974,
                    "x2": 0.8364292750898095
                },
                "metrics": {
                    "outcome": 5.027585638025759
                },
                "metadata": {
                    "trials": 1
                }
            }
        ],
        [
            {
                "query": {
                    "x1": -4.411917117191479,
                    "x2": -2.0854215344879776
                },
                "metrics": {
                    "outcome": 2599.04019780803
                },
                "metadata": {
                    "trials": 1
                }
            },
            {
                "query": {
                    "x1": -3.7768509162124246,
                    "x2": 2.855096748098731
                },
                "metrics": {
                    "outcome": 7285.462477767639
                },
                "metadata": {
                    "trials": 1
                }
            },
            {
                "query": {
                    "x1": -2.9446021989932096,
                    "x2": 0.8167846121544784
                },
                "metrics": {
                    "outcome": 30.315162679669967
                },
                "metadata": {
                    "trials": 1
                }
            }
        ],
        [
            {
                "query": {
                    "x1": 0.17939972307771423,
                    "x2": -2.0397699970487504
                },
                "metrics": {
                    "outcome": 9.699061243214354
                },
                "metadata": {
                    "trials": 1
                }
            },
            {
                "query": {
                    "x1": 0.1639986527193953,
                    "x2": 2.331530848819704
                },
                "metrics": {
                    "outcome": 32.42599259847801
                },
                "metadata": {
                    "trials": 1
                }
            },
            {
                "query": {
                    "x1": 3.4529579234071948,
                    "x2": 1.896248223221952
                },
                "metrics": {
                    "outcome": 662.8538085079425
                },
                "metadata": {
                    "trials": 1
                }
            }
        ],
        [
            {
                "query": {
                    "x1": -0.7376866865672573,
                    "x2": -3.802187716958402
                },
                "metrics": {
                    "outcome": 2012.5342332221783
                },
                "metadata": {
                    "trials": 1
                }
            },
            {
                "query": {
                    "x1": 4.339283207198605,
                    "x2": -1.3037957344204187
                },
                "metrics": {
                    "outcome": 228.54978585605613
                },
                "metadata": {
                    "trials": 1
                }
            },
            {
                "query": {
                    "x1": 3.722839905306845,
                    "x2": -2.2348423452469994
                },
                "metrics": {
                    "outcome": 2223.4752975330853
                },
                "metadata": {
                    "trials": 1
                }
            }
        ],
        [
            {
                "query": {
                    "x1": 3.712814199245628,
                    "x2": -2.6128862049012334
                },
                "metrics": {
                    "outcome": 5244.338716543629
                },
                "metadata": {
                    "trials": 1
                }
            },
            {
                "query": {
                    "x1": 0.35807651084768555,
                    "x2": -2.5115642729882937
                },
                "metrics": {
                    "outcome": 28.887775374242313
                },
                "metadata": {
                    "trials": 1
                }
            },
            {
                "query": {
                    "x1": 3.398515268961237,
                    "x2": -3.742363031163795
                },
                "metrics": {
                    "outcome": 34376.11886029158
                },
                "metadata": {
                    "trials": 1
                }
            }
        ],
        [
            {
                "query": {
                    "x1": 1.5963896484679614,
                    "x2": 0.43343972371916983
                },
                "metrics": {
                    "outcome": 2.6062520439356773
                },
                "metadata": {
                    "trials": 1
                }
            },
            {
                "query": {
                    "x1": -0.7525883379809559,
                    "x2": -0.12523446787113368
                },
                "metrics": {
                    "outcome": 25.87053561151002
                },
                "metadata": {
                    "trials": 1
                }
            },
            {
                "query": {
                    "x1": 0.19199861382937655,
                    "x2": -3.9392847368524664
                },
                "metrics": {
                    "outcome": 112.24094908378366
                },
                "metadata": {
                    "trials": 1
                }
            }
        ],
        [
            {
                "query": {
                    "x1": -3.9565797707603103,
                    "x2": 2.426015662858667
                },
                "metrics": {
                    "outcome": 2800.115307051673
                },
                "metadata": {
                    "trials": 1
                }
            },
            {
                "query": {
                    "x1": -2.361745304607825,
                    "x2": 3.538502871880681
                },
                "metrics": {
                    "outcome": 10573.675427312646
                },
                "metadata": {
                    "trials": 1
                }
            },
            {
                "query": {
                    "x1": -2.371192570349413,
                    "x2": 1.6076339939351643
                },
                "metrics": {
                    "outcome": 25.85466452700211
                },
                "metadata": {
                    "trials": 1
                }
            }
        ],
        [
            {
                "query": {
                    "x1": -0.12863778472132648,
                    "x2": 1.9650723905897083
                },
                "metrics": {
                    "outcome": 8.594093287757426
                },
                "metadata": {
                    "trials": 1
                }
            },
            {
                "query": {
                    "x1": 1.1445944800088288,
                    "x2": -2.7863486374013555
                },
                "metrics": {
                    "outcome": 649.8245367004017
                },
                "metadata": {
                    "trials": 1
                }
            },
            {
                "query": {
                    "x1": -0.19077008223094705,
                    "x2": -2.1129880082161687
                },
                "metrics": {
                    "outcome": 28.21191584092174
                },
                "metadata": {
                    "trials": 1
                }
            }
        ],
        [
            {
                "query": {
                    "x1": -3.547305232722562,
                    "x2": -1.45388813405601
                },
                "metrics": {
                    "outcome": 398.5483004687977
                },
                "metadata": {
                    "trials": 1
                }
            },
            {
                "query": {
                    "x1": 0.37988543110494266,
                    "x2": -0.3443646479622595
                },
                "metrics": {
                    "outcome": 9.617679985338441
                },
                "metadata": {
                    "trials": 1
                }
            },
            {
                "query": {
                    "x1": -0.6859370086796654,
                    "x2": -4.246083593369659
                },
                "metrics": {
                    "outcome": 3231.0206352678033
                },
                "metadata": {
                    "trials": 1
                }
            }
        ],
        [
            {
                "query": {
                    "x1": -0.0956820960715632,
                    "x2": -3.9905063762539985
                },
                "metrics": {
                    "outcome": 82.04099048483249
                },
                "metadata": {
                    "trials": 1
                }
            },
            {
                "query": {
                    "x1": -0.025637663796562293,
                    "x2": 3.1185921427488648
                },
                "metrics": {
                    "outcome": 9.704160588991977
                },
                "metadata": {
                    "trials": 1
                }
            },
            {
                "query": {
                    "x1": 0.5066158578301003,
                    "x2": -1.1416686634352895
                },
                "metrics": {
                    "outcome": 7.811935387922963
                },
                "metadata": {
                    "trials": 1
                }
            }
        ],
        [
            {
                "query": {
                    "x1": -0.03143861341421417,
                    "x2": -3.768748258799566
                },
                "metrics": {
                    "outcome": 24.91884910140058
                },
                "metadata": {
                    "trials": 1
                }
            },
            {
                "query": {
                    "x1": 0.034995441952915485,
                    "x2": -3.734129246971438
                },
                "metrics": {
                    "outcome": 9.67611253702158
                },
                "metadata": {
                    "trials": 1
                }
            },
            {
                "query": {
                    "x1": 0.17968762980783648,
                    "x2": -2.3991938710966765
                },
                "metrics": {
                    "outcome": 10.430651047569244
                },
                "metadata": {
                    "trials": 1
                }
            }
        ],
        [
            {
                "query": {
                    "x1": -2.281490638054228,
                    "x2": 1.4128280248428258
                },
                "metrics": {
                    "outcome": 2.6455607717351555
                },
                "metadata": {
                    "trials": 1
                }
            },
            {
                "query": {
                    "x1": 1.1100213313011578,
                    "x2": -0.9204902048144752
                },
                "metrics": {
                    "outcome": 5.149149166062098
                },
                "metadata": {
                    "trials": 1
                }
            },
            {
                "query": {
                    "x1": 2.247900110526273,
                    "x2": -1.0038472268951493
                },
                "metrics": {
                    "outcome": 17.76551372879333
                },
                "metadata": {
                    "trials": 1
                }
            }
        ],
        [
            {
                "query": {
                    "x1": 0.11601959448997334,
                    "x2": -3.940398489313967
                },
                "metrics": {
                    "outcome": 37.40772469374579
                },
                "metadata": {
                    "trials": 1
                }
            },
            {
                "query": {
                    "x1": 2.1900746068630426,
                    "x2": 0.39561981947403435
                },
                "metrics": {
                    "outcome": 0.5187860951828205
                },
                "metadata": {
                    "trials": 1
                }
            },
            {
                "query": {
                    "x1": 2.27887593865358,
                    "x2": 0.31013137139252667
                },
                "metrics": {
                    "outcome": 0.21289894066230175
                },
                "metadata": {
                    "trials": 1
                }
            }
        ],
        [
            {
                "query": {
                    "x1": -4.212241180101502,
                    "x2": 0.9496556400924314
                },
                "metrics": {
                    "outcome": 20.456060233040596
                },
                "metadata": {
                    "trials": 1
                }
            },
            {
                "query": {
                    "x1": -4.332652665129121,
                    "x2": 1.0225777402161516
                },
                "metrics": {
                    "outcome": 11.582390902984253
                },
                "metadata": {
                    "trials": 1
                }
            },
            {
                "query": {
                    "x1": -4.3914770264014225,
                    "x2": 0.931317258673471
                },
                "metrics": {
                    "outcome": 23.30387620746787
                },
                "metadata": {
                    "trials": 1
                }
            }
        ],
        [
            {
                "query": {
                    "x1": 2.1915377488220553,
                    "x2": 0.09267682021911927
                },
                "metrics": {
                    "outcome": 0.4339447063106796
                },
                "metadata": {
                    "trials": 1
                }
            },
            {
                "query": {
                    "x1": -0.4113053251994305,
                    "x2": 3.0782007553252084
                },
                "metrics": {
                    "outcome": 82.22925660424933
                },
                "metadata": {
                    "trials": 1
                }
            },
            {
                "query": {
                    "x1": 2.419489776773424,
                    "x2": 0.298212690550403
                },
                "metrics": {
                    "outcome": 0.11400248714564667
                },
                "metadata": {
                    "trials": 1
                }
            }
        ],
        [
            {
                "query": {
                    "x1": -0.41393576212265604,
                    "x2": 2.3028831611140683
                },
                "metrics": {
                    "outcome": 5.208431867305062
                },
                "metadata": {
                    "trials": 1
                }
            },
            {
                "query": {
                    "x1": -0.4311453345346017,
                    "x2": 2.4043373522281577
                },
                "metrics": {
                    "outcome": 9.45813881084137
                },
                "metadata": {
                    "trials": 1
                }
            },
            {
                "query": {
                    "x1": 2.5835219512532355,
                    "x2": 0.3264715246942824
                },
                "metrics": {
                    "outcome": 0.07827852523780195
                },
                "metadata": {
                    "trials": 1
                }
            }
        ],
        [
            {
                "query": {
                    "x1": 2.6303230820575827,
                    "x2": 0.4518995556807255
                },
                "metrics": {
                    "outcome": 0.08435979428407142
                },
                "metadata": {
                    "trials": 1
                }
            },
            {
                "query": {
                    "x1": 1.330085416715832,
                    "x2": -1.157810152495181
                },
                "metrics": {
                    "outcome": 9.774999574574878
                },
                "metadata": {
                    "trials": 1
                }
            },
            {
                "query": {
                    "x1": 2.6970604294305645,
                    "x2": 0.4334953868021838
                },
                "metrics": {
                    "outcome": 0.026149823857986663
                },
                "metadata": {
                    "trials": 1
                }
            }
        ],
        [
            {
                "query": {
                    "x1": 3.3967730012639503,
                    "x2": 0.6013704980018364
                },
                "metrics": {
                    "outcome": 0.029059318638251345
                },
                "metadata": {
                    "trials": 1
                }
            },
            {
                "query": {
                    "x1": 3.390028373909349,
                    "x2": 0.6027616315741104
                },
                "metrics": {
                    "outcome": 0.03242657602990387
                },
                "metadata": {
                    "trials": 1
                }
            },
            {
                "query": {
                    "x1": 3.3070141355998963,
                    "x2": 0.5449805331363002
                },
                "metrics": {
                    "outcome": 0.02715204446093608
                },
                "metadata": {
                    "trials": 1
                }
            }
        ],
        [
            {
                "query": {
                    "x1": 2.889459736057317,
                    "x2": 0.4537669206391932
                },
                "metrics": {
                    "outcome": 0.008145038047291189
                },
                "metadata": {
                    "trials": 1
                }
            },
            {
                "query": {
                    "x1": -0.21987038253993774,
                    "x2": 2.5809631221436744
                },
                "metrics": {
                    "outcome": 3.2133000002597303
                },
                "metadata": {
                    "trials": 1
                }
            },
            {
                "query": {
                    "x1": 2.8912335051519804,
                    "x2": 0.4209107376430792
                },
                "metrics": {
                    "outcome": 0.0495803036295349
                },
                "metadata": {
                    "trials": 1
                }
            }
        ],
        [
            {
                "query": {
                    "x1": 2.8096965849485667,
                    "x2": 0.4700333275005546
                },
                "metrics": {
                    "outcome": 0.015312918507508294
                },
                "metadata": {
                    "trials": 1
                }
            },
            {
                "query": {
                    "x1": 2.804109753781682,
                    "x2": 0.45039015565134566
                },
                "metrics": {
                    "outcome": 0.00785229700556226
                },
                "metadata": {
                    "trials": 1
                }
            },
            {
                "query": {
                    "x1": -0.21551231052738462,
                    "x2": 2.1854182912120574
                },
                "metrics": {
                    "outcome": 3.960918176209797
                },
                "metadata": {
                    "trials": 1
                }
            }
        ],
        [
            {
                "query": {
                    "x1": 1.831276159929648,
                    "x2": -0.10426399544884557
                },
                "metrics": {
                    "outcome": 1.0918102397850404
                },
                "metadata": {
                    "trials": 1
                }
            },
            {
                "query": {
                    "x1": 1.8782783420065208,
                    "x2": -0.0712214517726677
                },
                "metrics": {
                    "outcome": 0.9641285632736496
                },
                "metadata": {
                    "trials": 1
                }
            },
            {
                "query": {
                    "x1": 1.7903040738310665,
                    "x2": -0.0611421091016382
                },
                "metrics": {
                    "outcome": 1.073366449665478
                },
                "metadata": {
                    "trials": 1
                }
            }
        ],
        [
            {
                "query": {
                    "x1": -0.22358650110260836,
                    "x2": 2.2835037613855844
                },
                "metrics": {
                    "outcome": 3.2162787260639143
                },
                "metadata": {
                    "trials": 1
                }
            },
            {
                "query": {
                    "x1": 0.016264894964503007,
                    "x2": -3.805776244678589
                },
                "metrics": {
                    "outcome": 11.050660715961651
                },
                "metadata": {
                    "trials": 1
                }
            },
            {
                "query": {
                    "x1": 3.2898117486749605,
                    "x2": 0.579499820886463
                },
                "metrics": {
                    "outcome": 0.018429505672637105
                },
                "metadata": {
                    "trials": 1
                }
            }
        ],
        [
            {
                "query": {
                    "x1": 2.942337785461003,
                    "x2": 0.47605551435609517
                },
                "metrics": {
                    "outcome": 0.002383600338178324
                },
                "metadata": {
                    "trials": 1
                }
            },
            {
                "query": {
                    "x1": 2.9801990019258024,
                    "x2": 0.48687834527511953
                },
                "metrics": {
                    "outcome": 0.0015428973492272423
                },
                "metadata": {
                    "trials": 1
                }
            },
            {
                "query": {
                    "x1": 2.926863087709478,
                    "x2": 0.47686365055507185
                },
                "metrics": {
                    "outcome": 0.0013387607440402869
                },
                "metadata": {
                    "trials": 1
                }
            }
        ],
        [
            {
                "query": {
                    "x1": 3.0669525001143576,
                    "x2": 0.5150585907028367
                },
                "metrics": {
                    "outcome": 0.0006966417695820896
                },
                "metadata": {
                    "trials": 1
                }
            },
            {
                "query": {
                    "x1": 3.1155105039319535,
                    "x2": 0.4922077251668826
                },
                "metrics": {
                    "outcome": 0.033148639792306145
                },
                "metadata": {
                    "trials": 1
                }
            },
            {
                "query": {
                    "x1": 2.892128227452165,
                    "x2": 0.4742060507244261
                },
                "metrics": {
                    "outcome": 0.0021983115397800823
                },
                "metadata": {
                    "trials": 1
                }
            }
        ],
        [
            {
                "query": {
                    "x1": 3.1720765266609083,
                    "x2": 0.5386642157226174
                },
                "metrics": {
                    "outcome": 0.0039731790078399365
                },
                "metadata": {
                    "trials": 1
                }
            },
            {
                "query": {
                    "x1": 2.972899883364124,
                    "x2": 0.4879563115529475
                },
                "metrics": {
                    "outcome": 0.0007279680424336604
                },
                "metadata": {
                    "trials": 1
                }
            },
            {
                "query": {
                    "x1": 3.1379261991245784,
                    "x2": 0.5285443418130171
                },
                "metrics": {
                    "outcome": 0.00301288467802962
                },
                "metadata": {
                    "trials": 1
                }
            }
        ],
        [
            {
                "query": {
                    "x1": 3.04307128518761,
                    "x2": 0.5091446437189795
                },
                "metrics": {
                    "outcome": 0.0003274361668276866
                },
                "metadata": {
                    "trials": 1
                }
            },
            {
                "query": {
                    "x1": 3.0467740043925637,
                    "x2": 0.5071676428038367
                },
                "metrics": {
                    "outcome": 0.0007647439651798292
                },
                "metadata": {
                    "trials": 1
                }
            },
            {
                "query": {
                    "x1": 3.0243435942659715,
                    "x2": 0.5098162111630211
                },
                "metrics": {
                    "outcome": 0.0004461666569092909
                },
                "metadata": {
                    "trials": 1
                }
            }
        ],
        [
            {
                "query": {
                    "x1": 3.0367112375289516,
                    "x2": 0.5032549697617865
                },
                "metrics": {
                    "outcome": 0.0009902633716525552
                },
                "metadata": {
                    "trials": 1
                }
            },
            {
                "query": {
                    "x1": 2.9913162025624143,
                    "x2": 0.4932040980634822
                },
                "metrics": {
                    "outcome": 0.0004980387772948202
                },
                "metadata": {
                    "trials": 1
                }
            },
            {
                "query": {
                    "x1": 2.99217411401212,
                    "x2": 0.49681230189776837
                },
                "metrics": {
                    "outcome": 4.494819730091858e-05
                },
                "metadata": {
                    "trials": 1
                }
            }
        ],
        [
            {
                "query": {
                    "x1": 3.033928524873331,
                    "x2": 0.5064676385744908
                },
                "metrics": {
                    "outcome": 0.00025795660010833406
                },
                "metadata": {
                    "trials": 1
                }
            },
            {
                "query": {
                    "x1": 3.0103735687324313,
                    "x2": 0.4997001564371182
                },
                "metrics": {
                    "outcome": 0.00020759746600183484
                },
                "metadata": {
                    "trials": 1
                }
            },
            {
                "query": {
                    "x1": 3.041453607892059,
                    "x2": 0.5049606733440939
                },
                "metrics": {
                    "outcome": 0.000902692422062464
                },
                "metadata": {
                    "trials": 1
                }
            }
        ],
        [
            {
                "query": {
                    "x1": 2.9428149201229026,
                    "x2": 0.4934224412441699
                },
                "metrics": {
                    "outcome": 0.001920261352690771
                },
                "metadata": {
                    "trials": 1
                }
            },
            {
                "query": {
                    "x1": 2.951815787303061,
                    "x2": 0.4950968290398805
                },
                "metrics": {
                    "outcome": 0.001551705417582552
                },
                "metadata": {
                    "trials": 1
                }
            },
            {
                "query": {
                    "x1": 3.0165150606141857,
                    "x2": 0.5021053322173898
                },
                "metrics": {
                    "outcome": 0.00013336307536931266
                },
                "metadata": {
                    "trials": 1
                }
            }
        ],
        [
            {
                "query": {
                    "x1": 2.9799935115928795,
                    "x2": 0.4946839733327133
                },
                "metrics": {
                    "outcome": 6.771980280340648e-05
                },
                "metadata": {
                    "trials": 1
                }
            },
            {
                "query": {
                    "x1": 3.008337859266936,
                    "x2": 0.4988108915424254
                },
                "metrics": {
                    "outcome": 0.00025600530212781963
                },
                "metadata": {
                    "trials": 1
                }
            },
            {
                "query": {
                    "x1": 3.0260248351826515,
                    "x2": 0.5077034115200201
                },
                "metrics": {
                    "outcome": 0.00014700886291700428
                },
                "metadata": {
                    "trials": 1
                }
            }
        ],
        [
            {
                "query": {
                    "x1": 3.00612638854522,
                    "x2": 0.5001972551492351
                },
                "metrics": {
                    "outcome": 4.627954568160089e-05
                },
                "metadata": {
                    "trials": 1
                }
            },
            {
                "query": {
                    "x1": 3.0790721687347276,
                    "x2": 0.5150395732274653
                },
                "metrics": {
                    "outcome": 0.0013128383836410926
                },
                "metadata": {
                    "trials": 1
                }
            },
            {
                "query": {
                    "x1": 2.9562626623617803,
                    "x2": 0.489488530883218
                },
                "metrics": {
                    "outcome": 0.00032769740677350627
                },
                "metadata": {
                    "trials": 1
                }
            }
        ],
        [
            {
                "query": {
                    "x1": 2.9343662676343136,
                    "x2": 0.4791250031166916
                },
                "metrics": {
                    "outcome": 0.0011033190952247534
                },
                "metadata": {
                    "trials": 1
                }
            },
            {
                "query": {
                    "x1": 2.9563765825898702,
                    "x2": 0.48925189941981984
                },
                "metrics": {
                    "outcome": 0.00032137281204929873
                },
                "metadata": {
                    "trials": 1
                }
            },
            {
                "query": {
                    "x1": 3.03078439281781,
                    "x2": 0.5108724925573007
                },
                "metrics": {
                    "outcome": 0.0004156710135426631
                },
                "metadata": {
                    "trials": 1
                }
            }
        ],
        [
            {
                "query": {
                    "x1": 2.996605347956237,
                    "x2": 0.4976896356296514
                },
                "metrics": {
                    "outcome": 5.1162837463282026e-05
                },
                "metadata": {
                    "trials": 1
                }
            },
            {
                "query": {
                    "x1": 3.0311600871393294,
                    "x2": 0.5069009333991499
                },
                "metrics": {
                    "outcome": 0.00016284918525016757
                },
                "metadata": {
                    "trials": 1
                }
            },
            {
                "query": {
                    "x1": 2.986801633814146,
                    "x2": 0.4960576223855897
                },
                "metrics": {
                    "outcome": 3.7904331889836016e-05
                },
                "metadata": {
                    "trials": 1
                }
            }
        ],
        [
            {
                "query": {
                    "x1": 2.990982004623949,
                    "x2": 0.4991283634249042
                },
                "metrics": {
                    "outcome": 5.6182481006840144e-05
                },
                "metadata": {
                    "trials": 1
                }
            },
            {
                "query": {
                    "x1": 2.9689968871571697,
                    "x2": 0.49232467847901695
                },
                "metrics": {
                    "outcome": 0.00015954430781013964
                },
                "metadata": {
                    "trials": 1
                }
            },
            {
                "query": {
                    "x1": 2.9805188274307284,
                    "x2": 0.4932850921304315
                },
                "metrics": {
                    "outcome": 0.00013830065976653367
                },
                "metadata": {
                    "trials": 1
                }
            }
        ]
    ]
}