{
    "date": "08/11/2022 19:02:45",
    "basic_params": {
        "active_variables": [
            "x1",
            "x2"
        ],
        "default_query": {},
        "metric": "basic",
        "n_trials": 1
    },
    "objective_function": {
        "name": "Gramacy2D",
        "params": {}
    },
    "optimizer": {
        "name": "GO-BO",
        "params": {
            "maximize": false,
            "domain": [
                {
                    "name": "x1",
                    "type": "continuous",
                    "domain": [
                        -2.0,
                        6.0
                    ]
                },
                {
                    "name": "x2",
                    "type": "continuous",
                    "domain": [
                        -2.0,
                        6.0
                    ]
                }
            ],
            "initial_design_numdata": 10,
            "num_iters": 140,
            "acquisition_type": "EI",
            "evaluator_type": "sequential",
            "batch_size": 1,
            "model_update_interval": 5
        }
    },
    "best_results": [
        {
            "query": {
                "x1": -0.7180320524954503,
                "x2": -0.005394782971463029
            },
            "metrics": [
                {
                    "name": "outcome",
                    "value": -0.4287676129127371
                }
            ]
        }
    ],
    "iterations": [
        [
            {
                "query": {
                    "x1": 4.800000000000001,
                    "x2": 1.6
                },
                "metrics": {
                    "outcome": 3.6584952933661615e-11
                },
                "metadata": {
                    "trials": 1
                }
            }
        ],
        [
            {
                "query": {
                    "x1": 0.0,
                    "x2": -1.6
                },
                "metrics": {
                    "outcome": 0.0
                },
                "metadata": {
                    "trials": 1
                }
            }
        ],
        [
            {
                "query": {
                    "x1": 2.4000000000000004,
                    "x2": 4.800000000000001
                },
                "metrics": {
                    "outcome": 7.456416570104217e-13
                },
                "metadata": {
                    "trials": 1
                }
            }
        ],
        [
            {
                "query": {
                    "x1": 3.200000000000001,
                    "x2": 0.0
                },
                "metrics": {
                    "outcome": 0.00011428111885323189
                },
                "metadata": {
                    "trials": 1
                }
            }
        ],
        [
            {
                "query": {
                    "x1": 5.6,
                    "x2": 5.6
                },
                "metrics": {
                    "outcome": 3.2302647782988377e-27
                },
                "metadata": {
                    "trials": 1
                }
            }
        ],
        [
            {
                "query": {
                    "x1": 4.0,
                    "x2": 2.4000000000000004
                },
                "metrics": {
                    "outcome": 1.4184435771633137e-09
                },
                "metadata": {
                    "trials": 1
                }
            }
        ],
        [
            {
                "query": {
                    "x1": -1.6,
                    "x2": 0.8000000000000003
                },
                "metrics": {
                    "outcome": -0.06521952636538587
                },
                "metadata": {
                    "trials": 1
                }
            }
        ],
        [
            {
                "query": {
                    "x1": 0.8000000000000003,
                    "x2": 4.0
                },
                "metrics": {
                    "outcome": 4.7471156054260896e-08
                },
                "metadata": {
                    "trials": 1
                }
            }
        ],
        [
            {
                "query": {
                    "x1": 1.6,
                    "x2": -0.7999999999999998
                },
                "metrics": {
                    "outcome": 0.06521952636538594
                },
                "metadata": {
                    "trials": 1
                }
            }
        ],
        [
            {
                "query": {
                    "x1": -0.7999999999999998,
                    "x2": 3.200000000000001
                },
                "metrics": {
                    "outcome": -1.5064892045618105e-05
                },
                "metadata": {
                    "trials": 1
                }
            }
        ],
        [
            {
                "query": {
                    "x1": -1.7361773126240088,
                    "x2": 0.3311170842363831
                },
                "metrics": {
                    "outcome": -0.0763624317543594
                },
                "metadata": {
                    "trials": 1
                }
            }
        ],
        [
            {
                "query": {
                    "x1": -1.736154342860988,
                    "x2": 0.33109903520118983
                },
                "metrics": {
                    "outcome": -0.07636842497661679
                },
                "metadata": {
                    "trials": 1
                }
            }
        ],
        [
            {
                "query": {
                    "x1": -1.7361492336153743,
                    "x2": 0.33109587400187435
                },
                "metrics": {
                    "outcome": -0.07636971495142716
                },
                "metadata": {
                    "trials": 1
                }
            }
        ],
        [
            {
                "query": {
                    "x1": -1.7361107772692927,
                    "x2": 0.33106098350804375
                },
                "metrics": {
                    "outcome": -0.07637998605501489
                },
                "metadata": {
                    "trials": 1
                }
            }
        ],
        [
            {
                "query": {
                    "x1": -1.7361220727590985,
                    "x2": 0.3310635241715666
                },
                "metrics": {
                    "outcome": -0.07637735888652654
                },
                "metadata": {
                    "trials": 1
                }
            }
        ],
        [
            {
                "query": {
                    "x1": -2.0,
                    "x2": -1.4524023871441811
                },
                "metrics": {
                    "outcome": -0.00444344406185744
                },
                "metadata": {
                    "trials": 1
                }
            }
        ],
        [
            {
                "query": {
                    "x1": -2.0,
                    "x2": -1.4523978859735995
                },
                "metrics": {
                    "outcome": -0.004443502160275182
                },
                "metadata": {
                    "trials": 1
                }
            }
        ],
        [
            {
                "query": {
                    "x1": -2.0,
                    "x2": -1.4523962331462883
                },
                "metrics": {
                    "outcome": -0.00444352349412706
                },
                "metadata": {
                    "trials": 1
                }
            }
        ],
        [
            {
                "query": {
                    "x1": -2.0,
                    "x2": -1.4523926615357479
                },
                "metrics": {
                    "outcome": -0.004443569594921035
                },
                "metadata": {
                    "trials": 1
                }
            }
        ],
        [
            {
                "query": {
                    "x1": -2.0,
                    "x2": -1.45240027015361
                },
                "metrics": {
                    "outcome": -0.004443471386633381
                },
                "metadata": {
                    "trials": 1
                }
            }
        ],
        [
            {
                "query": {
                    "x1": -1.6909386727889222,
                    "x2": 0.33679466424301074
                },
                "metrics": {
                    "outcome": -0.08651647345865447
                },
                "metadata": {
                    "trials": 1
                }
            }
        ],
        [
            {
                "query": {
                    "x1": -1.6909370400288406,
                    "x2": -0.4051621424752924
                },
                "metrics": {
                    "outcome": -0.08223768736740734
                },
                "metadata": {
                    "trials": 1
                }
            }
        ],
        [
            {
                "query": {
                    "x1": -1.6909378078094388,
                    "x2": -0.18142480416943735
                },
                "metrics": {
                    "outcome": -0.09377074688036584
                },
                "metadata": {
                    "trials": 1
                }
            }
        ],
        [
            {
                "query": {
                    "x1": -1.6909384198861026,
                    "x2": 0.07668737384898562
                },
                "metrics": {
                    "outcome": -0.0963401577558764
                },
                "metadata": {
                    "trials": 1
                }
            }
        ],
        [
            {
                "query": {
                    "x1": -1.690937684354341,
                    "x2": 1.1379715919834446
                },
                "metrics": {
                    "outcome": -0.026543606272660673
                },
                "metadata": {
                    "trials": 1
                }
            }
        ],
        [
            {
                "query": {
                    "x1": -1.5191854811493921,
                    "x2": 0.026161262787222476
                },
                "metrics": {
                    "outcome": -0.15100616514274084
                },
                "metadata": {
                    "trials": 1
                }
            }
        ],
        [
            {
                "query": {
                    "x1": -1.519185669159819,
                    "x2": 0.026161402963859375
                },
                "metrics": {
                    "outcome": -0.15100609646175617
                },
                "metadata": {
                    "trials": 1
                }
            }
        ],
        [
            {
                "query": {
                    "x1": -1.5191856781039084,
                    "x2": 0.02616133301970366
                },
                "metrics": {
                    "outcome": -0.1510060937997645
                },
                "metadata": {
                    "trials": 1
                }
            }
        ],
        [
            {
                "query": {
                    "x1": -1.5191862982443016,
                    "x2": 0.026161584148890245
                },
                "metrics": {
                    "outcome": -0.15100586892901183
                },
                "metadata": {
                    "trials": 1
                }
            }
        ],
        [
            {
                "query": {
                    "x1": -1.519185632625014,
                    "x2": 0.026161208049287208
                },
                "metrics": {
                    "outcome": -0.15100611113287526
                },
                "metadata": {
                    "trials": 1
                }
            }
        ],
        [
            {
                "query": {
                    "x1": -1.3041536225377712,
                    "x2": -0.11757323361767187
                },
                "metrics": {
                    "outcome": -0.2347848135911308
                },
                "metadata": {
                    "trials": 1
                }
            }
        ],
        [
            {
                "query": {
                    "x1": -1.3041538746824675,
                    "x2": -0.11757361612391977
                },
                "metrics": {
                    "outcome": -0.23478468345549974
                },
                "metadata": {
                    "trials": 1
                }
            }
        ],
        [
            {
                "query": {
                    "x1": -1.3041537883217125,
                    "x2": -0.11757313225263483
                },
                "metrics": {
                    "outcome": -0.2347847475086247
                },
                "metadata": {
                    "trials": 1
                }
            }
        ],
        [
            {
                "query": {
                    "x1": -1.3041537922130955,
                    "x2": -0.11757327214611403
                },
                "metrics": {
                    "outcome": -0.23478473810278752
                },
                "metadata": {
                    "trials": 1
                }
            }
        ],
        [
            {
                "query": {
                    "x1": -1.3041537811662665,
                    "x2": -0.11757313234299674
                },
                "metrics": {
                    "outcome": -0.2347847505973819
                },
                "metadata": {
                    "trials": 1
                }
            }
        ],
        [
            {
                "query": {
                    "x1": -1.0673399766796958,
                    "x2": -0.2617238540594893
                },
                "metrics": {
                    "outcome": -0.3190062922506166
                },
                "metadata": {
                    "trials": 1
                }
            }
        ],
        [
            {
                "query": {
                    "x1": -1.0673400119191823,
                    "x2": -0.26172386984530066
                },
                "metrics": {
                    "outcome": -0.3190062761497645
                },
                "metadata": {
                    "trials": 1
                }
            }
        ],
        [
            {
                "query": {
                    "x1": -1.0673400855123254,
                    "x2": -0.26172370709598985
                },
                "metrics": {
                    "outcome": -0.3190062752064496
                },
                "metadata": {
                    "trials": 1
                }
            }
        ],
        [
            {
                "query": {
                    "x1": -1.0673399811437372,
                    "x2": -0.26172384446007774
                },
                "metrics": {
                    "outcome": -0.3190062921478611
                },
                "metadata": {
                    "trials": 1
                }
            }
        ],
        [
            {
                "query": {
                    "x1": -1.0673401192384828,
                    "x2": -0.2617238494388323
                },
                "metrics": {
                    "outcome": -0.3190062385509557
                },
                "metadata": {
                    "trials": 1
                }
            }
        ],
        [
            {
                "query": {
                    "x1": -0.8587243304583736,
                    "x2": -0.24999840807071108
                },
                "metrics": {
                    "outcome": -0.38588572313554653
                },
                "metadata": {
                    "trials": 1
                }
            }
        ],
        [
            {
                "query": {
                    "x1": -0.8587244026852666,
                    "x2": -0.24999842172049913
                },
                "metrics": {
                    "outcome": -0.3858857050910218
                },
                "metadata": {
                    "trials": 1
                }
            }
        ],
        [
            {
                "query": {
                    "x1": -0.8587243632672176,
                    "x2": -0.24999850501320386
                },
                "metrics": {
                    "outcome": -0.3858856974309421
                },
                "metadata": {
                    "trials": 1
                }
            }
        ],
        [
            {
                "query": {
                    "x1": -0.8587244160850181,
                    "x2": -0.24999825814468243
                },
                "metrics": {
                    "outcome": -0.38588573379251834
                },
                "metadata": {
                    "trials": 1
                }
            }
        ],
        [
            {
                "query": {
                    "x1": -0.8587243285973567,
                    "x2": -0.24999835967476272
                },
                "metrics": {
                    "outcome": -0.38588573287022054
                },
                "metadata": {
                    "trials": 1
                }
            }
        ],
        [
            {
                "query": {
                    "x1": -0.5204605390497634,
                    "x2": 0.055886123123577235
                },
                "metrics": {
                    "outcome": -0.395721879561736
                },
                "metadata": {
                    "trials": 1
                }
            }
        ],
        [
            {
                "query": {
                    "x1": -0.5204605618554412,
                    "x2": 0.0558860898429337
                },
                "metrics": {
                    "outcome": -0.3957218889796018
                },
                "metadata": {
                    "trials": 1
                }
            }
        ],
        [
            {
                "query": {
                    "x1": -0.5204605382069253,
                    "x2": 0.05588612310412249
                },
                "metrics": {
                    "outcome": -0.39572187926893904
                },
                "metadata": {
                    "trials": 1
                }
            }
        ],
        [
            {
                "query": {
                    "x1": -0.5204605980846886,
                    "x2": 0.05588598323851688
                },
                "metrics": {
                    "outcome": -0.39572190631759496
                },
                "metadata": {
                    "trials": 1
                }
            }
        ],
        [
            {
                "query": {
                    "x1": -0.5204605403328111,
                    "x2": 0.055886104173699984
                },
                "metrics": {
                    "outcome": -0.3957218808469356
                },
                "metadata": {
                    "trials": 1
                }
            }
        ],
        [
            {
                "query": {
                    "x1": -0.6783334795771677,
                    "x2": -0.07863866743687498
                },
                "metrics": {
                    "outcome": -0.4255228615617775
                },
                "metadata": {
                    "trials": 1
                }
            }
        ],
        [
            {
                "query": {
                    "x1": -0.6783335360309152,
                    "x2": -0.07863863771400036
                },
                "metrics": {
                    "outcome": -0.4255228663744295
                },
                "metadata": {
                    "trials": 1
                }
            }
        ],
        [
            {
                "query": {
                    "x1": -0.6783334682835909,
                    "x2": -0.07863828703435365
                },
                "metrics": {
                    "outcome": -0.42552288645536274
                },
                "metadata": {
                    "trials": 1
                }
            }
        ],
        [
            {
                "query": {
                    "x1": -0.6783335411215922,
                    "x2": -0.07863858677594082
                },
                "metrics": {
                    "outcome": -0.425522870038064
                },
                "metadata": {
                    "trials": 1
                }
            }
        ],
        [
            {
                "query": {
                    "x1": -0.6783334715522669,
                    "x2": -0.07863859920995275
                },
                "metrics": {
                    "outcome": -0.4255228657265159
                },
                "metadata": {
                    "trials": 1
                }
            }
        ],
        [
            {
                "query": {
                    "x1": 6.0,
                    "x2": -2.0
                },
                "metrics": {
                    "outcome": 2.5490125531749533e-17
                },
                "metadata": {
                    "trials": 1
                }
            }
        ],
        [
            {
                "query": {
                    "x1": -0.7199417568886537,
                    "x2": 0.2346245376578147
                },
                "metrics": {
                    "outcome": -0.4057777145438739
                },
                "metadata": {
                    "trials": 1
                }
            }
        ],
        [
            {
                "query": {
                    "x1": 6.0,
                    "x2": -2.0
                },
                "metrics": {
                    "outcome": 2.5490125531749533e-17
                },
                "metadata": {
                    "trials": 1
                }
            }
        ],
        [
            {
                "query": {
                    "x1": -0.7199420232873289,
                    "x2": 0.23462734241998898
                },
                "metrics": {
                    "outcome": -0.4057771749836221
                },
                "metadata": {
                    "trials": 1
                }
            }
        ],
        [
            {
                "query": {
                    "x1": -0.719938825245921,
                    "x2": 0.23461824607869852
                },
                "metrics": {
                    "outcome": -0.4057789730369349
                },
                "metadata": {
                    "trials": 1
                }
            }
        ],
        [
            {
                "query": {
                    "x1": -2.0,
                    "x2": 6.0
                },
                "metrics": {
                    "outcome": -8.496708510583178e-18
                },
                "metadata": {
                    "trials": 1
                }
            }
        ],
        [
            {
                "query": {
                    "x1": -2.0,
                    "x2": 6.0
                },
                "metrics": {
                    "outcome": -8.496708510583178e-18
                },
                "metadata": {
                    "trials": 1
                }
            }
        ],
        [
            {
                "query": {
                    "x1": -2.0,
                    "x2": 6.0
                },
                "metrics": {
                    "outcome": -8.496708510583178e-18
                },
                "metadata": {
                    "trials": 1
                }
            }
        ],
        [
            {
                "query": {
                    "x1": -2.0,
                    "x2": 6.0
                },
                "metrics": {
                    "outcome": -8.496708510583178e-18
                },
                "metadata": {
                    "trials": 1
                }
            }
        ],
        [
            {
                "query": {
                    "x1": -2.0,
                    "x2": 6.0
                },
                "metrics": {
                    "outcome": -8.496708510583178e-18
                },
                "metadata": {
                    "trials": 1
                }
            }
        ],
        [
            {
                "query": {
                    "x1": 3.893884739503928,
                    "x2": 6.0
                },
                "metrics": {
                    "outcome": 2.348885565735925e-22
                },
                "metadata": {
                    "trials": 1
                }
            }
        ],
        [
            {
                "query": {
                    "x1": 3.89383149499369,
                    "x2": 6.0
                },
                "metrics": {
                    "outcome": 2.349827608763393e-22
                },
                "metadata": {
                    "trials": 1
                }
            }
        ],
        [
            {
                "query": {
                    "x1": 3.893830286405215,
                    "x2": 6.0
                },
                "metrics": {
                    "outcome": 2.3498489962698038e-22
                },
                "metadata": {
                    "trials": 1
                }
            }
        ],
        [
            {
                "query": {
                    "x1": 3.8938319750101673,
                    "x2": 6.0
                },
                "metrics": {
                    "outcome": 2.3498191143148694e-22
                },
                "metadata": {
                    "trials": 1
                }
            }
        ],
        [
            {
                "query": {
                    "x1": 3.893833163368808,
                    "x2": 6.0
                },
                "metrics": {
                    "outcome": 2.349798085057183e-22
                },
                "metadata": {
                    "trials": 1
                }
            }
        ],
        [
            {
                "query": {
                    "x1": 4.273421226984251,
                    "x2": -2.0
                },
                "metrics": {
                    "outcome": 9.171828597605777e-10
                },
                "metadata": {
                    "trials": 1
                }
            }
        ],
        [
            {
                "query": {
                    "x1": 4.273391107229112,
                    "x2": -2.0
                },
                "metrics": {
                    "outcome": 9.174125324907194e-10
                },
                "metadata": {
                    "trials": 1
                }
            }
        ],
        [
            {
                "query": {
                    "x1": 4.273403205058652,
                    "x2": -2.0
                },
                "metrics": {
                    "outcome": 9.173202759810031e-10
                },
                "metadata": {
                    "trials": 1
                }
            }
        ],
        [
            {
                "query": {
                    "x1": 4.273380222960293,
                    "x2": -2.0
                },
                "metrics": {
                    "outcome": 9.174955422338467e-10
                },
                "metadata": {
                    "trials": 1
                }
            }
        ],
        [
            {
                "query": {
                    "x1": 4.2732440189756105,
                    "x2": -2.0
                },
                "metrics": {
                    "outcome": 9.18534929173465e-10
                },
                "metadata": {
                    "trials": 1
                }
            }
        ],
        [
            {
                "query": {
                    "x1": -0.0944757396582392,
                    "x2": 6.0
                },
                "metrics": {
                    "outcome": -2.1719138011303557e-17
                },
                "metadata": {
                    "trials": 1
                }
            }
        ],
        [
            {
                "query": {
                    "x1": -0.0944693946005323,
                    "x2": 6.0
                },
                "metrics": {
                    "outcome": -2.1717705375226366e-17
                },
                "metadata": {
                    "trials": 1
                }
            }
        ],
        [
            {
                "query": {
                    "x1": -0.09468242514065067,
                    "x2": 6.0
                },
                "metrics": {
                    "outcome": -2.1765802200183264e-17
                },
                "metadata": {
                    "trials": 1
                }
            }
        ],
        [
            {
                "query": {
                    "x1": -0.09472998251598005,
                    "x2": 6.0
                },
                "metrics": {
                    "outcome": -2.177653863024315e-17
                },
                "metadata": {
                    "trials": 1
                }
            }
        ],
        [
            {
                "query": {
                    "x1": -0.09475337576392558,
                    "x2": 6.0
                },
                "metrics": {
                    "outcome": -2.1781819721624707e-17
                },
                "metadata": {
                    "trials": 1
                }
            }
        ],
        [
            {
                "query": {
                    "x1": 6.0,
                    "x2": 2.7121661023329753
                },
                "metrics": {
                    "outcome": 8.890926563594012e-19
                },
                "metadata": {
                    "trials": 1
                }
            }
        ],
        [
            {
                "query": {
                    "x1": 6.0,
                    "x2": 2.711951699636112
                },
                "metrics": {
                    "outcome": 8.901272241060674e-19
                },
                "metadata": {
                    "trials": 1
                }
            }
        ],
        [
            {
                "query": {
                    "x1": 6.0,
                    "x2": 2.713837230872645
                },
                "metrics": {
                    "outcome": 8.810672056804763e-19
                },
                "metadata": {
                    "trials": 1
                }
            }
        ],
        [
            {
                "query": {
                    "x1": 6.0,
                    "x2": 2.712426997410757
                },
                "metrics": {
                    "outcome": 8.87835258274693e-19
                },
                "metadata": {
                    "trials": 1
                }
            }
        ],
        [
            {
                "query": {
                    "x1": 6.0,
                    "x2": 2.712328599339537
                },
                "metrics": {
                    "outcome": 8.883092983575023e-19
                },
                "metadata": {
                    "trials": 1
                }
            }
        ],
        [
            {
                "query": {
                    "x1": 2.04415878885202,
                    "x2": 2.084144323564244
                },
                "metrics": {
                    "outcome": 0.0004067725553405757
                },
                "metadata": {
                    "trials": 1
                }
            }
        ],
        [
            {
                "query": {
                    "x1": 2.149890582931774,
                    "x2": 2.0242256209173544
                },
                "metrics": {
                    "outcome": 0.0003512185306547109
                },
                "metadata": {
                    "trials": 1
                }
            }
        ],
        [
            {
                "query": {
                    "x1": -0.6424943203963238,
                    "x2": -0.22610336857188945
                },
                "metrics": {
                    "outcome": -0.4040086513074142
                },
                "metadata": {
                    "trials": 1
                }
            }
        ],
        [
            {
                "query": {
                    "x1": -0.6424654653290961,
                    "x2": -0.22622041126025352
                },
                "metrics": {
                    "outcome": -0.4039840981828409
                },
                "metadata": {
                    "trials": 1
                }
            }
        ],
        [
            {
                "query": {
                    "x1": 2.0439002763114553,
                    "x2": 2.0954549392103985
                },
                "metrics": {
                    "outcome": 0.0003883514384453352
                },
                "metadata": {
                    "trials": 1
                }
            }
        ],
        [
            {
                "query": {
                    "x1": 6.0,
                    "x2": 0.11493316292552655
                },
                "metrics": {
                    "outcome": 1.3734505626438107e-15
                },
                "metadata": {
                    "trials": 1
                }
            }
        ],
        [
            {
                "query": {
                    "x1": -0.7180320524954503,
                    "x2": -0.005394782971463029
                },
                "metrics": {
                    "outcome": -0.4287676129127371
                },
                "metadata": {
                    "trials": 1
                }
            }
        ],
        [
            {
                "query": {
                    "x1": 6.0,
                    "x2": 0.11460988728445144
                },
                "metrics": {
                    "outcome": 1.373552484253775e-15
                },
                "metadata": {
                    "trials": 1
                }
            }
        ],
        [
            {
                "query": {
                    "x1": 6.0,
                    "x2": 0.11652466560798215
                },
                "metrics": {
                    "outcome": 1.3729447236629641e-15
                },
                "metadata": {
                    "trials": 1
                }
            }
        ],
        [
            {
                "query": {
                    "x1": 6.0,
                    "x2": 0.11497561153348473
                },
                "metrics": {
                    "outcome": 1.3734371587829342e-15
                },
                "metadata": {
                    "trials": 1
                }
            }
        ],
        [
            {
                "query": {
                    "x1": -2.0,
                    "x2": 3.8020495348247754
                },
                "metrics": {
                    "outcome": -1.93140411523902e-08
                },
                "metadata": {
                    "trials": 1
                }
            }
        ],
        [
            {
                "query": {
                    "x1": -2.0,
                    "x2": 3.9177438064475307
                },
                "metrics": {
                    "outcome": -7.906589174493936e-09
                },
                "metadata": {
                    "trials": 1
                }
            }
        ],
        [
            {
                "query": {
                    "x1": 1.581354986584454,
                    "x2": 5.991709371545719
                },
                "metrics": {
                    "outcome": 3.323318594038406e-17
                },
                "metadata": {
                    "trials": 1
                }
            }
        ],
        [
            {
                "query": {
                    "x1": -1.9228869493421137,
                    "x2": 4.152269607069566
                },
                "metrics": {
                    "outcome": -1.5500022823088863e-09
                },
                "metadata": {
                    "trials": 1
                }
            }
        ],
        [
            {
                "query": {
                    "x1": -2.0,
                    "x2": 3.6480508826774085
                },
                "metrics": {
                    "outcome": -6.0833326675034e-08
                },
                "metadata": {
                    "trials": 1
                }
            }
        ],
        [
            {
                "query": {
                    "x1": 0.3152634623837054,
                    "x2": 1.5735882036129505
                },
                "metrics": {
                    "outcome": 0.02399481565175803
                },
                "metadata": {
                    "trials": 1
                }
            }
        ],
        [
            {
                "query": {
                    "x1": 0.3649774233613785,
                    "x2": 1.6042958894013717
                },
                "metrics": {
                    "outcome": 0.024358032636976144
                },
                "metadata": {
                    "trials": 1
                }
            }
        ],
        [
            {
                "query": {
                    "x1": 0.27776199040585414,
                    "x2": 1.7039858208169525
                },
                "metrics": {
                    "outcome": 0.014098172746035772
                },
                "metadata": {
                    "trials": 1
                }
            }
        ],
        [
            {
                "query": {
                    "x1": 2.6244781132015618,
                    "x2": -1.9777210933429306
                },
                "metrics": {
                    "outcome": 5.357735676979987e-05
                },
                "metadata": {
                    "trials": 1
                }
            }
        ],
        [
            {
                "query": {
                    "x1": 0.1866310672345497,
                    "x2": 1.6817745079450823
                },
                "metrics": {
                    "outcome": 0.010654018178978979
                },
                "metadata": {
                    "trials": 1
                }
            }
        ],
        [
            {
                "query": {
                    "x1": 4.383065121969778,
                    "x2": 4.0216596778960545
                },
                "metrics": {
                    "outcome": 1.8804634188366238e-15
                },
                "metadata": {
                    "trials": 1
                }
            }
        ],
        [
            {
                "query": {
                    "x1": 4.40910389344605,
                    "x2": 4.267426532148364
                },
                "metrics": {
                    "outcome": 1.96188669055709e-16
                },
                "metadata": {
                    "trials": 1
                }
            }
        ],
        [
            {
                "query": {
                    "x1": 4.601605687172333,
                    "x2": 4.154069381797067
                },
                "metrics": {
                    "outcome": 9.386613296973751e-17
                },
                "metadata": {
                    "trials": 1
                }
            }
        ],
        [
            {
                "query": {
                    "x1": 4.4757622707329,
                    "x2": 4.203608044701562
                },
                "metrics": {
                    "outcome": 1.8913099180899502e-16
                },
                "metadata": {
                    "trials": 1
                }
            }
        ],
        [
            {
                "query": {
                    "x1": 4.381037000320761,
                    "x2": 4.239411960040106
                },
                "metrics": {
                    "outcome": 3.166250173795627e-16
                },
                "metadata": {
                    "trials": 1
                }
            }
        ],
        [
            {
                "query": {
                    "x1": 4.700665151405147,
                    "x2": -0.16379752135656833
                },
                "metrics": {
                    "outcome": 1.1593823003450628e-09
                },
                "metadata": {
                    "trials": 1
                }
            }
        ],
        [
            {
                "query": {
                    "x1": 4.609310541790717,
                    "x2": -0.2150643205344318
                },
                "metrics": {
                    "outcome": 2.6099936621716624e-09
                },
                "metadata": {
                    "trials": 1
                }
            }
        ],
        [
            {
                "query": {
                    "x1": 4.6947683416867365,
                    "x2": -0.38101866233779
                },
                "metrics": {
                    "outcome": 1.0872913502587412e-09
                },
                "metadata": {
                    "trials": 1
                }
            }
        ],
        [
            {
                "query": {
                    "x1": 4.632800037488874,
                    "x2": -0.07776352994749924
                },
                "metrics": {
                    "outcome": 2.1979913663601632e-09
                },
                "metadata": {
                    "trials": 1
                }
            }
        ],
        [
            {
                "query": {
                    "x1": 4.43691916984116,
                    "x2": -0.23967394572636103
                },
                "metrics": {
                    "outcome": 1.1816900728832658e-08
                },
                "metadata": {
                    "trials": 1
                }
            }
        ],
        [
            {
                "query": {
                    "x1": -0.9095546709977924,
                    "x2": -1.94488116822893
                },
                "metrics": {
                    "outcome": -0.009053058434048553
                },
                "metadata": {
                    "trials": 1
                }
            }
        ],
        [
            {
                "query": {
                    "x1": -1.0075182032173569,
                    "x2": -1.7127845354344942
                },
                "metrics": {
                    "outcome": -0.019424236039010882
                },
                "metadata": {
                    "trials": 1
                }
            }
        ],
        [
            {
                "query": {
                    "x1": -0.9175253558500982,
                    "x2": -1.9369402182324142
                },
                "metrics": {
                    "outcome": -0.009282120545167388
                },
                "metadata": {
                    "trials": 1
                }
            }
        ],
        [
            {
                "query": {
                    "x1": -1.3001081164216437,
                    "x2": -1.895848750812224
                },
                "metrics": {
                    "outcome": -0.006590828794785872
                },
                "metadata": {
                    "trials": 1
                }
            }
        ],
        [
            {
                "query": {
                    "x1": -1.0101708503850721,
                    "x2": -1.9512239015521624
                },
                "metrics": {
                    "outcome": -0.008086167561056767
                },
                "metadata": {
                    "trials": 1
                }
            }
        ],
        [
            {
                "query": {
                    "x1": 2.7816418656802204,
                    "x2": 5.925412833593484
                },
                "metrics": {
                    "outcome": 6.849046202036254e-19
                },
                "metadata": {
                    "trials": 1
                }
            }
        ],
        [
            {
                "query": {
                    "x1": 2.6043873906259485,
                    "x2": 5.998345307907562
                },
                "metrics": {
                    "outcome": 6.981991102556354e-19
                },
                "metadata": {
                    "trials": 1
                }
            }
        ],
        [
            {
                "query": {
                    "x1": 2.6354590078078166,
                    "x2": 5.996598719682841
                },
                "metrics": {
                    "outcome": 6.130852089591044e-19
                },
                "metadata": {
                    "trials": 1
                }
            }
        ],
        [
            {
                "query": {
                    "x1": -0.3373361001255093,
                    "x2": 4.62003995976878
                },
                "metrics": {
                    "outcome": -1.6170613811168493e-10
                },
                "metadata": {
                    "trials": 1
                }
            }
        ],
        [
            {
                "query": {
                    "x1": 2.9600108039482116,
                    "x2": 5.94959493244728
                },
                "metrics": {
                    "outcome": 1.963965935842587e-19
                },
                "metadata": {
                    "trials": 1
                }
            }
        ],
        [
            {
                "query": {
                    "x1": 2.8894286601891883,
                    "x2": 3.4418283598113897
                },
                "metrics": {
                    "outcome": 4.900534022517679e-09
                },
                "metadata": {
                    "trials": 1
                }
            }
        ],
        [
            {
                "query": {
                    "x1": -0.7829841054003,
                    "x2": 0.029132609663546916
                },
                "metrics": {
                    "outcome": -0.42377369643129625
                },
                "metadata": {
                    "trials": 1
                }
            }
        ],
        [
            {
                "query": {
                    "x1": 3.1731088846156963,
                    "x2": 3.285816333611984
                },
                "metrics": {
                    "outcome": 2.7532132747007894e-09
                },
                "metadata": {
                    "trials": 1
                }
            }
        ],
        [
            {
                "query": {
                    "x1": 2.968605854440704,
                    "x2": 3.4439012559611006
                },
                "metrics": {
                    "outcome": 3.1214002226132105e-09
                },
                "metadata": {
                    "trials": 1
                }
            }
        ],
        [
            {
                "query": {
                    "x1": 1.2468576939727436,
                    "x2": -1.9838967650391233
                },
                "metrics": {
                    "outcome": 0.005144259007816859
                },
                "metadata": {
                    "trials": 1
                }
            }
        ],
        [
            {
                "query": {
                    "x1": 5.942766298726585,
                    "x2": 4.331825073149819
                },
                "metrics": {
                    "outcome": 1.9356673002384244e-23
                },
                "metadata": {
                    "trials": 1
                }
            }
        ],
        [
            {
                "query": {
                    "x1": 5.997673507521952,
                    "x2": 4.09063902245664
                },
                "metrics": {
                    "outcome": 7.732356514726082e-23
                },
                "metadata": {
                    "trials": 1
                }
            }
        ],
        [
            {
                "query": {
                    "x1": 3.369643124321108,
                    "x2": 1.2514647640389933
                },
                "metrics": {
                    "outcome": 8.245425469188376e-06
                },
                "metadata": {
                    "trials": 1
                }
            }
        ],
        [
            {
                "query": {
                    "x1": 3.562298392040163,
                    "x2": 1.2568102514934294
                },
                "metrics": {
                    "outcome": 2.2622834245600077e-06
                },
                "metadata": {
                    "trials": 1
                }
            }
        ],
        [
            {
                "query": {
                    "x1": 5.911583396490266,
                    "x2": 4.506874311846927
                },
                "metrics": {
                    "outcome": 5.931170793181582e-24
                },
                "metadata": {
                    "trials": 1
                }
            }
        ],
        [
            {
                "query": {
                    "x1": -1.082663694603756,
                    "x2": 5.980031257777784
                },
                "metrics": {
                    "outcome": -9.879248536238073e-17
                },
                "metadata": {
                    "trials": 1
                }
            }
        ],
        [
            {
                "query": {
                    "x1": 0.5945271402414001,
                    "x2": -0.3597984700273624
                },
                "metrics": {
                    "outcome": 0.3668117991932476
                },
                "metadata": {
                    "trials": 1
                }
            }
        ],
        [
            {
                "query": {
                    "x1": 0.3523077766825109,
                    "x2": -0.13435719440775795
                },
                "metrics": {
                    "outcome": 0.3056169541333062
                },
                "metadata": {
                    "trials": 1
                }
            }
        ],
        [
            {
                "query": {
                    "x1": 0.31485549461950324,
                    "x2": -0.3126362771716167
                },
                "metrics": {
                    "outcome": 0.2585885948784113
                },
                "metadata": {
                    "trials": 1
                }
            }
        ],
        [
            {
                "query": {
                    "x1": 0.4908791058465809,
                    "x2": -0.2271932473684677
                },
                "metrics": {
                    "outcome": 0.3663608618498157
                },
                "metadata": {
                    "trials": 1
                }
            }
        ],
        [
            {
                "query": {
                    "x1": 4.845690983110076,
                    "x2": 5.963722188659435
                },
                "metrics": {
                    "outcome": 1.1007741780642503e-25
                },
                "metadata": {
                    "trials": 1
                }
            }
        ],
        [
            {
                "query": {
                    "x1": 2.255158381928462,
                    "x2": 0.16851228469569257
                },
                "metrics": {
                    "outcome": 0.013556142527698777
                },
                "metadata": {
                    "trials": 1
                }
            }
        ],
        [
            {
                "query": {
                    "x1": 2.365258391301933,
                    "x2": 0.13961134577447876
                },
                "metrics": {
                    "outcome": 0.00862533640667511
                },
                "metadata": {
                    "trials": 1
                }
            }
        ],
        [
            {
                "query": {
                    "x1": 1.6388212059641685,
                    "x2": 3.9420034936495973
                },
                "metrics": {
                    "outcome": 1.99278161942244e-08
                },
                "metadata": {
                    "trials": 1
                }
            }
        ],
        [
            {
                "query": {
                    "x1": 2.2626872833634,
                    "x2": 0.32381833595064524
                },
                "metrics": {
                    "outcome": 0.012178795823555395
                },
                "metadata": {
                    "trials": 1
                }
            }
        ],
        [
            {
                "query": {
                    "x1": -0.6823437649756672,
                    "x2": 0.04486849255663117
                },
                "metrics": {
                    "outcome": -0.4274885010309583
                },
                "metadata": {
                    "trials": 1
                }
            }
        ],
        [
            {
                "query": {
                    "x1": -0.8279735790602549,
                    "x2": 1.595479112556835
                },
                "metrics": {
                    "outcome": -0.0327167571691818
                },
                "metadata": {
                    "trials": 1
                }
            }
        ],
        [
            {
                "query": {
                    "x1": -0.8641278336526614,
                    "x2": 1.570348923670407
                },
                "metrics": {
                    "outcome": -0.03477880183517115
                },
                "metadata": {
                    "trials": 1
                }
            }
        ],
        [
            {
                "query": {
                    "x1": -0.8951702574944598,
                    "x2": 1.4894815821427425
                },
                "metrics": {
                    "outcome": -0.04369041573906496
                },
                "metadata": {
                    "trials": 1
                }
            }
        ],
        [
            {
                "query": {
                    "x1": -0.8690496961058969,
                    "x2": 1.4766649621411858
                },
                "metrics": {
                    "outcome": -0.0461369213586713
                },
                "metadata": {
                    "trials": 1
                }
            }
        ]
    ]
}