{
    "date": "04/11/2022 16:39:46",
    "basic_params": {
        "active_variables": [
            "x1",
            "x2"
        ],
        "default_query": {},
        "metric": "basic",
        "n_trials": 1
    },
    "objective_function": {
        "name": "Branin",
        "params": {}
    },
    "optimizer": {
        "name": "BO",
        "params": {
            "lower_bound": [
                -5.0,
                0.0
            ],
            "upper_bound": [
                10.0,
                15.0
            ],
            "invert_metric": false,
            "bopt_params": {
                "n_iterations": 140,
                "n_init_samples": 10
            }
        }
    },
    "iterations": [
        [
            {
                "query": {
                    "x1": -0.9713765765773132,
                    "x2": 0.017084780149161816
                },
                "metrics": {
                    "outcome": 73.95196313350641
                },
                "metadata": {
                    "trials": 1
                }
            }
        ],
        [
            {
                "query": {
                    "x1": 6.667027086368762,
                    "x2": 10.920710383797996
                },
                "metrics": {
                    "outcome": 114.7369009065738
                },
                "metadata": {
                    "trials": 1
                }
            }
        ],
        [
            {
                "query": {
                    "x1": -2.2137067823205143,
                    "x2": 4.642728578997776
                },
                "metrics": {
                    "outcome": 34.64265401737872
                },
                "metadata": {
                    "trials": 1
                }
            }
        ],
        [
            {
                "query": {
                    "x1": 8.525707260007039,
                    "x2": 9.477313200593926
                },
                "metrics": {
                    "outcome": 62.64278953654484
                },
                "metadata": {
                    "trials": 1
                }
            }
        ],
        [
            {
                "query": {
                    "x1": 7.548274938715622,
                    "x2": 8.987911922042258
                },
                "metrics": {
                    "outcome": 71.27310991921485
                },
                "metadata": {
                    "trials": 1
                }
            }
        ],
        [
            {
                "query": {
                    "x1": 2.8794852789724246,
                    "x2": 13.338382077519782
                },
                "metrics": {
                    "outcome": 118.4505118974987
                },
                "metadata": {
                    "trials": 1
                }
            }
        ],
        [
            {
                "query": {
                    "x1": 0.9841228107688949,
                    "x2": 6.794040125096217
                },
                "metrics": {
                    "outcome": 20.31181323875324
                },
                "metadata": {
                    "trials": 1
                }
            }
        ],
        [
            {
                "query": {
                    "x1": 1.5422539798310027,
                    "x2": 3.6646905118832365
                },
                "metrics": {
                    "outcome": 10.309376445533264
                },
                "metadata": {
                    "trials": 1
                }
            }
        ],
        [
            {
                "query": {
                    "x1": -4.178785634110682,
                    "x2": 2.18412577745039
                },
                "metrics": {
                    "outcome": 166.97723946476313
                },
                "metadata": {
                    "trials": 1
                }
            }
        ],
        [
            {
                "query": {
                    "x1": 4.518405028618872,
                    "x2": 14.652872590930201
                },
                "metrics": {
                    "outcome": 182.56615808622806
                },
                "metadata": {
                    "trials": 1
                }
            }
        ],
        [
            {
                "query": {
                    "x1": 10.0,
                    "x2": 0.0
                },
                "metrics": {
                    "outcome": 10.960889035651505
                },
                "metadata": {
                    "trials": 1
                }
            }
        ],
        [
            {
                "query": {
                    "x1": -5.0,
                    "x2": 10.457802148916706
                },
                "metrics": {
                    "outcome": 58.01070355614563
                },
                "metadata": {
                    "trials": 1
                }
            }
        ],
        [
            {
                "query": {
                    "x1": 4.201455964439221,
                    "x2": 3.540447803195475
                },
                "metrics": {
                    "outcome": 9.094983045170547
                },
                "metadata": {
                    "trials": 1
                }
            }
        ],
        [
            {
                "query": {
                    "x1": 10.0,
                    "x2": 3.5349231586319654
                },
                "metrics": {
                    "outcome": 2.2261290768471644
                },
                "metadata": {
                    "trials": 1
                }
            }
        ],
        [
            {
                "query": {
                    "x1": 10.0,
                    "x2": 3.774750057489836
                },
                "metrics": {
                    "outcome": 2.5388057958702515
                },
                "metadata": {
                    "trials": 1
                }
            }
        ],
        [
            {
                "query": {
                    "x1": 10.0,
                    "x2": 3.2867587931759563
                },
                "metrics": {
                    "outcome": 2.0236843447810546
                },
                "metadata": {
                    "trials": 1
                }
            }
        ],
        [
            {
                "query": {
                    "x1": 10.0,
                    "x2": 3.1375392280477326
                },
                "metrics": {
                    "outcome": 1.9612531452562365
                },
                "metadata": {
                    "trials": 1
                }
            }
        ],
        [
            {
                "query": {
                    "x1": 9.738336184307373,
                    "x2": 3.034661090918061
                },
                "metrics": {
                    "outcome": 0.9458539354616899
                },
                "metadata": {
                    "trials": 1
                }
            }
        ],
        [
            {
                "query": {
                    "x1": 8.613182642409457,
                    "x2": 2.9758278887181024
                },
                "metrics": {
                    "outcome": 4.601195755145502
                },
                "metadata": {
                    "trials": 1
                }
            }
        ],
        [
            {
                "query": {
                    "x1": 9.567543789866598,
                    "x2": 3.0677038792621607
                },
                "metrics": {
                    "outcome": 0.7161430490603191
                },
                "metadata": {
                    "trials": 1
                }
            }
        ],
        [
            {
                "query": {
                    "x1": 9.53772887527989,
                    "x2": 2.9939931728134286
                },
                "metrics": {
                    "outcome": 0.6372155729693532
                },
                "metadata": {
                    "trials": 1
                }
            }
        ],
        [
            {
                "query": {
                    "x1": 9.517419120594754,
                    "x2": 2.8817615813689303
                },
                "metrics": {
                    "outcome": 0.5463239558311699
                },
                "metadata": {
                    "trials": 1
                }
            }
        ],
        [
            {
                "query": {
                    "x1": 9.513791741291657,
                    "x2": 2.7455252992152057
                },
                "metrics": {
                    "outcome": 0.47370104471869645
                },
                "metadata": {
                    "trials": 1
                }
            }
        ],
        [
            {
                "query": {
                    "x1": 9.516359219511884,
                    "x2": 2.6685621000188684
                },
                "metrics": {
                    "outcome": 0.4514037550513752
                },
                "metadata": {
                    "trials": 1
                }
            }
        ],
        [
            {
                "query": {
                    "x1": 9.517646731349956,
                    "x2": 2.625117100819204
                },
                "metrics": {
                    "outcome": 0.44425854351459115
                },
                "metadata": {
                    "trials": 1
                }
            }
        ],
        [
            {
                "query": {
                    "x1": 9.5139683261597,
                    "x2": 2.5979672731635532
                },
                "metrics": {
                    "outcome": 0.43823549001527695
                },
                "metadata": {
                    "trials": 1
                }
            }
        ],
        [
            {
                "query": {
                    "x1": 9.496362132716873,
                    "x2": 2.5662417694118695
                },
                "metrics": {
                    "outcome": 0.4233907366212275
                },
                "metadata": {
                    "trials": 1
                }
            }
        ],
        [
            {
                "query": {
                    "x1": 9.452694917590046,
                    "x2": 2.5129578327103985
                },
                "metrics": {
                    "outcome": 0.40183358530552127
                },
                "metadata": {
                    "trials": 1
                }
            }
        ],
        [
            {
                "query": {
                    "x1": 9.427804600162197,
                    "x2": 2.4778174409396363
                },
                "metrics": {
                    "outcome": 0.3979314072798843
                },
                "metadata": {
                    "trials": 1
                }
            }
        ],
        [
            {
                "query": {
                    "x1": 9.42872827321775,
                    "x2": 2.4465049085963226
                },
                "metrics": {
                    "outcome": 0.39897538100544416
                },
                "metadata": {
                    "trials": 1
                }
            }
        ],
        [
            {
                "query": {
                    "x1": 9.000476609217003,
                    "x2": 8.792772805318236
                },
                "metrics": {
                    "outcome": 45.504067208004976
                },
                "metadata": {
                    "trials": 1
                }
            }
        ],
        [
            {
                "query": {
                    "x1": 9.424174967335961,
                    "x2": 2.471946712296735
                },
                "metrics": {
                    "outcome": 0.3978955788814247
                },
                "metadata": {
                    "trials": 1
                }
            }
        ],
        [
            {
                "query": {
                    "x1": 9.42477666831659,
                    "x2": 2.4713219311560897
                },
                "metrics": {
                    "outcome": 0.39790087790962403
                },
                "metadata": {
                    "trials": 1
                }
            }
        ],
        [
            {
                "query": {
                    "x1": 9.425181739937265,
                    "x2": 2.470850196932634
                },
                "metrics": {
                    "outcome": 0.3979083043580278
                },
                "metadata": {
                    "trials": 1
                }
            }
        ],
        [
            {
                "query": {
                    "x1": 9.425440637175237,
                    "x2": 2.4706129221958686
                },
                "metrics": {
                    "outcome": 0.39791393013039844
                },
                "metadata": {
                    "trials": 1
                }
            }
        ],
        [
            {
                "query": {
                    "x1": 9.425642552443257,
                    "x2": 2.470250414208377
                },
                "metrics": {
                    "outcome": 0.3979209658722844
                },
                "metadata": {
                    "trials": 1
                }
            }
        ],
        [
            {
                "query": {
                    "x1": 9.425782612823745,
                    "x2": 2.47025526063328
                },
                "metrics": {
                    "outcome": 0.39792347754684343
                },
                "metadata": {
                    "trials": 1
                }
            }
        ],
        [
            {
                "query": {
                    "x1": 9.425851175890372,
                    "x2": 2.4695458868338935
                },
                "metrics": {
                    "outcome": 0.39793333131139264
                },
                "metadata": {
                    "trials": 1
                }
            }
        ],
        [
            {
                "query": {
                    "x1": 9.42595324200027,
                    "x2": 2.470171623783039
                },
                "metrics": {
                    "outcome": 0.39792786093765997
                },
                "metadata": {
                    "trials": 1
                }
            }
        ],
        [
            {
                "query": {
                    "x1": 9.426103976127601,
                    "x2": 2.469965406530262
                },
                "metrics": {
                    "outcome": 0.3979336631323047
                },
                "metadata": {
                    "trials": 1
                }
            }
        ],
        [
            {
                "query": {
                    "x1": 9.426212786229295,
                    "x2": 2.469742433315206
                },
                "metrics": {
                    "outcome": 0.3979390785918735
                },
                "metadata": {
                    "trials": 1
                }
            }
        ],
        [
            {
                "query": {
                    "x1": 9.426486773193082,
                    "x2": 2.469285610647457
                },
                "metrics": {
                    "outcome": 0.3979525880015533
                },
                "metadata": {
                    "trials": 1
                }
            }
        ],
        [
            {
                "query": {
                    "x1": 9.42567173957626,
                    "x2": 2.471374725837795
                },
                "metrics": {
                    "outcome": 0.3979103712653522
                },
                "metadata": {
                    "trials": 1
                }
            }
        ],
        [
            {
                "query": {
                    "x1": 9.427549960593707,
                    "x2": 2.466599258941662
                },
                "metrics": {
                    "outcome": 0.39803959598986793
                },
                "metadata": {
                    "trials": 1
                }
            }
        ],
        [
            {
                "query": {
                    "x1": 9.424864637173917,
                    "x2": 2.4735873108340978
                },
                "metrics": {
                    "outcome": 0.39788960141121343
                },
                "metadata": {
                    "trials": 1
                }
            }
        ],
        [
            {
                "query": {
                    "x1": 9.42503332030315,
                    "x2": 2.4733537054931194
                },
                "metrics": {
                    "outcome": 0.3978911367415723
                },
                "metadata": {
                    "trials": 1
                }
            }
        ],
        [
            {
                "query": {
                    "x1": 9.42782564504623,
                    "x2": 2.465946669145815
                },
                "metrics": {
                    "outcome": 0.3980670997249014
                },
                "metadata": {
                    "trials": 1
                }
            }
        ],
        [
            {
                "query": {
                    "x1": 9.424709138451824,
                    "x2": 2.47434910414068
                },
                "metrics": {
                    "outcome": 0.3978877319332774
                },
                "metadata": {
                    "trials": 1
                }
            }
        ],
        [
            {
                "query": {
                    "x1": 9.424892133909939,
                    "x2": 2.47383559303773
                },
                "metrics": {
                    "outcome": 0.3978890097190497
                },
                "metadata": {
                    "trials": 1
                }
            }
        ],
        [
            {
                "query": {
                    "x1": 9.424901034187602,
                    "x2": 2.474064372146266
                },
                "metrics": {
                    "outcome": 0.3978885108972463
                },
                "metadata": {
                    "trials": 1
                }
            }
        ],
        [
            {
                "query": {
                    "x1": 9.42757503236865,
                    "x2": 2.466699824738454
                },
                "metrics": {
                    "outcome": 0.39803856715751884
                },
                "metadata": {
                    "trials": 1
                }
            }
        ],
        [
            {
                "query": {
                    "x1": 4.3331358197610825,
                    "x2": 8.820222347276285
                },
                "metrics": {
                    "outcome": 59.604382413631924
                },
                "metadata": {
                    "trials": 1
                }
            }
        ],
        [
            {
                "query": {
                    "x1": 9.424802681259514,
                    "x2": 2.4742432707715114
                },
                "metrics": {
                    "outcome": 0.39788796529676773
                },
                "metadata": {
                    "trials": 1
                }
            }
        ],
        [
            {
                "query": {
                    "x1": 9.424970954987899,
                    "x2": 2.4738342245367084
                },
                "metrics": {
                    "outcome": 0.39788930166507264
                },
                "metadata": {
                    "trials": 1
                }
            }
        ],
        [
            {
                "query": {
                    "x1": 9.427102987587736,
                    "x2": 2.4669832949725765
                },
                "metrics": {
                    "outcome": 0.3980128837397512
                },
                "metadata": {
                    "trials": 1
                }
            }
        ],
        [
            {
                "query": {
                    "x1": 9.424811035645973,
                    "x2": 2.4743975930962434
                },
                "metrics": {
                    "outcome": 0.397887760268004
                },
                "metadata": {
                    "trials": 1
                }
            }
        ],
        [
            {
                "query": {
                    "x1": 9.424985418715803,
                    "x2": 2.4740392016892594
                },
                "metrics": {
                    "outcome": 0.3978888544009127
                },
                "metadata": {
                    "trials": 1
                }
            }
        ],
        [
            {
                "query": {
                    "x1": 9.427335466088445,
                    "x2": 2.4675361191532543
                },
                "metrics": {
                    "outcome": 0.39801134419484896
                },
                "metadata": {
                    "trials": 1
                }
            }
        ],
        [
            {
                "query": {
                    "x1": 9.424803988183179,
                    "x2": 2.4744841230167505
                },
                "metrics": {
                    "outcome": 0.397887650245087
                },
                "metadata": {
                    "trials": 1
                }
            }
        ],
        [
            {
                "query": {
                    "x1": 9.424891676021794,
                    "x2": 2.474285795252705
                },
                "metrics": {
                    "outcome": 0.3978880761197576
                },
                "metadata": {
                    "trials": 1
                }
            }
        ],
        [
            {
                "query": {
                    "x1": 9.425262917203815,
                    "x2": 2.4872152163735386
                },
                "metrics": {
                    "outcome": 0.39802787120573235
                },
                "metadata": {
                    "trials": 1
                }
            }
        ],
        [
            {
                "query": {
                    "x1": 9.425406216089328,
                    "x2": 2.486523260655346
                },
                "metrics": {
                    "outcome": 0.3980101045604574
                },
                "metadata": {
                    "trials": 1
                }
            }
        ],
        [
            {
                "query": {
                    "x1": 9.42538908396249,
                    "x2": 2.4856327030349665
                },
                "metrics": {
                    "outcome": 0.3979915077023932
                },
                "metadata": {
                    "trials": 1
                }
            }
        ],
        [
            {
                "query": {
                    "x1": 9.425250307372693,
                    "x2": 2.4851022270700884
                },
                "metrics": {
                    "outcome": 0.39798259193303487
                },
                "metadata": {
                    "trials": 1
                }
            }
        ],
        [
            {
                "query": {
                    "x1": 9.425687242057622,
                    "x2": 2.4851648704332834
                },
                "metrics": {
                    "outcome": 0.39797964520458073
                },
                "metadata": {
                    "trials": 1
                }
            }
        ],
        [
            {
                "query": {
                    "x1": 9.425614712837882,
                    "x2": 2.4844010820384512
                },
                "metrics": {
                    "outcome": 0.3979663252503247
                },
                "metadata": {
                    "trials": 1
                }
            }
        ],
        [
            {
                "query": {
                    "x1": 9.425445995453641,
                    "x2": 2.484031179901856
                },
                "metrics": {
                    "outcome": 0.39796120090126763
                },
                "metadata": {
                    "trials": 1
                }
            }
        ],
        [
            {
                "query": {
                    "x1": 9.425003636782131,
                    "x2": 2.48275354245048
                },
                "metrics": {
                    "outcome": 0.39794480383734765
                },
                "metadata": {
                    "trials": 1
                }
            }
        ],
        [
            {
                "query": {
                    "x1": 9.425573012267034,
                    "x2": 2.4838337518822127
                },
                "metrics": {
                    "outcome": 0.39795702752717865
                },
                "metadata": {
                    "trials": 1
                }
            }
        ],
        [
            {
                "query": {
                    "x1": 9.42550695035016,
                    "x2": 2.483475227903661
                },
                "metrics": {
                    "outcome": 0.3979516925248081
                },
                "metadata": {
                    "trials": 1
                }
            }
        ],
        [
            {
                "query": {
                    "x1": 9.425540366941838,
                    "x2": 2.4833143119912466
                },
                "metrics": {
                    "outcome": 0.3979489946596857
                },
                "metadata": {
                    "trials": 1
                }
            }
        ],
        [
            {
                "query": {
                    "x1": 9.425533388998444,
                    "x2": 2.483177284729647
                },
                "metrics": {
                    "outcome": 0.39794694902564665
                },
                "metadata": {
                    "trials": 1
                }
            }
        ],
        [
            {
                "query": {
                    "x1": 7.28248629369773,
                    "x2": 5.583134723128751
                },
                "metrics": {
                    "outcome": 33.87615790199942
                },
                "metadata": {
                    "trials": 1
                }
            }
        ],
        [
            {
                "query": {
                    "x1": 9.421460290623973,
                    "x2": 2.479311855088769
                },
                "metrics": {
                    "outcome": 0.3979907398845981
                },
                "metadata": {
                    "trials": 1
                }
            }
        ],
        [
            {
                "query": {
                    "x1": 9.42129323323286,
                    "x2": 2.479151458290473
                },
                "metrics": {
                    "outcome": 0.39799591707837756
                },
                "metadata": {
                    "trials": 1
                }
            }
        ],
        [
            {
                "query": {
                    "x1": 9.421408575201916,
                    "x2": 2.4788794261556535
                },
                "metrics": {
                    "outcome": 0.3979870227616118
                },
                "metadata": {
                    "trials": 1
                }
            }
        ],
        [
            {
                "query": {
                    "x1": 9.421645205829543,
                    "x2": 2.4790770584755037
                },
                "metrics": {
                    "outcome": 0.3979796120314205
                },
                "metadata": {
                    "trials": 1
                }
            }
        ],
        [
            {
                "query": {
                    "x1": 9.421765173789618,
                    "x2": 2.47902864475427
                },
                "metrics": {
                    "outcome": 0.3979740857551626
                },
                "metadata": {
                    "trials": 1
                }
            }
        ],
        [
            {
                "query": {
                    "x1": 9.421874229163247,
                    "x2": 2.4791917006952446
                },
                "metrics": {
                    "outcome": 0.39797192777241897
                },
                "metadata": {
                    "trials": 1
                }
            }
        ],
        [
            {
                "query": {
                    "x1": 9.421894219136405,
                    "x2": 2.478869625952537
                },
                "metrics": {
                    "outcome": 0.39796698633896277
                },
                "metadata": {
                    "trials": 1
                }
            }
        ],
        [
            {
                "query": {
                    "x1": 9.422050210352346,
                    "x2": 2.479637140959587
                },
                "metrics": {
                    "outcome": 0.39797120384218765
                },
                "metadata": {
                    "trials": 1
                }
            }
        ],
        [
            {
                "query": {
                    "x1": 9.422051737147996,
                    "x2": 2.4792556325967547
                },
                "metrics": {
                    "outcome": 0.39796599942250843
                },
                "metadata": {
                    "trials": 1
                }
            }
        ],
        [
            {
                "query": {
                    "x1": 9.422087429558262,
                    "x2": 2.4788018499556705
                },
                "metrics": {
                    "outcome": 0.39795896253473373
                },
                "metadata": {
                    "trials": 1
                }
            }
        ],
        [
            {
                "query": {
                    "x1": 9.422091467064497,
                    "x2": 2.478684555017916
                },
                "metrics": {
                    "outcome": 0.39795740749604924
                },
                "metadata": {
                    "trials": 1
                }
            }
        ],
        [
            {
                "query": {
                    "x1": 9.422147774834695,
                    "x2": 2.478682930238273
                },
                "metrics": {
                    "outcome": 0.3979553885521021
                },
                "metadata": {
                    "trials": 1
                }
            }
        ],
        [
            {
                "query": {
                    "x1": 9.422465313023604,
                    "x2": 2.4797667306236
                },
                "metrics": {
                    "outcome": 0.3979581508955228
                },
                "metadata": {
                    "trials": 1
                }
            }
        ],
        [
            {
                "query": {
                    "x1": 9.42228797421868,
                    "x2": 2.478680056324482
                },
                "metrics": {
                    "outcome": 0.3979505283348317
                },
                "metadata": {
                    "trials": 1
                }
            }
        ],
        [
            {
                "query": {
                    "x1": 9.422230562241037,
                    "x2": 2.478547070696261
                },
                "metrics": {
                    "outcome": 0.39795094613522863
                },
                "metadata": {
                    "trials": 1
                }
            }
        ],
        [
            {
                "query": {
                    "x1": 9.422289500493685,
                    "x2": 2.4786693882166726
                },
                "metrics": {
                    "outcome": 0.39795035381148836
                },
                "metadata": {
                    "trials": 1
                }
            }
        ],
        [
            {
                "query": {
                    "x1": 9.422280181883115,
                    "x2": 2.478479204510744
                },
                "metrics": {
                    "outcome": 0.397948506910053
                },
                "metadata": {
                    "trials": 1
                }
            }
        ],
        [
            {
                "query": {
                    "x1": 9.422551818222008,
                    "x2": 2.478483827542066
                },
                "metrics": {
                    "outcome": 0.39793989053424283
                },
                "metadata": {
                    "trials": 1
                }
            }
        ],
        [
            {
                "query": {
                    "x1": 9.422890232296957,
                    "x2": 2.4802981381716136
                },
                "metrics": {
                    "outcome": 0.39795193871059986
                },
                "metadata": {
                    "trials": 1
                }
            }
        ],
        [
            {
                "query": {
                    "x1": 9.42197597741891,
                    "x2": 2.4782767299356636
                },
                "metrics": {
                    "outcome": 0.3979568524482531
                },
                "metadata": {
                    "trials": 1
                }
            }
        ],
        [
            {
                "query": {
                    "x1": -2.388254585675895,
                    "x2": 5.702686817385256
                },
                "metrics": {
                    "outcome": 26.375053805129866
                },
                "metadata": {
                    "trials": 1
                }
            }
        ],
        [
            {
                "query": {
                    "x1": 9.421764339887181,
                    "x2": 2.4791385834424147
                },
                "metrics": {
                    "outcome": 0.39797557569204933
                },
                "metadata": {
                    "trials": 1
                }
            }
        ],
        [
            {
                "query": {
                    "x1": 9.422215184564845,
                    "x2": 2.477852537577456
                },
                "metrics": {
                    "outcome": 0.397944024827698
                },
                "metadata": {
                    "trials": 1
                }
            }
        ],
        [
            {
                "query": {
                    "x1": 9.422469971526525,
                    "x2": 2.478424618749376
                },
                "metrics": {
                    "outcome": 0.39794177720791524
                },
                "metadata": {
                    "trials": 1
                }
            }
        ],
        [
            {
                "query": {
                    "x1": 9.423013696884674,
                    "x2": 2.4778077255752695
                },
                "metrics": {
                    "outcome": 0.3979207530938922
                },
                "metadata": {
                    "trials": 1
                }
            }
        ],
        [
            {
                "query": {
                    "x1": 9.422339961099615,
                    "x2": 2.4786788278086105
                },
                "metrics": {
                    "outcome": 0.3979487796660717
                },
                "metadata": {
                    "trials": 1
                }
            }
        ],
        [
            {
                "query": {
                    "x1": 9.422180166882438,
                    "x2": 2.477393909445805
                },
                "metrics": {
                    "outcome": 0.3979407738974494
                },
                "metadata": {
                    "trials": 1
                }
            }
        ],
        [
            {
                "query": {
                    "x1": 9.422460640089263,
                    "x2": 2.478621327784162
                },
                "metrics": {
                    "outcome": 0.3979442237228792
                },
                "metadata": {
                    "trials": 1
                }
            }
        ],
        [
            {
                "query": {
                    "x1": 9.422279191106016,
                    "x2": 2.477993665785294
                },
                "metrics": {
                    "outcome": 0.3979433511576751
                },
                "metadata": {
                    "trials": 1
                }
            }
        ],
        [
            {
                "query": {
                    "x1": 9.422567601489304,
                    "x2": 2.478907411018141
                },
                "metrics": {
                    "outcome": 0.3979441216812134
                },
                "metadata": {
                    "trials": 1
                }
            }
        ],
        [
            {
                "query": {
                    "x1": 9.422584724938485,
                    "x2": 2.4783093930034537
                },
                "metrics": {
                    "outcome": 0.3979370655085219
                },
                "metadata": {
                    "trials": 1
                }
            }
        ],
        [
            {
                "query": {
                    "x1": 9.422571191932908,
                    "x2": 2.47825465987392
                },
                "metrics": {
                    "outcome": 0.39793690624997247
                },
                "metadata": {
                    "trials": 1
                }
            }
        ],
        [
            {
                "query": {
                    "x1": 9.42158981209932,
                    "x2": 2.4770968313906225
                },
                "metrics": {
                    "outcome": 0.39795905123521
                },
                "metadata": {
                    "trials": 1
                }
            }
        ],
        [
            {
                "query": {
                    "x1": 9.422591947172105,
                    "x2": 2.4784266731752433
                },
                "metrics": {
                    "outcome": 0.39793807326362085
                },
                "metadata": {
                    "trials": 1
                }
            }
        ],
        [
            {
                "query": {
                    "x1": 9.422768675910175,
                    "x2": 2.4788509346413883
                },
                "metrics": {
                    "outcome": 0.39793749088400965
                },
                "metadata": {
                    "trials": 1
                }
            }
        ],
        [
            {
                "query": {
                    "x1": 9.42270992274266,
                    "x2": 2.4783743998466696
                },
                "metrics": {
                    "outcome": 0.3979340875933506
                },
                "metadata": {
                    "trials": 1
                }
            }
        ],
        [
            {
                "query": {
                    "x1": 9.422737318905178,
                    "x2": 2.4783715505761146
                },
                "metrics": {
                    "outcome": 0.397933282272918
                },
                "metadata": {
                    "trials": 1
                }
            }
        ],
        [
            {
                "query": {
                    "x1": 9.422696449977384,
                    "x2": 2.478311774294065
                },
                "metrics": {
                    "outcome": 0.3979338338186942
                },
                "metadata": {
                    "trials": 1
                }
            }
        ],
        [
            {
                "query": {
                    "x1": 9.422813018051276,
                    "x2": 2.478905656816125
                },
                "metrics": {
                    "outcome": 0.39793683744163744
                },
                "metadata": {
                    "trials": 1
                }
            }
        ],
        [
            {
                "query": {
                    "x1": 9.42276836972654,
                    "x2": 2.47816702718112
                },
                "metrics": {
                    "outcome": 0.397930382103894
                },
                "metadata": {
                    "trials": 1
                }
            }
        ],
        [
            {
                "query": {
                    "x1": 9.422703217460201,
                    "x2": 2.4781244337544304
                },
                "metrics": {
                    "outcome": 0.3979317797168598
                },
                "metadata": {
                    "trials": 1
                }
            }
        ],
        [
            {
                "query": {
                    "x1": 1.756683987332508,
                    "x2": 3.8908561784774065
                },
                "metrics": {
                    "outcome": 8.308320253566016
                },
                "metadata": {
                    "trials": 1
                }
            }
        ],
        [
            {
                "query": {
                    "x1": 9.422227723732657,
                    "x2": 2.477697393466265
                },
                "metrics": {
                    "outcome": 0.3979420828940974
                },
                "metadata": {
                    "trials": 1
                }
            }
        ],
        [
            {
                "query": {
                    "x1": 9.423021453748014,
                    "x2": 2.4787759185533673
                },
                "metrics": {
                    "outcome": 0.39792980835193426
                },
                "metadata": {
                    "trials": 1
                }
            }
        ],
        [
            {
                "query": {
                    "x1": 9.422951661757738,
                    "x2": 2.4786401103878046
                },
                "metrics": {
                    "outcome": 0.39793020550225755
                },
                "metadata": {
                    "trials": 1
                }
            }
        ],
        [
            {
                "query": {
                    "x1": 9.423030527572424,
                    "x2": 2.479099423770136
                },
                "metrics": {
                    "outcome": 0.3979330764823885
                },
                "metadata": {
                    "trials": 1
                }
            }
        ],
        [
            {
                "query": {
                    "x1": 9.422891548495388,
                    "x2": 2.4784111364411787
                },
                "metrics": {
                    "outcome": 0.3979294615880953
                },
                "metadata": {
                    "trials": 1
                }
            }
        ],
        [
            {
                "query": {
                    "x1": 9.422864635149388,
                    "x2": 2.478366829195735
                },
                "metrics": {
                    "outcome": 0.39792973676158105
                },
                "metadata": {
                    "trials": 1
                }
            }
        ],
        [
            {
                "query": {
                    "x1": 9.423092888033874,
                    "x2": 2.47869553761654
                },
                "metrics": {
                    "outcome": 0.39792716942372763
                },
                "metadata": {
                    "trials": 1
                }
            }
        ],
        [
            {
                "query": {
                    "x1": 9.423190084566736,
                    "x2": 2.479263017060656
                },
                "metrics": {
                    "outcome": 0.39793084638304244
                },
                "metadata": {
                    "trials": 1
                }
            }
        ],
        [
            {
                "query": {
                    "x1": 9.422840315062006,
                    "x2": 2.478231954805409
                },
                "metrics": {
                    "outcome": 0.3979290602792176
                },
                "metadata": {
                    "trials": 1
                }
            }
        ],
        [
            {
                "query": {
                    "x1": 9.422805255335854,
                    "x2": 2.4780088073421878
                },
                "metrics": {
                    "outcome": 0.39792787196126156
                },
                "metadata": {
                    "trials": 1
                }
            }
        ],
        [
            {
                "query": {
                    "x1": 9.42308210395527,
                    "x2": 2.4784744632291584
                },
                "metrics": {
                    "outcome": 0.39792522016312226
                },
                "metadata": {
                    "trials": 1
                }
            }
        ],
        [
            {
                "query": {
                    "x1": 9.423344740081815,
                    "x2": 2.4790555068860707
                },
                "metrics": {
                    "outcome": 0.3979249314150586
                },
                "metadata": {
                    "trials": 1
                }
            }
        ],
        [
            {
                "query": {
                    "x1": 9.422540598162893,
                    "x2": 2.4778766940041494
                },
                "metrics": {
                    "outcome": 0.3979340799296178
                },
                "metadata": {
                    "trials": 1
                }
            }
        ],
        [
            {
                "query": {
                    "x1": 9.42327608862968,
                    "x2": 2.4790655130331545
                },
                "metrics": {
                    "outcome": 0.39792661819116226
                },
                "metadata": {
                    "trials": 1
                }
            }
        ],
        [
            {
                "query": {
                    "x1": 9.421765423324487,
                    "x2": 2.47604549348924
                },
                "metrics": {
                    "outcome": 0.39794378464167934
                },
                "metadata": {
                    "trials": 1
                }
            }
        ],
        [
            {
                "query": {
                    "x1": 9.422872448203606,
                    "x2": 2.4780977710607877
                },
                "metrics": {
                    "outcome": 0.39792692391359097
                },
                "metadata": {
                    "trials": 1
                }
            }
        ],
        [
            {
                "query": {
                    "x1": 9.422973925190961,
                    "x2": 2.478387499928336
                },
                "metrics": {
                    "outcome": 0.3979270795072338
                },
                "metadata": {
                    "trials": 1
                }
            }
        ],
        [
            {
                "query": {
                    "x1": 9.42294946722771,
                    "x2": 2.4783003709048463
                },
                "metrics": {
                    "outcome": 0.3979268575084234
                },
                "metadata": {
                    "trials": 1
                }
            }
        ],
        [
            {
                "query": {
                    "x1": 9.422958897441447,
                    "x2": 2.478266798253798
                },
                "metrics": {
                    "outcome": 0.3979262919569262
                },
                "metadata": {
                    "trials": 1
                }
            }
        ],
        [
            {
                "query": {
                    "x1": 9.42291088206482,
                    "x2": 2.4781525084752554
                },
                "metrics": {
                    "outcome": 0.3979264384518082
                },
                "metadata": {
                    "trials": 1
                }
            }
        ],
        [
            {
                "query": {
                    "x1": 4.717694945866242,
                    "x2": 12.394075978081673
                },
                "metrics": {
                    "outcome": 131.65244453939715
                },
                "metadata": {
                    "trials": 1
                }
            }
        ],
        [
            {
                "query": {
                    "x1": 3.826596325733174,
                    "x2": 0.0
                },
                "metrics": {
                    "outcome": 5.809044331716779
                },
                "metadata": {
                    "trials": 1
                }
            }
        ],
        [
            {
                "query": {
                    "x1": 9.423497134179376,
                    "x2": 2.4795102261004818
                },
                "metrics": {
                    "outcome": 0.3979264867215697
                },
                "metadata": {
                    "trials": 1
                }
            }
        ],
        [
            {
                "query": {
                    "x1": 9.423516097523637,
                    "x2": 2.479679679241897
                },
                "metrics": {
                    "outcome": 0.397927994624915
                },
                "metadata": {
                    "trials": 1
                }
            }
        ],
        [
            {
                "query": {
                    "x1": 9.423284402360132,
                    "x2": 2.478575205429252
                },
                "metrics": {
                    "outcome": 0.3979214424811719
                },
                "metadata": {
                    "trials": 1
                }
            }
        ],
        [
            {
                "query": {
                    "x1": 9.423487304752241,
                    "x2": 2.4800933182540357
                },
                "metrics": {
                    "outcome": 0.3979335699304496
                },
                "metadata": {
                    "trials": 1
                }
            }
        ],
        [
            {
                "query": {
                    "x1": 9.423641349904173,
                    "x2": 2.47957322405869
                },
                "metrics": {
                    "outcome": 0.39792416108798534
                },
                "metadata": {
                    "trials": 1
                }
            }
        ],
        [
            {
                "query": {
                    "x1": 9.423462500685622,
                    "x2": 2.479320468096839
                },
                "metrics": {
                    "outcome": 0.3979251490579401
                },
                "metadata": {
                    "trials": 1
                }
            }
        ],
        [
            {
                "query": {
                    "x1": 9.423549444824245,
                    "x2": 2.480147821403357
                },
                "metrics": {
                    "outcome": 0.397932844419314
                },
                "metadata": {
                    "trials": 1
                }
            }
        ],
        [
            {
                "query": {
                    "x1": 9.423112696528449,
                    "x2": 2.4787466823173343
                },
                "metrics": {
                    "outcome": 0.3979272044614941
                },
                "metadata": {
                    "trials": 1
                }
            }
        ],
        [
            {
                "query": {
                    "x1": 9.42341781360469,
                    "x2": 2.4791156294496455
                },
                "metrics": {
                    "outcome": 0.3979239357313844
                },
                "metadata": {
                    "trials": 1
                }
            }
        ],
        [
            {
                "query": {
                    "x1": 9.421116164864243,
                    "x2": 2.472311058166788
                },
                "metrics": {
                    "outcome": 0.39795189232440364
                },
                "metadata": {
                    "trials": 1
                }
            }
        ],
        [
            {
                "query": {
                    "x1": 9.421658477742291,
                    "x2": 2.4733939357114045
                },
                "metrics": {
                    "outcome": 0.3979351262426949
                },
                "metadata": {
                    "trials": 1
                }
            }
        ],
        [
            {
                "query": {
                    "x1": 9.423399011544932,
                    "x2": 2.479297973606415
                },
                "metrics": {
                    "outcome": 0.39792630837976084
                },
                "metadata": {
                    "trials": 1
                }
            }
        ],
        [
            {
                "query": {
                    "x1": 9.423637323863739,
                    "x2": 2.4796971922318245
                },
                "metrics": {
                    "outcome": 0.397925630423714
                },
                "metadata": {
                    "trials": 1
                }
            }
        ]
    ],
    "best_results": [
        {
            "query": {
                "x1": 9.424803988183179,
                "x2": 2.4744841230167505
            },
            "metrics": [
                {
                    "name": "outcome",
                    "value": 0.397887650245087
                }
            ]
        }
    ]
}