{
    "date": "09/11/2022 18:37:04",
    "basic_params": {
        "active_variables": [
            "x1",
            "x2"
        ],
        "default_query": {},
        "metric": "basic",
        "n_trials": 1
    },
    "objective_function": {
        "name": "Beale",
        "params": {}
    },
    "optimizer": {
        "name": "BO-MCMC-2500",
        "params": {
            "lower_bound": [
                -4.5,
                -4.5
            ],
            "upper_bound": [
                4.5,
                4.5
            ],
            "invert_metric": false,
            "bopt_params": {
                "n_init_samples": 15,
                "n_iterations": 45,
                "n_iter_relearn": 5,
                "verbose_level": 0,
                "n_parallel_samples": 3,
                "par_type": "PAR_MCMC",
                "l_type": "L_MCMC",
                "burnout_mcmc_parallel": 2500,
                "crit_name": "cEI"
            }
        }
    },
    "execution_time": 358.16791915893555,
    "best_results": [
        {
            "query": {
                "x1": 3.0012759612810145,
                "x2": 0.5000727240072891
            },
            "metrics": [
                {
                    "name": "outcome",
                    "value": 1.629545249237976e-06
                }
            ]
        }
    ],
    "iterations": [
        [
            {
                "query": {
                    "x1": 1.1750870700459934,
                    "x2": 3.4664763524662705
                },
                "metrics": {
                    "outcome": 2790.189934616989
                },
                "metadata": {
                    "trials": 1
                }
            }
        ],
        [
            {
                "query": {
                    "x1": -1.0366437579039482,
                    "x2": 2.5560933331958955
                },
                "metrics": {
                    "outcome": 198.51341709868709
                },
                "metadata": {
                    "trials": 1
                }
            }
        ],
        [
            {
                "query": {
                    "x1": 3.9949032775126394,
                    "x2": -0.9490537875797598
                },
                "metrics": {
                    "outcome": 65.84652216782207
                },
                "metadata": {
                    "trials": 1
                }
            }
        ],
        [
            {
                "query": {
                    "x1": -1.8952446228358895,
                    "x2": -1.5936235128901899
                },
                "metrics": {
                    "outcome": 190.21923247291613
                },
                "metadata": {
                    "trials": 1
                }
            }
        ],
        [
            {
                "query": {
                    "x1": 1.6925199556164436,
                    "x2": -0.48765463018789923
                },
                "metrics": {
                    "outcome": 2.49963268751082
                },
                "metadata": {
                    "trials": 1
                }
            }
        ],
        [
            {
                "query": {
                    "x1": -0.25762328943237645,
                    "x2": 0.3517161503434183
                },
                "metrics": {
                    "outcome": 17.15331196361393
                },
                "metadata": {
                    "trials": 1
                }
            }
        ],
        [
            {
                "query": {
                    "x1": 0.8025981763377787,
                    "x2": 0.17331906007602793
                },
                "metrics": {
                    "outcome": 6.2014868755266175
                },
                "metadata": {
                    "trials": 1
                }
            }
        ],
        [
            {
                "query": {
                    "x1": 2.453344014566391,
                    "x2": -3.847135100606829
                },
                "metrics": {
                    "outcome": 20877.577701545255
                },
                "metadata": {
                    "trials": 1
                }
            }
        ],
        [
            {
                "query": {
                    "x1": -0.3314739732071752,
                    "x2": -2.104030664870516
                },
                "metrics": {
                    "outcome": 44.16599170211999
                },
                "metadata": {
                    "trials": 1
                }
            }
        ],
        [
            {
                "query": {
                    "x1": 3.2601782666053625,
                    "x2": 1.5229453631211074
                },
                "metrics": {
                    "outcome": 171.5796804034466
                },
                "metadata": {
                    "trials": 1
                }
            }
        ],
        [
            {
                "query": {
                    "x1": -2.7085875287186356,
                    "x2": 2.9808736891485754
                },
                "metrics": {
                    "outcome": 4790.169382269436
                },
                "metadata": {
                    "trials": 1
                }
            }
        ],
        [
            {
                "query": {
                    "x1": -3.921952092368156,
                    "x2": -2.921497108228505
                },
                "metrics": {
                    "outcome": 11917.694876309171
                },
                "metadata": {
                    "trials": 1
                }
            }
        ],
        [
            {
                "query": {
                    "x1": 3.809508730145172,
                    "x2": 4.1753003369551145
                },
                "metrics": {
                    "outcome": 80624.1748145442
                },
                "metadata": {
                    "trials": 1
                }
            }
        ],
        [
            {
                "query": {
                    "x1": -2.5937535296659915,
                    "x2": 1.33441734421067
                },
                "metrics": {
                    "outcome": 1.3427850727667558
                },
                "metadata": {
                    "trials": 1
                }
            }
        ],
        [
            {
                "query": {
                    "x1": -3.8743185442406682,
                    "x2": -4.450672494387254
                },
                "metrics": {
                    "outcome": 126646.9056050023
                },
                "metadata": {
                    "trials": 1
                }
            }
        ],
        [
            {
                "query": {
                    "x1": 0.5492948041981531,
                    "x2": -2.047098241329845
                },
                "metrics": {
                    "outcome": 23.00186764125352
                },
                "metadata": {
                    "trials": 1
                }
            },
            {
                "query": {
                    "x1": -0.11027514818972861,
                    "x2": 2.5016073541807575
                },
                "metrics": {
                    "outcome": 5.5879943134687995
                },
                "metadata": {
                    "trials": 1
                }
            },
            {
                "query": {
                    "x1": 3.293069352916505,
                    "x2": 2.390890021165731
                },
                "metrics": {
                    "outcome": 2319.0812772352233
                },
                "metadata": {
                    "trials": 1
                }
            }
        ],
        [
            {
                "query": {
                    "x1": -1.9629049365059945,
                    "x2": 2.5250318218310133
                },
                "metrics": {
                    "outcome": 800.859725853136
                },
                "metadata": {
                    "trials": 1
                }
            },
            {
                "query": {
                    "x1": -1.4479760689484364,
                    "x2": 1.1106356514847127
                },
                "metrics": {
                    "outcome": 9.815428697563235
                },
                "metadata": {
                    "trials": 1
                }
            },
            {
                "query": {
                    "x1": -2.188436343602895,
                    "x2": 1.0335595971885132
                },
                "metrics": {
                    "outcome": 12.19433088406795
                },
                "metadata": {
                    "trials": 1
                }
            }
        ],
        [
            {
                "query": {
                    "x1": 3.273761638212644,
                    "x2": 2.71684704001403
                },
                "metrics": {
                    "outcome": 4811.511020213797
                },
                "metadata": {
                    "trials": 1
                }
            },
            {
                "query": {
                    "x1": 2.8663449670526653,
                    "x2": 2.8310054662615762
                },
                "metrics": {
                    "outcome": 4743.625356901701
                },
                "metadata": {
                    "trials": 1
                }
            },
            {
                "query": {
                    "x1": 4.489478958843556,
                    "x2": 2.660842484855082
                },
                "metrics": {
                    "outcome": 7794.604171425705
                },
                "metadata": {
                    "trials": 1
                }
            }
        ],
        [
            {
                "query": {
                    "x1": 3.0069855286277907,
                    "x2": 3.2439619550457452
                },
                "metrics": {
                    "outcome": 11480.720942604177
                },
                "metadata": {
                    "trials": 1
                }
            },
            {
                "query": {
                    "x1": 0.5207581367470793,
                    "x2": -0.3182211743052017
                },
                "metrics": {
                    "outcome": 8.194755365107842
                },
                "metadata": {
                    "trials": 1
                }
            },
            {
                "query": {
                    "x1": -1.3006864363933346,
                    "x2": 3.199170629027096
                },
                "metrics": {
                    "outcome": 1591.8926004277791
                },
                "metadata": {
                    "trials": 1
                }
            }
        ],
        [
            {
                "query": {
                    "x1": 4.012074496318791,
                    "x2": 3.0396538025075523
                },
                "metrics": {
                    "outcome": 13726.181286907182
                },
                "metadata": {
                    "trials": 1
                }
            },
            {
                "query": {
                    "x1": -0.887265453137958,
                    "x2": 3.6283481815622114
                },
                "metrics": {
                    "outcome": 1584.532391232301
                },
                "metadata": {
                    "trials": 1
                }
            },
            {
                "query": {
                    "x1": -0.8580094830055005,
                    "x2": 3.115054432032162
                },
                "metrics": {
                    "outcome": 531.4231418220066
                },
                "metadata": {
                    "trials": 1
                }
            }
        ],
        [
            {
                "query": {
                    "x1": 2.7022084234417436,
                    "x2": 0.8336923375836909
                },
                "metrics": {
                    "outcome": 5.3529810565824025
                },
                "metadata": {
                    "trials": 1
                }
            },
            {
                "query": {
                    "x1": -1.6028140826497772,
                    "x2": 1.4490051971852598
                },
                "metrics": {
                    "outcome": 1.2671589651908226
                },
                "metadata": {
                    "trials": 1
                }
            },
            {
                "query": {
                    "x1": -1.1381585044027953,
                    "x2": 1.619030954981434
                },
                "metrics": {
                    "outcome": 1.9352038539915708
                },
                "metadata": {
                    "trials": 1
                }
            }
        ],
        [
            {
                "query": {
                    "x1": -2.9221832508055905,
                    "x2": 1.104654052251412
                },
                "metrics": {
                    "outcome": 6.5927002247874436
                },
                "metadata": {
                    "trials": 1
                }
            },
            {
                "query": {
                    "x1": -0.26595122936932825,
                    "x2": 2.2595719770550664
                },
                "metrics": {
                    "outcome": 2.7298497952529646
                },
                "metadata": {
                    "trials": 1
                }
            },
            {
                "query": {
                    "x1": -1.455954834154007,
                    "x2": 1.6009940330554748
                },
                "metrics": {
                    "outcome": 3.9775914403529122
                },
                "metadata": {
                    "trials": 1
                }
            }
        ],
        [
            {
                "query": {
                    "x1": -2.5105911131008813,
                    "x2": 1.0346374188905054
                },
                "metrics": {
                    "outcome": 11.84021068800447
                },
                "metadata": {
                    "trials": 1
                }
            },
            {
                "query": {
                    "x1": 3.293421580805486,
                    "x2": 0.719678102038011
                },
                "metrics": {
                    "outcome": 1.0840978410496376
                },
                "metadata": {
                    "trials": 1
                }
            },
            {
                "query": {
                    "x1": -0.318065981834895,
                    "x2": 2.47381962010983
                },
                "metrics": {
                    "outcome": 4.954957572738703
                },
                "metadata": {
                    "trials": 1
                }
            }
        ],
        [
            {
                "query": {
                    "x1": -0.20940536291668277,
                    "x2": 1.4195196399846814
                },
                "metrics": {
                    "outcome": 11.142483277063484
                },
                "metadata": {
                    "trials": 1
                }
            },
            {
                "query": {
                    "x1": -1.8389190863899518,
                    "x2": 1.4321262414398763
                },
                "metrics": {
                    "outcome": 1.477093867363555
                },
                "metadata": {
                    "trials": 1
                }
            },
            {
                "query": {
                    "x1": -1.752656359597597,
                    "x2": 1.6903634198434778
                },
                "metrics": {
                    "outcome": 17.802644634924764
                },
                "metadata": {
                    "trials": 1
                }
            }
        ],
        [
            {
                "query": {
                    "x1": 0.28009916949813896,
                    "x2": -1.2918354573707025
                },
                "metrics": {
                    "outcome": 9.70813396790332
                },
                "metadata": {
                    "trials": 1
                }
            },
            {
                "query": {
                    "x1": -2.403768977399944,
                    "x2": 1.258261653457991
                },
                "metrics": {
                    "outcome": 1.5499065628659465
                },
                "metadata": {
                    "trials": 1
                }
            },
            {
                "query": {
                    "x1": -0.17269909375966286,
                    "x2": 2.167128559120888
                },
                "metrics": {
                    "outcome": 5.364886746429283
                },
                "metadata": {
                    "trials": 1
                }
            }
        ],
        [
            {
                "query": {
                    "x1": 3.287332756294952,
                    "x2": 1.033645700222051
                },
                "metrics": {
                    "outcome": 17.528965000146048
                },
                "metadata": {
                    "trials": 1
                }
            },
            {
                "query": {
                    "x1": -2.747134051186216,
                    "x2": 1.1475867129517399
                },
                "metrics": {
                    "outcome": 4.5896938204814175
                },
                "metadata": {
                    "trials": 1
                }
            },
            {
                "query": {
                    "x1": -1.8498166763442887,
                    "x2": 1.2559891020049063
                },
                "metrics": {
                    "outcome": 3.1057194323646096
                },
                "metadata": {
                    "trials": 1
                }
            }
        ],
        [
            {
                "query": {
                    "x1": 3.1102930930316735,
                    "x2": 0.3848036263624497
                },
                "metrics": {
                    "outcome": 0.42563312700538414
                },
                "metadata": {
                    "trials": 1
                }
            },
            {
                "query": {
                    "x1": 3.1741156720367147,
                    "x2": 0.444138545647367
                },
                "metrics": {
                    "outcome": 0.2321477664275718
                },
                "metadata": {
                    "trials": 1
                }
            },
            {
                "query": {
                    "x1": 3.2984462840843154,
                    "x2": 0.17138860525479416
                },
                "metrics": {
                    "outcome": 2.8575114421165777
                },
                "metadata": {
                    "trials": 1
                }
            }
        ],
        [
            {
                "query": {
                    "x1": -0.5720535617924756,
                    "x2": 2.701709743178977
                },
                "metrics": {
                    "outcome": 67.46155516875385
                },
                "metadata": {
                    "trials": 1
                }
            },
            {
                "query": {
                    "x1": 3.1782375095652533,
                    "x2": 0.7213227930448554
                },
                "metrics": {
                    "outcome": 1.3126634689313508
                },
                "metadata": {
                    "trials": 1
                }
            },
            {
                "query": {
                    "x1": 3.177957724487319,
                    "x2": 0.7756788914828885
                },
                "metrics": {
                    "outcome": 2.453416437776581
                },
                "metadata": {
                    "trials": 1
                }
            }
        ],
        [
            {
                "query": {
                    "x1": -0.16578687187816055,
                    "x2": 2.3454764953115594
                },
                "metrics": {
                    "outcome": 4.316451201277493
                },
                "metadata": {
                    "trials": 1
                }
            },
            {
                "query": {
                    "x1": -2.5536504723767495,
                    "x2": 1.2968335522204164
                },
                "metrics": {
                    "outcome": 0.962353135786089
                },
                "metadata": {
                    "trials": 1
                }
            },
            {
                "query": {
                    "x1": 2.5928116606261487,
                    "x2": 0.17018824895426654
                },
                "metrics": {
                    "outcome": 0.49820431917482455
                },
                "metadata": {
                    "trials": 1
                }
            }
        ],
        [
            {
                "query": {
                    "x1": 1.7926987532647392,
                    "x2": -0.18005739086534334
                },
                "metrics": {
                    "outcome": 1.319899095635717
                },
                "metadata": {
                    "trials": 1
                }
            },
            {
                "query": {
                    "x1": 0.4526417712440818,
                    "x2": -1.7285817310580822
                },
                "metrics": {
                    "outcome": 10.019140989741915
                },
                "metadata": {
                    "trials": 1
                }
            },
            {
                "query": {
                    "x1": -0.34110465221918584,
                    "x2": 1.9228516962423976
                },
                "metrics": {
                    "outcome": 3.4661221626060192
                },
                "metadata": {
                    "trials": 1
                }
            }
        ],
        [
            {
                "query": {
                    "x1": 3.248700093052544,
                    "x2": 0.4426670404836264
                },
                "metrics": {
                    "outcome": 0.34449197145132937
                },
                "metadata": {
                    "trials": 1
                }
            },
            {
                "query": {
                    "x1": 3.4067387485411817,
                    "x2": 0.4477274046486812
                },
                "metrics": {
                    "outcome": 0.5965688696255151
                },
                "metadata": {
                    "trials": 1
                }
            },
            {
                "query": {
                    "x1": 3.285780526181224,
                    "x2": 0.6340718431623493
                },
                "metrics": {
                    "outcome": 0.20123885308484
                },
                "metadata": {
                    "trials": 1
                }
            }
        ],
        [
            {
                "query": {
                    "x1": 2.6208568630241125,
                    "x2": 0.489687615488128
                },
                "metrics": {
                    "outcome": 0.19006140994603132
                },
                "metadata": {
                    "trials": 1
                }
            },
            {
                "query": {
                    "x1": 2.494010125031271,
                    "x2": 0.2383219692784042
                },
                "metrics": {
                    "outcome": 0.19732546705114945
                },
                "metadata": {
                    "trials": 1
                }
            },
            {
                "query": {
                    "x1": 2.503971799237452,
                    "x2": 0.35686317678365764
                },
                "metrics": {
                    "outcome": 0.07154433757511239
                },
                "metadata": {
                    "trials": 1
                }
            }
        ],
        [
            {
                "query": {
                    "x1": 2.593122499968077,
                    "x2": 0.27415037002632303
                },
                "metrics": {
                    "outcome": 0.1753386923396365
                },
                "metadata": {
                    "trials": 1
                }
            },
            {
                "query": {
                    "x1": 2.6844239977586675,
                    "x2": 0.3159207319757753
                },
                "metrics": {
                    "outcome": 0.1414963108743586
                },
                "metadata": {
                    "trials": 1
                }
            },
            {
                "query": {
                    "x1": 2.6799569638087783,
                    "x2": 0.38555803516061804
                },
                "metrics": {
                    "outcome": 0.032241837572729866
                },
                "metadata": {
                    "trials": 1
                }
            }
        ],
        [
            {
                "query": {
                    "x1": 2.257386141816297,
                    "x2": 0.11412061651725924
                },
                "metrics": {
                    "outcome": 0.3878743922593829
                },
                "metadata": {
                    "trials": 1
                }
            },
            {
                "query": {
                    "x1": -0.21245575310066478,
                    "x2": 2.4435633465222795
                },
                "metrics": {
                    "outcome": 2.918180752953608
                },
                "metadata": {
                    "trials": 1
                }
            },
            {
                "query": {
                    "x1": 2.645880764950916,
                    "x2": 0.3952188285126299
                },
                "metrics": {
                    "outcome": 0.03063220272778347
                },
                "metadata": {
                    "trials": 1
                }
            }
        ],
        [
            {
                "query": {
                    "x1": 2.7771204342488156,
                    "x2": 0.4073995094052911
                },
                "metrics": {
                    "outcome": 0.026888059121348805
                },
                "metadata": {
                    "trials": 1
                }
            },
            {
                "query": {
                    "x1": 2.7438850178823806,
                    "x2": 0.4294701572737054
                },
                "metrics": {
                    "outcome": 0.014131044842645359
                },
                "metadata": {
                    "trials": 1
                }
            },
            {
                "query": {
                    "x1": -2.6126501432232745,
                    "x2": 1.3042782761463654
                },
                "metrics": {
                    "outcome": 0.9846268871537183
                },
                "metadata": {
                    "trials": 1
                }
            }
        ],
        [
            {
                "query": {
                    "x1": 2.7254839160258273,
                    "x2": 0.4089076679050301
                },
                "metrics": {
                    "outcome": 0.020086830410764204
                },
                "metadata": {
                    "trials": 1
                }
            },
            {
                "query": {
                    "x1": 1.496591903811602,
                    "x2": -0.2952727866639071
                },
                "metrics": {
                    "outcome": 2.1613783329279506
                },
                "metadata": {
                    "trials": 1
                }
            },
            {
                "query": {
                    "x1": 2.4244520439557755,
                    "x2": 0.3243133190083851
                },
                "metrics": {
                    "outcome": 0.10580886033525835
                },
                "metadata": {
                    "trials": 1
                }
            }
        ],
        [
            {
                "query": {
                    "x1": 2.8768655684763136,
                    "x2": 0.472585201858041
                },
                "metrics": {
                    "outcome": 0.003224745089625671
                },
                "metadata": {
                    "trials": 1
                }
            },
            {
                "query": {
                    "x1": -2.265665809414089,
                    "x2": 1.3168136429336093
                },
                "metrics": {
                    "outcome": 1.0363116241620836
                },
                "metadata": {
                    "trials": 1
                }
            },
            {
                "query": {
                    "x1": -2.1743964329061845,
                    "x2": 1.2969111891935148
                },
                "metrics": {
                    "outcome": 1.3216101855341036
                },
                "metadata": {
                    "trials": 1
                }
            }
        ],
        [
            {
                "query": {
                    "x1": 2.89076303968465,
                    "x2": 0.45453865875554733
                },
                "metrics": {
                    "outcome": 0.007824378124718154
                },
                "metadata": {
                    "trials": 1
                }
            },
            {
                "query": {
                    "x1": 2.8423758535942323,
                    "x2": 0.4405472514032702
                },
                "metrics": {
                    "outcome": 0.010447935029465122
                },
                "metadata": {
                    "trials": 1
                }
            },
            {
                "query": {
                    "x1": 2.8750739332444866,
                    "x2": 0.4471918161444295
                },
                "metrics": {
                    "outcome": 0.010547127177543674
                },
                "metadata": {
                    "trials": 1
                }
            }
        ],
        [
            {
                "query": {
                    "x1": 3.010134368219579,
                    "x2": 0.47738604471890067
                },
                "metrics": {
                    "outcome": 0.014167956991298917
                },
                "metadata": {
                    "trials": 1
                }
            },
            {
                "query": {
                    "x1": 2.8196870820606543,
                    "x2": 0.44722820497082516
                },
                "metrics": {
                    "outcome": 0.006782329865206441
                },
                "metadata": {
                    "trials": 1
                }
            },
            {
                "query": {
                    "x1": 3.0014139997729004,
                    "x2": 0.4956439079550199
                },
                "metrics": {
                    "outcome": 0.0005081929945920196
                },
                "metadata": {
                    "trials": 1
                }
            }
        ],
        [
            {
                "query": {
                    "x1": 2.93882005157593,
                    "x2": 0.4948967812679266
                },
                "metrics": {
                    "outcome": 0.0029995568300623322
                },
                "metadata": {
                    "trials": 1
                }
            },
            {
                "query": {
                    "x1": 2.9367794097196995,
                    "x2": 0.48063095545333656
                },
                "metrics": {
                    "outcome": 0.0009127986657759287
                },
                "metadata": {
                    "trials": 1
                }
            },
            {
                "query": {
                    "x1": 2.9633036129328563,
                    "x2": 0.48939933946010417
                },
                "metrics": {
                    "outcome": 0.0002651680853895668
                },
                "metadata": {
                    "trials": 1
                }
            }
        ],
        [
            {
                "query": {
                    "x1": 2.005477629519281,
                    "x2": 0.1669874226690169
                },
                "metrics": {
                    "outcome": 0.5148330985390445
                },
                "metadata": {
                    "trials": 1
                }
            },
            {
                "query": {
                    "x1": 2.9653257262511685,
                    "x2": 0.48633413353870214
                },
                "metrics": {
                    "outcome": 0.0007332123991746339
                },
                "metadata": {
                    "trials": 1
                }
            },
            {
                "query": {
                    "x1": 3.0964472575888475,
                    "x2": 0.505102111116905
                },
                "metrics": {
                    "outcome": 0.009483554424953616
                },
                "metadata": {
                    "trials": 1
                }
            }
        ],
        [
            {
                "query": {
                    "x1": 2.2035056959454318,
                    "x2": 0.24313073225577142
                },
                "metrics": {
                    "outcome": 0.26474254743340486
                },
                "metadata": {
                    "trials": 1
                }
            },
            {
                "query": {
                    "x1": 3.0452581546529487,
                    "x2": 0.5037098866138043
                },
                "metrics": {
                    "outcome": 0.001604365313402731
                },
                "metadata": {
                    "trials": 1
                }
            },
            {
                "query": {
                    "x1": 3.0547950520067007,
                    "x2": 0.49491857511642046
                },
                "metrics": {
                    "outcome": 0.008575588092131527
                },
                "metadata": {
                    "trials": 1
                }
            }
        ],
        [
            {
                "query": {
                    "x1": 2.9091758070173146,
                    "x2": 0.4803457959294004
                },
                "metrics": {
                    "outcome": 0.0017471598473093098
                },
                "metadata": {
                    "trials": 1
                }
            },
            {
                "query": {
                    "x1": -1.7268867241277777,
                    "x2": 1.377503767458152
                },
                "metrics": {
                    "outcome": 1.2356053087344014
                },
                "metadata": {
                    "trials": 1
                }
            },
            {
                "query": {
                    "x1": 2.9733956651857216,
                    "x2": 0.487194026022153
                },
                "metrics": {
                    "outcome": 0.0009455832553715201
                },
                "metadata": {
                    "trials": 1
                }
            }
        ],
        [
            {
                "query": {
                    "x1": 2.988558517244301,
                    "x2": 0.49841055789729527
                },
                "metrics": {
                    "outcome": 5.7407976426663734e-05
                },
                "metadata": {
                    "trials": 1
                }
            },
            {
                "query": {
                    "x1": 2.9020997306407716,
                    "x2": 0.47142770734656914
                },
                "metrics": {
                    "outcome": 0.0019314904367413975
                },
                "metadata": {
                    "trials": 1
                }
            },
            {
                "query": {
                    "x1": 2.9162537362044816,
                    "x2": 0.47645773650243317
                },
                "metrics": {
                    "outcome": 0.0013194985619888262
                },
                "metadata": {
                    "trials": 1
                }
            }
        ],
        [
            {
                "query": {
                    "x1": 3.0032520485928513,
                    "x2": 0.4998346047919675
                },
                "metrics": {
                    "outcome": 2.3479541191242906e-05
                },
                "metadata": {
                    "trials": 1
                }
            },
            {
                "query": {
                    "x1": 2.9437410324592657,
                    "x2": 0.48223147878066985
                },
                "metrics": {
                    "outcome": 0.000798199597866915
                },
                "metadata": {
                    "trials": 1
                }
            },
            {
                "query": {
                    "x1": 2.955883082408274,
                    "x2": 0.49184526695289854
                },
                "metrics": {
                    "outcome": 0.0005218116881343006
                },
                "metadata": {
                    "trials": 1
                }
            }
        ],
        [
            {
                "query": {
                    "x1": 3.025158107518127,
                    "x2": 0.5053631839912818
                },
                "metrics": {
                    "outcome": 0.0001141895266646503
                },
                "metadata": {
                    "trials": 1
                }
            },
            {
                "query": {
                    "x1": 3.013947335185639,
                    "x2": 0.49664790172008644
                },
                "metrics": {
                    "outcome": 0.0011023754133273325
                },
                "metadata": {
                    "trials": 1
                }
            },
            {
                "query": {
                    "x1": 2.9871910974820555,
                    "x2": 0.49321906309075914
                },
                "metrics": {
                    "outcome": 0.00031664608125147236
                },
                "metadata": {
                    "trials": 1
                }
            }
        ],
        [
            {
                "query": {
                    "x1": 2.9795612825527726,
                    "x2": 0.49284382096047175
                },
                "metrics": {
                    "outcome": 0.00016188214649432423
                },
                "metadata": {
                    "trials": 1
                }
            },
            {
                "query": {
                    "x1": 3.018933782334935,
                    "x2": 0.5012267164184436
                },
                "metrics": {
                    "outcome": 0.0003332719823826983
                },
                "metadata": {
                    "trials": 1
                }
            },
            {
                "query": {
                    "x1": 2.988292850425954,
                    "x2": 0.4940757309887376
                },
                "metrics": {
                    "outcome": 0.00022645825900279864
                },
                "metadata": {
                    "trials": 1
                }
            }
        ],
        [
            {
                "query": {
                    "x1": 3.003990588269267,
                    "x2": 0.5001636929469306
                },
                "metrics": {
                    "outcome": 1.8268503784577947e-05
                },
                "metadata": {
                    "trials": 1
                }
            },
            {
                "query": {
                    "x1": 2.997956917311015,
                    "x2": 0.49784431549587005
                },
                "metrics": {
                    "outcome": 6.300871284482476e-05
                },
                "metadata": {
                    "trials": 1
                }
            },
            {
                "query": {
                    "x1": 2.935380151636643,
                    "x2": 0.4837701472700058
                },
                "metrics": {
                    "outcome": 0.000719785836486542
                },
                "metadata": {
                    "trials": 1
                }
            }
        ],
        [
            {
                "query": {
                    "x1": 3.017300911418398,
                    "x2": 0.50158893901851
                },
                "metrics": {
                    "outcome": 0.00021464712892764774
                },
                "metadata": {
                    "trials": 1
                }
            },
            {
                "query": {
                    "x1": 2.9975839230010273,
                    "x2": 0.49677494310894144
                },
                "metrics": {
                    "outcome": 0.00015868371987748074
                },
                "metadata": {
                    "trials": 1
                }
            },
            {
                "query": {
                    "x1": 2.9929804830061855,
                    "x2": 0.49793049771371045
                },
                "metrics": {
                    "outcome": 1.0342690728441354e-05
                },
                "metadata": {
                    "trials": 1
                }
            }
        ],
        [
            {
                "query": {
                    "x1": 3.0039131795010494,
                    "x2": 0.4964968365306701
                },
                "metrics": {
                    "outcome": 0.0004626903053708693
                },
                "metadata": {
                    "trials": 1
                }
            },
            {
                "query": {
                    "x1": 3.0140477047976884,
                    "x2": 0.5052454234617834
                },
                "metrics": {
                    "outcome": 0.00010598998659326393
                },
                "metadata": {
                    "trials": 1
                }
            },
            {
                "query": {
                    "x1": 2.9924251918606792,
                    "x2": 0.4978950404581788
                },
                "metrics": {
                    "outcome": 1.0373589193656241e-05
                },
                "metadata": {
                    "trials": 1
                }
            }
        ],
        [
            {
                "query": {
                    "x1": 2.9832910180842473,
                    "x2": 0.49531129062301193
                },
                "metrics": {
                    "outcome": 5.153990472829808e-05
                },
                "metadata": {
                    "trials": 1
                }
            },
            {
                "query": {
                    "x1": 2.9538320580275403,
                    "x2": 0.4833022212760252
                },
                "metrics": {
                    "outcome": 0.0009023210419688107
                },
                "metadata": {
                    "trials": 1
                }
            },
            {
                "query": {
                    "x1": 2.96377685295539,
                    "x2": 0.488344657427481
                },
                "metrics": {
                    "outcome": 0.000359442698345912
                },
                "metadata": {
                    "trials": 1
                }
            }
        ],
        [
            {
                "query": {
                    "x1": 2.9942920183684576,
                    "x2": 0.5014662207517357
                },
                "metrics": {
                    "outcome": 0.00019662044572329199
                },
                "metadata": {
                    "trials": 1
                }
            },
            {
                "query": {
                    "x1": 2.985485386154399,
                    "x2": 0.4948984773662195
                },
                "metrics": {
                    "outcome": 8.372023485128534e-05
                },
                "metadata": {
                    "trials": 1
                }
            },
            {
                "query": {
                    "x1": 3.024946044588269,
                    "x2": 0.5032710449238635
                },
                "metrics": {
                    "outcome": 0.0002899332483890032
                },
                "metadata": {
                    "trials": 1
                }
            }
        ],
        [
            {
                "query": {
                    "x1": 3.0189679545798205,
                    "x2": 0.5028643443225427
                },
                "metrics": {
                    "outcome": 0.00013303475248158965
                },
                "metadata": {
                    "trials": 1
                }
            },
            {
                "query": {
                    "x1": 2.9752159077261933,
                    "x2": 0.4939407703942038
                },
                "metrics": {
                    "outcome": 0.00010157323020990588
                },
                "metadata": {
                    "trials": 1
                }
            },
            {
                "query": {
                    "x1": 3.007121036284911,
                    "x2": 0.5010363519030836
                },
                "metrics": {
                    "outcome": 2.025278470497478e-05
                },
                "metadata": {
                    "trials": 1
                }
            }
        ],
        [
            {
                "query": {
                    "x1": 3.0012759612810145,
                    "x2": 0.5000727240072891
                },
                "metrics": {
                    "outcome": 1.629545249237976e-06
                },
                "metadata": {
                    "trials": 1
                }
            },
            {
                "query": {
                    "x1": 2.9814179791689437,
                    "x2": 0.49476921947100383
                },
                "metrics": {
                    "outcome": 6.417696967077623e-05
                },
                "metadata": {
                    "trials": 1
                }
            },
            {
                "query": {
                    "x1": 2.944866305804295,
                    "x2": 0.48744447854659967
                },
                "metrics": {
                    "outcome": 0.0005614423432121014
                },
                "metadata": {
                    "trials": 1
                }
            }
        ],
        [
            {
                "query": {
                    "x1": 3.007489524109814,
                    "x2": 0.49938826675493253
                },
                "metrics": {
                    "outcome": 0.0001496844710422096
                },
                "metadata": {
                    "trials": 1
                }
            },
            {
                "query": {
                    "x1": 3.0083283963447602,
                    "x2": 0.4989480666477242
                },
                "metrics": {
                    "outcome": 0.00023544636113928736
                },
                "metadata": {
                    "trials": 1
                }
            },
            {
                "query": {
                    "x1": 2.990623047946494,
                    "x2": 0.500919631241036
                },
                "metrics": {
                    "outcome": 0.00025659148709429087
                },
                "metadata": {
                    "trials": 1
                }
            }
        ],
        [
            {
                "query": {
                    "x1": 3.025603917488864,
                    "x2": 0.5015132163066447
                },
                "metrics": {
                    "outcome": 0.0006407541652058814
                },
                "metadata": {
                    "trials": 1
                }
            },
            {
                "query": {
                    "x1": 2.964836092320323,
                    "x2": 0.48814720518949883
                },
                "metrics": {
                    "outcome": 0.0004034209382526349
                },
                "metadata": {
                    "trials": 1
                }
            },
            {
                "query": {
                    "x1": -4.411916154774239,
                    "x2": 0.475408287108424
                },
                "metrics": {
                    "outcome": 89.710797582846
                },
                "metadata": {
                    "trials": 1
                }
            }
        ],
        [
            {
                "query": {
                    "x1": 3.018163640239379,
                    "x2": 0.5005932697297997
                },
                "metrics": {
                    "outcome": 0.0004047999100788588
                },
                "metadata": {
                    "trials": 1
                }
            },
            {
                "query": {
                    "x1": 2.9878911433239637,
                    "x2": 0.49595676125385335
                },
                "metrics": {
                    "outcome": 4.760559654178204e-05
                },
                "metadata": {
                    "trials": 1
                }
            },
            {
                "query": {
                    "x1": 2.9839976753980793,
                    "x2": 0.4962201224816418
                },
                "metrics": {
                    "outcome": 4.276319616192393e-05
                },
                "metadata": {
                    "trials": 1
                }
            }
        ],
        [
            {
                "query": {
                    "x1": 3.067114837252401,
                    "x2": 0.515849756542619
                },
                "metrics": {
                    "outcome": 0.0006726935617689068
                },
                "metadata": {
                    "trials": 1
                }
            },
            {
                "query": {
                    "x1": 3.0517370645606086,
                    "x2": 0.5113198523098301
                },
                "metrics": {
                    "outcome": 0.000442548754349529
                },
                "metadata": {
                    "trials": 1
                }
            },
            {
                "query": {
                    "x1": 3.001343454508299,
                    "x2": 0.49750668972260836
                },
                "metrics": {
                    "outcome": 0.00018398072083363967
                },
                "metadata": {
                    "trials": 1
                }
            }
        ],
        [
            {
                "query": {
                    "x1": 2.8403939214271077,
                    "x2": 0.4759292258679313
                },
                "metrics": {
                    "outcome": 0.011183373074509732
                },
                "metadata": {
                    "trials": 1
                }
            },
            {
                "query": {
                    "x1": 3.0152315112164993,
                    "x2": 0.5022357125813786
                },
                "metrics": {
                    "outcome": 9.059584836487748e-05
                },
                "metadata": {
                    "trials": 1
                }
            },
            {
                "query": {
                    "x1": 3.008049802391123,
                    "x2": 0.4994498212696028
                },
                "metrics": {
                    "outcome": 0.00016003391575919156
                },
                "metadata": {
                    "trials": 1
                }
            }
        ],
        [
            {
                "query": {
                    "x1": 2.9437699250025924,
                    "x2": 0.48611405130568563
                },
                "metrics": {
                    "outcome": 0.0005421987941424834
                },
                "metadata": {
                    "trials": 1
                }
            },
            {
                "query": {
                    "x1": 3.0316663677248012,
                    "x2": 0.5052939092209776
                },
                "metrics": {
                    "outcome": 0.00029963129320246325
                },
                "metadata": {
                    "trials": 1
                }
            },
            {
                "query": {
                    "x1": 3.0528710930474876,
                    "x2": 0.5060322408843057
                },
                "metrics": {
                    "outcome": 0.0015528536968501133
                },
                "metadata": {
                    "trials": 1
                }
            }
        ]
    ]
}