{
    "date": "04/11/2022 16:30:13",
    "basic_params": {
        "active_variables": [
            "x"
        ],
        "default_query": {},
        "metric": "basic",
        "n_trials": 1
    },
    "objective_function": {
        "name": "Forrester",
        "params": {}
    },
    "optimizer": {
        "name": "BBO-LP(LCB)-FoD",
        "params": {
            "lower_bound": [
                0.0
            ],
            "upper_bound": [
                1.0
            ],
            "invert_metric": false,
            "bopt_params": {
                "n_init_samples": 15,
                "n_iterations": 45,
                "n_iter_relearn": 5,
                "verbose_level": 0,
                "n_parallel_samples": 3,
                "fixed_dataset_size": 50,
                "par_type": "PAR_BBO",
                "crit_name": "cLP(cLCB)",
                "n_crit_params": 3,
                "crit_params": [
                    3,
                    1,
                    1.0
                ]
            }
        }
    },
    "iterations": [
        [
            {
                "query": {
                    "x": 0.9993309315914909
                },
                "metrics": {
                    "outcome": 15.816118588736343
                },
                "metadata": {
                    "trials": 1
                }
            }
        ],
        [
            {
                "query": {
                    "x": 0.10490259337238968
                },
                "metrics": {
                    "outcome": -0.7322561749568348
                },
                "metadata": {
                    "trials": 1
                }
            }
        ],
        [
            {
                "query": {
                    "x": 0.8006612549380709
                },
                "metrics": {
                    "outcome": -4.914624765187079
                },
                "metadata": {
                    "trials": 1
                }
            }
        ],
        [
            {
                "query": {
                    "x": 0.5937683073959003
                },
                "metrics": {
                    "outcome": 0.039976892947229115
                },
                "metadata": {
                    "trials": 1
                }
            }
        ],
        [
            {
                "query": {
                    "x": 0.5261359081293145
                },
                "metrics": {
                    "outcome": 0.9856731258420192
                },
                "metadata": {
                    "trials": 1
                }
            }
        ],
        [
            {
                "query": {
                    "x": 0.7582481258704017
                },
                "metrics": {
                    "outcome": -6.020205213800052
                },
                "metadata": {
                    "trials": 1
                }
            }
        ],
        [
            {
                "query": {
                    "x": 0.4427159731121113
                },
                "metrics": {
                    "outcome": 0.41644570683671767
                },
                "metadata": {
                    "trials": 1
                }
            }
        ],
        [
            {
                "query": {
                    "x": 0.609946477226913
                },
                "metrics": {
                    "outcome": -0.48708508710752335
                },
                "metadata": {
                    "trials": 1
                }
            }
        ],
        [
            {
                "query": {
                    "x": 0.37888202782099445
                },
                "metrics": {
                    "outcome": 0.03882106582275193
                },
                "metadata": {
                    "trials": 1
                }
            }
        ],
        [
            {
                "query": {
                    "x": 0.21593881809773544
                },
                "metrics": {
                    "outcome": -0.48963199387227463
                },
                "metadata": {
                    "trials": 1
                }
            }
        ],
        [
            {
                "query": {
                    "x": 0.31177369045714537
                },
                "metrics": {
                    "outcome": -0.004281074128283298
                },
                "metadata": {
                    "trials": 1
                }
            }
        ],
        [
            {
                "query": {
                    "x": 0.6696830354475727
                },
                "metrics": {
                    "outcome": -3.1765637722075137
                },
                "metadata": {
                    "trials": 1
                }
            }
        ],
        [
            {
                "query": {
                    "x": 0.8816607710439712
                },
                "metrics": {
                    "outcome": 3.16498556521491
                },
                "metadata": {
                    "trials": 1
                }
            }
        ],
        [
            {
                "query": {
                    "x": 0.03951790306406717
                },
                "metrics": {
                    "outcome": 1.1648328342852778
                },
                "metadata": {
                    "trials": 1
                }
            }
        ],
        [
            {
                "query": {
                    "x": 0.19448718434820572
                },
                "metrics": {
                    "outcome": -0.6908641368919264
                },
                "metadata": {
                    "trials": 1
                }
            }
        ],
        [
            {
                "query": {
                    "x": 0.7662566994967109
                },
                "metrics": {
                    "outcome": -5.976338148330284
                },
                "metadata": {
                    "trials": 1
                }
            },
            {
                "query": {
                    "x": 0.7604389283939991
                },
                "metrics": {
                    "outcome": -6.015256626283139
                },
                "metadata": {
                    "trials": 1
                }
            },
            {
                "query": {
                    "x": 0.7720204936109063
                },
                "metrics": {
                    "outcome": -5.8996160934326145
                },
                "metadata": {
                    "trials": 1
                }
            }
        ],
        [
            {
                "query": {
                    "x": 0.7562100235019942
                },
                "metrics": {
                    "outcome": -6.020165594140374
                },
                "metadata": {
                    "trials": 1
                }
            },
            {
                "query": {
                    "x": 0.7579183508375195
                },
                "metrics": {
                    "outcome": -6.020500176912591
                },
                "metadata": {
                    "trials": 1
                }
            },
            {
                "query": {
                    "x": 0.7545085881623829
                },
                "metrics": {
                    "outcome": -6.016762110046187
                },
                "metadata": {
                    "trials": 1
                }
            }
        ],
        [
            {
                "query": {
                    "x": 0.7572180378011637
                },
                "metrics": {
                    "outcome": -6.020739551860392
                },
                "metadata": {
                    "trials": 1
                }
            },
            {
                "query": {
                    "x": 0.758017897278655
                },
                "metrics": {
                    "outcome": -6.020423461861119
                },
                "metadata": {
                    "trials": 1
                }
            },
            {
                "query": {
                    "x": 0.7564194195599199
                },
                "metrics": {
                    "outcome": -6.020373637444939
                },
                "metadata": {
                    "trials": 1
                }
            }
        ],
        [
            {
                "query": {
                    "x": 0.7572277187341135
                },
                "metrics": {
                    "outcome": -6.020739819407525
                },
                "metadata": {
                    "trials": 1
                }
            },
            {
                "query": {
                    "x": 0.7579220049887582
                },
                "metrics": {
                    "outcome": -6.020497549093483
                },
                "metadata": {
                    "trials": 1
                }
            },
            {
                "query": {
                    "x": 0.7565341411702557
                },
                "metrics": {
                    "outcome": -6.020467908999441
                },
                "metadata": {
                    "trials": 1
                }
            }
        ],
        [
            {
                "query": {
                    "x": 0.7572321202013592
                },
                "metrics": {
                    "outcome": -6.0207399079558455
                },
                "metadata": {
                    "trials": 1
                }
            },
            {
                "query": {
                    "x": 0.7578678510852903
                },
                "metrics": {
                    "outcome": -6.020535024434751
                },
                "metadata": {
                    "trials": 1
                }
            },
            {
                "query": {
                    "x": 0.7565968864117645
                },
                "metrics": {
                    "outcome": -6.020513560568484
                },
                "metadata": {
                    "trials": 1
                }
            }
        ],
        [
            {
                "query": {
                    "x": 0.757240404096521
                },
                "metrics": {
                    "outcome": -6.020740018502462
                },
                "metadata": {
                    "trials": 1
                }
            },
            {
                "query": {
                    "x": 0.7578311420221884
                },
                "metrics": {
                    "outcome": -6.020558637041149
                },
                "metadata": {
                    "trials": 1
                }
            },
            {
                "query": {
                    "x": 0.7566497322278662
                },
                "metrics": {
                    "outcome": -6.020548766006691
                },
                "metadata": {
                    "trials": 1
                }
            }
        ],
        [
            {
                "query": {
                    "x": 0.7572414718953328
                },
                "metrics": {
                    "outcome": -6.0207400274200555
                },
                "metadata": {
                    "trials": 1
                }
            },
            {
                "query": {
                    "x": 0.7578037502767195
                },
                "metrics": {
                    "outcome": -6.020575314116791
                },
                "metadata": {
                    "trials": 1
                }
            },
            {
                "query": {
                    "x": 0.7566792152069205
                },
                "metrics": {
                    "outcome": -6.0205671178876035
                },
                "metadata": {
                    "trials": 1
                }
            }
        ],
        [
            {
                "query": {
                    "x": 0.7572422770545019
                },
                "metrics": {
                    "outcome": -6.020740033339003
                },
                "metadata": {
                    "trials": 1
                }
            },
            {
                "query": {
                    "x": 0.7577821712618928
                },
                "metrics": {
                    "outcome": -6.020587885215432
                },
                "metadata": {
                    "trials": 1
                }
            },
            {
                "query": {
                    "x": 0.75670236318011
                },
                "metrics": {
                    "outcome": -6.020580879117199
                },
                "metadata": {
                    "trials": 1
                }
            }
        ],
        [
            {
                "query": {
                    "x": 0.7572428780702318
                },
                "metrics": {
                    "outcome": -6.020740037305956
                },
                "metadata": {
                    "trials": 1
                }
            },
            {
                "query": {
                    "x": 0.7567212339665845
                },
                "metrics": {
                    "outcome": -6.020591676168768
                },
                "metadata": {
                    "trials": 1
                }
            },
            {
                "query": {
                    "x": 0.7577644818432063
                },
                "metrics": {
                    "outcome": -6.020597817759383
                },
                "metadata": {
                    "trials": 1
                }
            }
        ],
        [
            {
                "query": {
                    "x": 0.757243333353098
                },
                "metrics": {
                    "outcome": -6.020740040054214
                },
                "metadata": {
                    "trials": 1
                }
            },
            {
                "query": {
                    "x": 0.7567370676494142
                },
                "metrics": {
                    "outcome": -6.0206004434165905
                },
                "metadata": {
                    "trials": 1
                }
            },
            {
                "query": {
                    "x": 0.7577495449923836
                },
                "metrics": {
                    "outcome": -6.020605943363794
                },
                "metadata": {
                    "trials": 1
                }
            }
        ],
        [
            {
                "query": {
                    "x": 0.7572437665157218
                },
                "metrics": {
                    "outcome": -6.020740042463449
                },
                "metadata": {
                    "trials": 1
                }
            },
            {
                "query": {
                    "x": 0.75675071530262
                },
                "metrics": {
                    "outcome": -6.02060778632859
                },
                "metadata": {
                    "trials": 1
                }
            },
            {
                "query": {
                    "x": 0.7577367495970802
                },
                "metrics": {
                    "outcome": -6.020612713724718
                },
                "metadata": {
                    "trials": 1
                }
            }
        ],
        [
            {
                "query": {
                    "x": 0.7572440864013874
                },
                "metrics": {
                    "outcome": -6.02074004411401
                },
                "metadata": {
                    "trials": 1
                }
            },
            {
                "query": {
                    "x": 0.7567623519293493
                },
                "metrics": {
                    "outcome": -6.0206138907941495
                },
                "metadata": {
                    "trials": 1
                }
            },
            {
                "query": {
                    "x": 0.7577255068836879
                },
                "metrics": {
                    "outcome": -6.020618517606348
                },
                "metadata": {
                    "trials": 1
                }
            }
        ],
        [
            {
                "query": {
                    "x": 0.7572321115781929
                },
                "metrics": {
                    "outcome": -6.02073990780259
                },
                "metadata": {
                    "trials": 1
                }
            },
            {
                "query": {
                    "x": 0.757750614897253
                },
                "metrics": {
                    "outcome": -6.020605369295374
                },
                "metadata": {
                    "trials": 1
                }
            },
            {
                "query": {
                    "x": 0.756714310362231
                },
                "metrics": {
                    "outcome": -6.02058775874868
                },
                "metadata": {
                    "trials": 1
                }
            }
        ],
        [
            {
                "query": {
                    "x": 0.7572259956434421
                },
                "metrics": {
                    "outcome": -6.0207397791080774
                },
                "metadata": {
                    "trials": 1
                }
            },
            {
                "query": {
                    "x": 0.7577722635865809
                },
                "metrics": {
                    "outcome": -6.020593489693806
                },
                "metadata": {
                    "trials": 1
                }
            },
            {
                "query": {
                    "x": 0.756680478067741
                },
                "metrics": {
                    "outcome": -6.020567883332831
                },
                "metadata": {
                    "trials": 1
                }
            }
        ],
        [
            {
                "query": {
                    "x": 0.7572355476601358
                },
                "metrics": {
                    "outcome": -6.020739962582126
                },
                "metadata": {
                    "trials": 1
                }
            },
            {
                "query": {
                    "x": 0.7577740848349126
                },
                "metrics": {
                    "outcome": -6.020592467367379
                },
                "metadata": {
                    "trials": 1
                }
            },
            {
                "query": {
                    "x": 0.7566973964229751
                },
                "metrics": {
                    "outcome": -6.020577974423063
                },
                "metadata": {
                    "trials": 1
                }
            }
        ],
        [
            {
                "query": {
                    "x": 0.7572341169627256
                },
                "metrics": {
                    "outcome": -6.020739941305232
                },
                "metadata": {
                    "trials": 1
                }
            },
            {
                "query": {
                    "x": 0.7577636106008402
                },
                "metrics": {
                    "outcome": -6.020598298285175
                },
                "metadata": {
                    "trials": 1
                }
            },
            {
                "query": {
                    "x": 0.756705039561037
                },
                "metrics": {
                    "outcome": -6.020582433465025
                },
                "metadata": {
                    "trials": 1
                }
            }
        ],
        [
            {
                "query": {
                    "x": 0.7572778057828109
                },
                "metrics": {
                    "outcome": -6.020739605146301
                },
                "metadata": {
                    "trials": 1
                }
            },
            {
                "query": {
                    "x": 0.7560021006013441
                },
                "metrics": {
                    "outcome": -6.019913093438713
                },
                "metadata": {
                    "trials": 1
                }
            },
            {
                "query": {
                    "x": 0.7585459794517876
                },
                "metrics": {
                    "outcome": -6.019838137991708
                },
                "metadata": {
                    "trials": 1
                }
            }
        ],
        [
            {
                "query": {
                    "x": 0.757251286942926
                },
                "metrics": {
                    "outcome": -6.02074005235138
                },
                "metadata": {
                    "trials": 1
                }
            },
            {
                "query": {
                    "x": 0.7559782081011043
                },
                "metrics": {
                    "outcome": -6.019881151070251
                },
                "metadata": {
                    "trials": 1
                }
            },
            {
                "query": {
                    "x": 0.7585200339420327
                },
                "metrics": {
                    "outcome": -6.019873918552407
                },
                "metadata": {
                    "trials": 1
                }
            }
        ],
        [
            {
                "query": {
                    "x": 0.7574673879920875
                },
                "metrics": {
                    "outcome": -6.020714514943407
                },
                "metadata": {
                    "trials": 1
                }
            },
            {
                "query": {
                    "x": 0.7590730263218941
                },
                "metrics": {
                    "outcome": -6.018953743652863
                },
                "metadata": {
                    "trials": 1
                }
            },
            {
                "query": {
                    "x": 0.7558426445091809
                },
                "metrics": {
                    "outcome": -6.019688500445342
                },
                "metadata": {
                    "trials": 1
                }
            }
        ],
        [
            {
                "query": {
                    "x": 7.500010754897104e-13
                },
                "metrics": {
                    "outcome": 3.0272099811945594
                },
                "metadata": {
                    "trials": 1
                }
            },
            {
                "query": {
                    "x": 0.9999999999999962
                },
                "metrics": {
                    "outcome": 15.829731945974032
                },
                "metadata": {
                    "trials": 1
                }
            },
            {
                "query": {
                    "x": 0.0
                },
                "metrics": {
                    "outcome": 3.027209981231713
                },
                "metadata": {
                    "trials": 1
                }
            }
        ],
        [
            {
                "query": {
                    "x": 0.7572735949473067
                },
                "metrics": {
                    "outcome": -6.020739726326374
                },
                "metadata": {
                    "trials": 1
                }
            },
            {
                "query": {
                    "x": 0.75687180027393
                },
                "metrics": {
                    "outcome": -6.020664257006582
                },
                "metadata": {
                    "trials": 1
                }
            },
            {
                "query": {
                    "x": 0.7576747018754615
                },
                "metrics": {
                    "outcome": -6.020643054921966
                },
                "metadata": {
                    "trials": 1
                }
            }
        ],
        [
            {
                "query": {
                    "x": 0.7572743303430368
                },
                "metrics": {
                    "outcome": -6.020739706528172
                },
                "metadata": {
                    "trials": 1
                }
            },
            {
                "query": {
                    "x": 0.7568740000976961
                },
                "metrics": {
                    "outcome": -6.020665138636404
                },
                "metadata": {
                    "trials": 1
                }
            },
            {
                "query": {
                    "x": 0.7576738930173705
                },
                "metrics": {
                    "outcome": -6.020643423198682
                },
                "metadata": {
                    "trials": 1
                }
            }
        ],
        [
            {
                "query": {
                    "x": 0.7572747592932683
                },
                "metrics": {
                    "outcome": -6.020739694713279
                },
                "metadata": {
                    "trials": 1
                }
            },
            {
                "query": {
                    "x": 0.7568755286859528
                },
                "metrics": {
                    "outcome": -6.020665748219585
                },
                "metadata": {
                    "trials": 1
                }
            },
            {
                "query": {
                    "x": 0.7576731531596818
                },
                "metrics": {
                    "outcome": -6.020643759445111
                },
                "metadata": {
                    "trials": 1
                }
            }
        ],
        [
            {
                "query": {
                    "x": 0.7572748592590158
                },
                "metrics": {
                    "outcome": -6.020739691931608
                },
                "metadata": {
                    "trials": 1
                }
            },
            {
                "query": {
                    "x": 0.7568765037783859
                },
                "metrics": {
                    "outcome": -6.020666135775581
                },
                "metadata": {
                    "trials": 1
                }
            },
            {
                "query": {
                    "x": 0.757672345721608
                },
                "metrics": {
                    "outcome": -6.020644125735531
                },
                "metadata": {
                    "trials": 1
                }
            }
        ],
        [
            {
                "query": {
                    "x": 0.7572748285543112
                },
                "metrics": {
                    "outcome": -6.020739692787141
                },
                "metadata": {
                    "trials": 1
                }
            },
            {
                "query": {
                    "x": 0.7568771836844344
                },
                "metrics": {
                    "outcome": -6.0206664054091155
                },
                "metadata": {
                    "trials": 1
                }
            },
            {
                "query": {
                    "x": 0.757671565377883
                },
                "metrics": {
                    "outcome": -6.020644479070704
                },
                "metadata": {
                    "trials": 1
                }
            }
        ],
        [
            {
                "query": {
                    "x": 0.7572746991838228
                },
                "metrics": {
                    "outcome": -6.020739696380759
                },
                "metadata": {
                    "trials": 1
                }
            },
            {
                "query": {
                    "x": 0.7568776500007464
                },
                "metrics": {
                    "outcome": -6.020666590053848
                },
                "metadata": {
                    "trials": 1
                }
            },
            {
                "query": {
                    "x": 0.7576708122077429
                },
                "metrics": {
                    "outcome": -6.020644819482838
                },
                "metadata": {
                    "trials": 1
                }
            }
        ],
        [
            {
                "query": {
                    "x": 0.7572744737110217
                },
                "metrics": {
                    "outcome": -6.02073970260115
                },
                "metadata": {
                    "trials": 1
                }
            },
            {
                "query": {
                    "x": 0.75687793294641
                },
                "metrics": {
                    "outcome": -6.020666701977453
                },
                "metadata": {
                    "trials": 1
                }
            },
            {
                "query": {
                    "x": 0.7576700586135023
                },
                "metrics": {
                    "outcome": -6.020645159478117
                },
                "metadata": {
                    "trials": 1
                }
            }
        ],
        [
            {
                "query": {
                    "x": 0.7572741774071099
                },
                "metrics": {
                    "outcome": -6.020739710693066
                },
                "metadata": {
                    "trials": 1
                }
            },
            {
                "query": {
                    "x": 0.7568780790527574
                },
                "metrics": {
                    "outcome": -6.020666759738747
                },
                "metadata": {
                    "trials": 1
                }
            },
            {
                "query": {
                    "x": 0.7576693079852465
                },
                "metrics": {
                    "outcome": -6.020645497530134
                },
                "metadata": {
                    "trials": 1
                }
            }
        ],
        [
            {
                "query": {
                    "x": 0.7572738217318497
                },
                "metrics": {
                    "outcome": -6.020739720282526
                },
                "metadata": {
                    "trials": 1
                }
            },
            {
                "query": {
                    "x": 0.7568780928901124
                },
                "metrics": {
                    "outcome": -6.020666765207992
                },
                "metadata": {
                    "trials": 1
                }
            },
            {
                "query": {
                    "x": 0.7576685593802802
                },
                "metrics": {
                    "outcome": -6.020645834069467
                },
                "metadata": {
                    "trials": 1
                }
            }
        ],
        [
            {
                "query": {
                    "x": 0.7572732502412075
                },
                "metrics": {
                    "outcome": -6.020739735407633
                },
                "metadata": {
                    "trials": 1
                }
            },
            {
                "query": {
                    "x": 0.7568778699800566
                },
                "metrics": {
                    "outcome": -6.020666677077495
                },
                "metadata": {
                    "trials": 1
                }
            },
            {
                "query": {
                    "x": 0.7576676449552905
                },
                "metrics": {
                    "outcome": -6.020646244339097
                },
                "metadata": {
                    "trials": 1
                }
            }
        ],
        [
            {
                "query": {
                    "x": 0.7572727425898882
                },
                "metrics": {
                    "outcome": -6.02073974855056
                },
                "metadata": {
                    "trials": 1
                }
            },
            {
                "query": {
                    "x": 0.7568778314875568
                },
                "metrics": {
                    "outcome": -6.020666661853611
                },
                "metadata": {
                    "trials": 1
                }
            },
            {
                "query": {
                    "x": 0.7576666478397461
                },
                "metrics": {
                    "outcome": -6.02064669068755
                },
                "metadata": {
                    "trials": 1
                }
            }
        ],
        [
            {
                "query": {
                    "x": 0.7572725595534725
                },
                "metrics": {
                    "outcome": -6.020739753221791
                },
                "metadata": {
                    "trials": 1
                }
            },
            {
                "query": {
                    "x": 0.7568781951600377
                },
                "metrics": {
                    "outcome": -6.020666805624084
                },
                "metadata": {
                    "trials": 1
                }
            },
            {
                "query": {
                    "x": 0.7576658833792554
                },
                "metrics": {
                    "outcome": -6.020647032168697
                },
                "metadata": {
                    "trials": 1
                }
            }
        ],
        [
            {
                "query": {
                    "x": 0.7572722979040402
                },
                "metrics": {
                    "outcome": -6.020739759837141
                },
                "metadata": {
                    "trials": 1
                }
            },
            {
                "query": {
                    "x": 0.7568784289165122
                },
                "metrics": {
                    "outcome": -6.020666897960584
                },
                "metadata": {
                    "trials": 1
                }
            },
            {
                "query": {
                    "x": 0.7576650971421943
                },
                "metrics": {
                    "outcome": -6.020647382723961
                },
                "metadata": {
                    "trials": 1
                }
            }
        ],
        [
            {
                "query": {
                    "x": 0.7572726271173386
                },
                "metrics": {
                    "outcome": -6.020739751501676
                },
                "metadata": {
                    "trials": 1
                }
            },
            {
                "query": {
                    "x": 0.7568791893826049
                },
                "metrics": {
                    "outcome": -6.0206671979509885
                },
                "metadata": {
                    "trials": 1
                }
            },
            {
                "query": {
                    "x": 0.7576649462867605
                },
                "metrics": {
                    "outcome": -6.0206474499093
                },
                "metadata": {
                    "trials": 1
                }
            }
        ],
        [
            {
                "query": {
                    "x": 0.7572834000539217
                },
                "metrics": {
                    "outcome": -6.0207394148547
                },
                "metadata": {
                    "trials": 1
                }
            },
            {
                "query": {
                    "x": 0.7568925502958814
                },
                "metrics": {
                    "outcome": -6.02067236815722
                },
                "metadata": {
                    "trials": 1
                }
            },
            {
                "query": {
                    "x": 0.7576725422632753
                },
                "metrics": {
                    "outcome": -6.020644036639692
                },
                "metadata": {
                    "trials": 1
                }
            }
        ],
        [
            {
                "query": {
                    "x": 0.7573184552549532
                },
                "metrics": {
                    "outcome": -6.020737461204786
                },
                "metadata": {
                    "trials": 1
                }
            },
            {
                "query": {
                    "x": 0.756927987389329
                },
                "metrics": {
                    "outcome": -6.020685160402734
                },
                "metadata": {
                    "trials": 1
                }
            },
            {
                "query": {
                    "x": 0.7577052836225133
                },
                "metrics": {
                    "outcome": -6.020628616379099
                },
                "metadata": {
                    "trials": 1
                }
            }
        ],
        [
            {
                "query": {
                    "x": 0.7572664410467655
                },
                "metrics": {
                    "outcome": -6.020739888777873
                },
                "metadata": {
                    "trials": 1
                }
            },
            {
                "query": {
                    "x": 0.7569281797010405
                },
                "metrics": {
                    "outcome": -6.020685226175759
                },
                "metadata": {
                    "trials": 1
                }
            },
            {
                "query": {
                    "x": 0.7576043272854168
                },
                "metrics": {
                    "outcome": -6.020672473526491
                },
                "metadata": {
                    "trials": 1
                }
            }
        ],
        [
            {
                "query": {
                    "x": 7.500003584967126e-17
                },
                "metrics": {
                    "outcome": 3.0272099812317093
                },
                "metadata": {
                    "trials": 1
                }
            },
            {
                "query": {
                    "x": 0.9999999999999999
                },
                "metrics": {
                    "outcome": 15.829731945974105
                },
                "metadata": {
                    "trials": 1
                }
            },
            {
                "query": {
                    "x": 7.500000398331583e-17
                },
                "metrics": {
                    "outcome": 3.0272099812317093
                },
                "metadata": {
                    "trials": 1
                }
            }
        ],
        [
            {
                "query": {
                    "x": 0.7572664246593044
                },
                "metrics": {
                    "outcome": -6.020739889087243
                },
                "metadata": {
                    "trials": 1
                }
            },
            {
                "query": {
                    "x": 0.756926747007856
                },
                "metrics": {
                    "outcome": -6.020684735230297
                },
                "metadata": {
                    "trials": 1
                }
            },
            {
                "query": {
                    "x": 0.7576057302761048
                },
                "metrics": {
                    "outcome": -6.020671938876825
                },
                "metadata": {
                    "trials": 1
                }
            }
        ],
        [
            {
                "query": {
                    "x": 0.7572662997540058
                },
                "metrics": {
                    "outcome": -6.0207398914358405
                },
                "metadata": {
                    "trials": 1
                }
            },
            {
                "query": {
                    "x": 0.7569270834271917
                },
                "metrics": {
                    "outcome": -6.020684850708567
                },
                "metadata": {
                    "trials": 1
                }
            },
            {
                "query": {
                    "x": 0.7576051474428858
                },
                "metrics": {
                    "outcome": -6.020672161238104
                },
                "metadata": {
                    "trials": 1
                }
            }
        ],
        [
            {
                "query": {
                    "x": 0.7572661243667484
                },
                "metrics": {
                    "outcome": -6.020739894705521
                },
                "metadata": {
                    "trials": 1
                }
            },
            {
                "query": {
                    "x": 0.756927361782473
                },
                "metrics": {
                    "outcome": -6.020684946164818
                },
                "metadata": {
                    "trials": 1
                }
            },
            {
                "query": {
                    "x": 0.7576045277047397
                },
                "metrics": {
                    "outcome": -6.020672397280081
                },
                "metadata": {
                    "trials": 1
                }
            }
        ],
        [
            {
                "query": {
                    "x": 0.7572659383586946
                },
                "metrics": {
                    "outcome": -6.0207398981373
                },
                "metadata": {
                    "trials": 1
                }
            },
            {
                "query": {
                    "x": 0.756927621765047
                },
                "metrics": {
                    "outcome": -6.020685035245992
                },
                "metadata": {
                    "trials": 1
                }
            },
            {
                "query": {
                    "x": 0.7576039074055134
                },
                "metrics": {
                    "outcome": -6.020672633123759
                },
                "metadata": {
                    "trials": 1
                }
            }
        ],
        [
            {
                "query": {
                    "x": 0.7572657267679302
                },
                "metrics": {
                    "outcome": -6.020739901996138
                },
                "metadata": {
                    "trials": 1
                }
            },
            {
                "query": {
                    "x": 0.7569278384712906
                },
                "metrics": {
                    "outcome": -6.020685109443829
                },
                "metadata": {
                    "trials": 1
                }
            },
            {
                "query": {
                    "x": 0.7576032731090951
                },
                "metrics": {
                    "outcome": -6.020672873863065
                },
                "metadata": {
                    "trials": 1
                }
            }
        ],
        [
            {
                "query": {
                    "x": 0.75726549532077
                },
                "metrics": {
                    "outcome": -6.020739906162339
                },
                "metadata": {
                    "trials": 1
                }
            },
            {
                "query": {
                    "x": 0.7569280358307221
                },
                "metrics": {
                    "outcome": -6.020685176974011
                },
                "metadata": {
                    "trials": 1
                }
            },
            {
                "query": {
                    "x": 0.7576026278850395
                },
                "metrics": {
                    "outcome": -6.0206731183076245
                },
                "metadata": {
                    "trials": 1
                }
            }
        ],
        [
            {
                "query": {
                    "x": 0.7572652416049763
                },
                "metrics": {
                    "outcome": -6.020739910663646
                },
                "metadata": {
                    "trials": 1
                }
            },
            {
                "query": {
                    "x": 0.7569281980879213
                },
                "metrics": {
                    "outcome": -6.020685232462241
                },
                "metadata": {
                    "trials": 1
                }
            },
            {
                "query": {
                    "x": 0.7576019680802852
                },
                "metrics": {
                    "outcome": -6.020673367814916
                },
                "metadata": {
                    "trials": 1
                }
            }
        ]
    ],
    "best_results": [
        {
            "query": {
                "x": 0.757251286942926
            },
            "metrics": [
                {
                    "name": "outcome",
                    "value": -6.02074005235138
                }
            ]
        }
    ]
}