{
    "date": "04/11/2022 16:31:04",
    "basic_params": {
        "active_variables": [
            "x"
        ],
        "default_query": {},
        "metric": "basic",
        "n_trials": 1
    },
    "objective_function": {
        "name": "Forrester",
        "params": {}
    },
    "optimizer": {
        "name": "BBO-LP(LCBa)-FoD",
        "params": {
            "lower_bound": [
                0.0
            ],
            "upper_bound": [
                1.0
            ],
            "invert_metric": false,
            "bopt_params": {
                "n_init_samples": 15,
                "n_iterations": 45,
                "n_iter_relearn": 5,
                "verbose_level": 0,
                "n_parallel_samples": 3,
                "fixed_dataset_size": 50,
                "par_type": "PAR_BBO",
                "crit_name": "cLP(cLCBa)",
                "n_crit_params": 3,
                "crit_params": [
                    3,
                    1,
                    5.0
                ]
            }
        }
    },
    "iterations": [
        [
            {
                "query": {
                    "x": 0.15892371699834865
                },
                "metrics": {
                    "outcome": -0.9491708103494141
                },
                "metadata": {
                    "trials": 1
                }
            }
        ],
        [
            {
                "query": {
                    "x": 0.22841384089551867
                },
                "metrics": {
                    "outcome": -0.3771881419850308
                },
                "metadata": {
                    "trials": 1
                }
            }
        ],
        [
            {
                "query": {
                    "x": 0.7657899037003517
                },
                "metrics": {
                    "outcome": -5.980868810184816
                },
                "metadata": {
                    "trials": 1
                }
            }
        ],
        [
            {
                "query": {
                    "x": 0.11809479314833879
                },
                "metrics": {
                    "outcome": -0.8841144573288628
                },
                "metadata": {
                    "trials": 1
                }
            }
        ],
        [
            {
                "query": {
                    "x": 0.8874398596895238
                },
                "metrics": {
                    "outcome": 3.9567241032889946
                },
                "metadata": {
                    "trials": 1
                }
            }
        ],
        [
            {
                "query": {
                    "x": 0.8116818462188046
                },
                "metrics": {
                    "outcome": -4.256354606602005
                },
                "metadata": {
                    "trials": 1
                }
            }
        ],
        [
            {
                "query": {
                    "x": 0.5599392762873322
                },
                "metrics": {
                    "outcome": 0.7577059486102744
                },
                "metadata": {
                    "trials": 1
                }
            }
        ],
        [
            {
                "query": {
                    "x": 0.3095151995463918
                },
                "metrics": {
                    "outcome": -0.005758080201594752
                },
                "metadata": {
                    "trials": 1
                }
            }
        ],
        [
            {
                "query": {
                    "x": 0.434498122955362
                },
                "metrics": {
                    "outcome": 0.34522858968898357
                },
                "metadata": {
                    "trials": 1
                }
            }
        ],
        [
            {
                "query": {
                    "x": 0.6018007558615257
                },
                "metrics": {
                    "outcome": -0.20739641735992986
                },
                "metadata": {
                    "trials": 1
                }
            }
        ],
        [
            {
                "query": {
                    "x": 0.5134752159938216
                },
                "metrics": {
                    "outcome": 0.9701483061049043
                },
                "metadata": {
                    "trials": 1
                }
            }
        ],
        [
            {
                "query": {
                    "x": 0.9777023740112781
                },
                "metrics": {
                    "outcome": 14.83732174050998
                },
                "metadata": {
                    "trials": 1
                }
            }
        ],
        [
            {
                "query": {
                    "x": 0.051727858216812216
                },
                "metrics": {
                    "outcome": 0.6721529759137789
                },
                "metadata": {
                    "trials": 1
                }
            }
        ],
        [
            {
                "query": {
                    "x": 0.37961753917237123
                },
                "metrics": {
                    "outcome": 0.04066487204447861
                },
                "metadata": {
                    "trials": 1
                }
            }
        ],
        [
            {
                "query": {
                    "x": 0.7076473903687049
                },
                "metrics": {
                    "outcome": -4.921739560505824
                },
                "metadata": {
                    "trials": 1
                }
            }
        ],
        [
            {
                "query": {
                    "x": 0.7582997087273838
                },
                "metrics": {
                    "outcome": -6.020148490670579
                },
                "metadata": {
                    "trials": 1
                }
            },
            {
                "query": {
                    "x": 0.7526543605106525
                },
                "metrics": {
                    "outcome": -6.009618224464844
                },
                "metadata": {
                    "trials": 1
                }
            },
            {
                "query": {
                    "x": 0.7638998476507408
                },
                "metrics": {
                    "outcome": -5.996681706459474
                },
                "metadata": {
                    "trials": 1
                }
            }
        ],
        [
            {
                "query": {
                    "x": 0.7567081877243221
                },
                "metrics": {
                    "outcome": -6.020584252061298
                },
                "metadata": {
                    "trials": 1
                }
            },
            {
                "query": {
                    "x": 0.7577311699320014
                },
                "metrics": {
                    "outcome": -6.020615611085586
                },
                "metadata": {
                    "trials": 1
                }
            },
            {
                "query": {
                    "x": 0.7557064442367853
                },
                "metrics": {
                    "outcome": -6.019475419457659
                },
                "metadata": {
                    "trials": 1
                }
            }
        ],
        [
            {
                "query": {
                    "x": 0.7573439109728585
                },
                "metrics": {
                    "outcome": -6.020735219520644
                },
                "metadata": {
                    "trials": 1
                }
            },
            {
                "query": {
                    "x": 0.7580492194453758
                },
                "metrics": {
                    "outcome": -6.020397120750771
                },
                "metadata": {
                    "trials": 1
                }
            },
            {
                "query": {
                    "x": 0.7566410748273996
                },
                "metrics": {
                    "outcome": -6.020543201719115
                },
                "metadata": {
                    "trials": 1
                }
            }
        ],
        [
            {
                "query": {
                    "x": 0.7571451720760173
                },
                "metrics": {
                    "outcome": -6.020734327589369
                },
                "metadata": {
                    "trials": 1
                }
            },
            {
                "query": {
                    "x": 0.7577893959192739
                },
                "metrics": {
                    "outcome": -6.020583732044735
                },
                "metadata": {
                    "trials": 1
                }
            },
            {
                "query": {
                    "x": 0.7565243398016972
                },
                "metrics": {
                    "outcome": -6.020460400383274
                },
                "metadata": {
                    "trials": 1
                }
            }
        ],
        [
            {
                "query": {
                    "x": 0.7577612556992475
                },
                "metrics": {
                    "outcome": -6.02059959303497
                },
                "metadata": {
                    "trials": 1
                }
            },
            {
                "query": {
                    "x": 0.7570881613605203
                },
                "metrics": {
                    "outcome": -6.020726289451367
                },
                "metadata": {
                    "trials": 1
                }
            },
            {
                "query": {
                    "x": 0.7565112621117219
                },
                "metrics": {
                    "outcome": -6.020450223067928
                },
                "metadata": {
                    "trials": 1
                }
            }
        ],
        [
            {
                "query": {
                    "x": 0.7579000196891619
                },
                "metrics": {
                    "outcome": -6.020513143009693
                },
                "metadata": {
                    "trials": 1
                }
            },
            {
                "query": {
                    "x": 0.7572685253716229
                },
                "metrics": {
                    "outcome": -6.020739847090445
                },
                "metadata": {
                    "trials": 1
                }
            },
            {
                "query": {
                    "x": 0.7567158333487263
                },
                "metrics": {
                    "outcome": -6.020588624836457
                },
                "metadata": {
                    "trials": 1
                }
            }
        ],
        [
            {
                "query": {
                    "x": 0.7579922005420694
                },
                "metrics": {
                    "outcome": -6.020444284586487
                },
                "metadata": {
                    "trials": 1
                }
            },
            {
                "query": {
                    "x": 0.7573714127060771
                },
                "metrics": {
                    "outcome": -6.020732019288344
                },
                "metadata": {
                    "trials": 1
                }
            },
            {
                "query": {
                    "x": 0.7568102202875103
                },
                "metrics": {
                    "outcome": -6.020637487216964
                },
                "metadata": {
                    "trials": 1
                }
            }
        ],
        [
            {
                "query": {
                    "x": 0.758027757758062
                },
                "metrics": {
                    "outcome": -6.020415283218633
                },
                "metadata": {
                    "trials": 1
                }
            },
            {
                "query": {
                    "x": 0.756722429862669
                },
                "metrics": {
                    "outcome": -6.020592347652843
                },
                "metadata": {
                    "trials": 1
                }
            },
            {
                "query": {
                    "x": 0.758584671313645
                },
                "metrics": {
                    "outcome": -6.019783429159374
                },
                "metadata": {
                    "trials": 1
                }
            }
        ],
        [
            {
                "query": {
                    "x": 0.7567275681750342
                },
                "metrics": {
                    "outcome": -6.020595215463512
                },
                "metadata": {
                    "trials": 1
                }
            },
            {
                "query": {
                    "x": 0.7572648216188964
                },
                "metrics": {
                    "outcome": -6.02073991796373
                },
                "metadata": {
                    "trials": 1
                }
            },
            {
                "query": {
                    "x": 0.757764144303785
                },
                "metrics": {
                    "outcome": -6.020598004022798
                },
                "metadata": {
                    "trials": 1
                }
            }
        ],
        [
            {
                "query": {
                    "x": 0.756679806400504
                },
                "metrics": {
                    "outcome": -6.0205674764328805
                },
                "metadata": {
                    "trials": 1
                }
            },
            {
                "query": {
                    "x": 0.7572098580980264
                },
                "metrics": {
                    "outcome": -6.0207392478069925
                },
                "metadata": {
                    "trials": 1
                }
            },
            {
                "query": {
                    "x": 0.7577118243222287
                },
                "metrics": {
                    "outcome": -6.020625398167123
                },
                "metadata": {
                    "trials": 1
                }
            }
        ],
        [
            {
                "query": {
                    "x": 0.7566486938955197
                },
                "metrics": {
                    "outcome": -6.020548102852068
                },
                "metadata": {
                    "trials": 1
                }
            },
            {
                "query": {
                    "x": 0.7571718024132552
                },
                "metrics": {
                    "outcome": -6.020736894014891
                },
                "metadata": {
                    "trials": 1
                }
            },
            {
                "query": {
                    "x": 0.7578051415344712
                },
                "metrics": {
                    "outcome": -6.0205744864787825
                },
                "metadata": {
                    "trials": 1
                }
            }
        ],
        [
            {
                "query": {
                    "x": 0.7566318812562483
                },
                "metrics": {
                    "outcome": -6.020537205643618
                },
                "metadata": {
                    "trials": 1
                }
            },
            {
                "query": {
                    "x": 0.7571473468344813
                },
                "metrics": {
                    "outcome": -6.020734565553898
                },
                "metadata": {
                    "trials": 1
                }
            },
            {
                "query": {
                    "x": 0.757905194239854
                },
                "metrics": {
                    "outcome": -6.0205095194741265
                },
                "metadata": {
                    "trials": 1
                }
            }
        ],
        [
            {
                "query": {
                    "x": 0.7566264455212915
                },
                "metrics": {
                    "outcome": -6.020533618200477
                },
                "metadata": {
                    "trials": 1
                }
            },
            {
                "query": {
                    "x": 0.7579329734720763
                },
                "metrics": {
                    "outcome": -6.020489575160143
                },
                "metadata": {
                    "trials": 1
                }
            },
            {
                "query": {
                    "x": 0.7571337566995451
                },
                "metrics": {
                    "outcome": -6.020732995738051
                },
                "metadata": {
                    "trials": 1
                }
            }
        ],
        [
            {
                "query": {
                    "x": 0.7375277955091011
                },
                "metrics": {
                    "outcome": -5.82556452506879
                },
                "metadata": {
                    "trials": 1
                }
            },
            {
                "query": {
                    "x": 0.7437949918561688
                },
                "metrics": {
                    "outcome": -5.927974813589709
                },
                "metadata": {
                    "trials": 1
                }
            },
            {
                "query": {
                    "x": 0.758308370283015
                },
                "metrics": {
                    "outcome": -6.020138684886459
                },
                "metadata": {
                    "trials": 1
                }
            }
        ],
        [
            {
                "query": {
                    "x": 0.7583013119328382
                },
                "metrics": {
                    "outcome": -6.0201466817716245
                },
                "metadata": {
                    "trials": 1
                }
            },
            {
                "query": {
                    "x": 0.7567447820241638
                },
                "metrics": {
                    "outcome": -6.020604618354809
                },
                "metadata": {
                    "trials": 1
                }
            },
            {
                "query": {
                    "x": 0.7576769284241641
                },
                "metrics": {
                    "outcome": -6.020642037542193
                },
                "metadata": {
                    "trials": 1
                }
            }
        ],
        [
            {
                "query": {
                    "x": 0.7856322615466923
                },
                "metrics": {
                    "outcome": -5.560059823450186
                },
                "metadata": {
                    "trials": 1
                }
            },
            {
                "query": {
                    "x": 0.7566998180422766
                },
                "metrics": {
                    "outcome": -6.020579393927387
                },
                "metadata": {
                    "trials": 1
                }
            },
            {
                "query": {
                    "x": 0.7583997882203294
                },
                "metrics": {
                    "outcome": -6.020030259602962
                },
                "metadata": {
                    "trials": 1
                }
            }
        ],
        [
            {
                "query": {
                    "x": 0.7571750586987945
                },
                "metrics": {
                    "outcome": -6.020737155899182
                },
                "metadata": {
                    "trials": 1
                }
            },
            {
                "query": {
                    "x": 0.7584290413769581
                },
                "metrics": {
                    "outcome": -6.019993661115254
                },
                "metadata": {
                    "trials": 1
                }
            },
            {
                "query": {
                    "x": 0.7559349191993244
                },
                "metrics": {
                    "outcome": -6.019821741384965
                },
                "metadata": {
                    "trials": 1
                }
            }
        ],
        [
            {
                "query": {
                    "x": 0.7572542385307142
                },
                "metrics": {
                    "outcome": -6.020740039726445
                },
                "metadata": {
                    "trials": 1
                }
            },
            {
                "query": {
                    "x": 0.7584855832673315
                },
                "metrics": {
                    "outcome": -6.019920305271841
                },
                "metadata": {
                    "trials": 1
                }
            },
            {
                "query": {
                    "x": 0.756024943998269
                },
                "metrics": {
                    "outcome": -6.019943069269581
                },
                "metadata": {
                    "trials": 1
                }
            }
        ],
        [
            {
                "query": {
                    "x": 0.7567231593453955
                },
                "metrics": {
                    "outcome": -6.020592756503698
                },
                "metadata": {
                    "trials": 1
                }
            },
            {
                "query": {
                    "x": 0.7582124743475508
                },
                "metrics": {
                    "outcome": -6.020242743103594
                },
                "metadata": {
                    "trials": 1
                }
            },
            {
                "query": {
                    "x": 0.7553562046871172
                },
                "metrics": {
                    "outcome": -6.018837773090897
                },
                "metadata": {
                    "trials": 1
                }
            }
        ],
        [
            {
                "query": {
                    "x": 0.7568058319699994
                },
                "metrics": {
                    "outcome": -6.0206354255136105
                },
                "metadata": {
                    "trials": 1
                }
            },
            {
                "query": {
                    "x": 0.758238740179997
                },
                "metrics": {
                    "outcome": -6.020215226581991
                },
                "metadata": {
                    "trials": 1
                }
            },
            {
                "query": {
                    "x": 0.7554744807584307
                },
                "metrics": {
                    "outcome": -6.019067536975738
                },
                "metadata": {
                    "trials": 1
                }
            }
        ],
        [
            {
                "query": {
                    "x": 0.7569368593376212
                },
                "metrics": {
                    "outcome": -6.020688153711552
                },
                "metadata": {
                    "trials": 1
                }
            },
            {
                "query": {
                    "x": 0.7583028025789489
                },
                "metrics": {
                    "outcome": -6.020144997388823
                },
                "metadata": {
                    "trials": 1
                }
            },
            {
                "query": {
                    "x": 0.7556484674975437
                },
                "metrics": {
                    "outcome": -6.019378783850404
                },
                "metadata": {
                    "trials": 1
                }
            }
        ],
        [
            {
                "query": {
                    "x": 0.7570380318931866
                },
                "metrics": {
                    "outcome": -6.020716357338235
                },
                "metadata": {
                    "trials": 1
                }
            },
            {
                "query": {
                    "x": 0.7583660910441247
                },
                "metrics": {
                    "outcome": -6.020071274198651
                },
                "metadata": {
                    "trials": 1
                }
            },
            {
                "query": {
                    "x": 0.7557701963180707
                },
                "metrics": {
                    "outcome": -6.019577592505215
                },
                "metadata": {
                    "trials": 1
                }
            }
        ],
        [
            {
                "query": {
                    "x": 0.7570803593326604
                },
                "metrics": {
                    "outcome": -6.020724919719389
                },
                "metadata": {
                    "trials": 1
                }
            },
            {
                "query": {
                    "x": 0.7583963364802732
                },
                "metrics": {
                    "outcome": -6.02003451718372
                },
                "metadata": {
                    "trials": 1
                }
            },
            {
                "query": {
                    "x": 0.7558166535172587
                },
                "metrics": {
                    "outcome": -6.019649348683683
                },
                "metadata": {
                    "trials": 1
                }
            }
        ],
        [
            {
                "query": {
                    "x": 0.7571263427369765
                },
                "metrics": {
                    "outcome": -6.020732056263992
                },
                "metadata": {
                    "trials": 1
                }
            },
            {
                "query": {
                    "x": 0.7584320267259712
                },
                "metrics": {
                    "outcome": -6.019989874254915
                },
                "metadata": {
                    "trials": 1
                }
            },
            {
                "query": {
                    "x": 0.7558653777041009
                },
                "metrics": {
                    "outcome": -6.019722160495581
                },
                "metadata": {
                    "trials": 1
                }
            }
        ],
        [
            {
                "query": {
                    "x": 0.7571655594520984
                },
                "metrics": {
                    "outcome": -6.020736360282322
                },
                "metadata": {
                    "trials": 1
                }
            },
            {
                "query": {
                    "x": 0.7584647968708278
                },
                "metrics": {
                    "outcome": -6.0199476739081925
                },
                "metadata": {
                    "trials": 1
                }
            },
            {
                "query": {
                    "x": 0.75590483101207
                },
                "metrics": {
                    "outcome": -6.019779282725048
                },
                "metadata": {
                    "trials": 1
                }
            }
        ],
        [
            {
                "query": {
                    "x": 0.7571687703885654
                },
                "metrics": {
                    "outcome": -6.020736639991814
                },
                "metadata": {
                    "trials": 1
                }
            },
            {
                "query": {
                    "x": 0.7584706218478354
                },
                "metrics": {
                    "outcome": -6.01994005140943
                },
                "metadata": {
                    "trials": 1
                }
            },
            {
                "query": {
                    "x": 0.7559079856759923
                },
                "metrics": {
                    "outcome": -6.019783779249094
                },
                "metadata": {
                    "trials": 1
                }
            }
        ],
        [
            {
                "query": {
                    "x": 0.7571803737338496
                },
                "metrics": {
                    "outcome": -6.020737559044478
                },
                "metadata": {
                    "trials": 1
                }
            },
            {
                "query": {
                    "x": 0.7584809198371446
                },
                "metrics": {
                    "outcome": -6.019926485996535
                },
                "metadata": {
                    "trials": 1
                }
            },
            {
                "query": {
                    "x": 0.7559171368823885
                },
                "metrics": {
                    "outcome": -6.019796763549525
                },
                "metadata": {
                    "trials": 1
                }
            }
        ],
        [
            {
                "query": {
                    "x": 0.7571849710945702
                },
                "metrics": {
                    "outcome": -6.0207378834334495
                },
                "metadata": {
                    "trials": 1
                }
            },
            {
                "query": {
                    "x": 0.7584859037250388
                },
                "metrics": {
                    "outcome": -6.019919879688164
                },
                "metadata": {
                    "trials": 1
                }
            },
            {
                "query": {
                    "x": 0.7559186588214152
                },
                "metrics": {
                    "outcome": -6.0197989143968735
                },
                "metadata": {
                    "trials": 1
                }
            }
        ],
        [
            {
                "query": {
                    "x": 0.7571888770905557
                },
                "metrics": {
                    "outcome": -6.020738141313103
                },
                "metadata": {
                    "trials": 1
                }
            },
            {
                "query": {
                    "x": 0.7584908550924722
                },
                "metrics": {
                    "outcome": -6.019913289942366
                },
                "metadata": {
                    "trials": 1
                }
            },
            {
                "query": {
                    "x": 0.7559193343135302
                },
                "metrics": {
                    "outcome": -6.019799868237926
                },
                "metadata": {
                    "trials": 1
                }
            }
        ],
        [
            {
                "query": {
                    "x": 0.7571929205428422
                },
                "metrics": {
                    "outcome": -6.020738391112
                },
                "metadata": {
                    "trials": 1
                }
            },
            {
                "query": {
                    "x": 0.7584964032227874
                },
                "metrics": {
                    "outcome": -6.019905874534185
                },
                "metadata": {
                    "trials": 1
                }
            },
            {
                "query": {
                    "x": 0.7559200987964652
                },
                "metrics": {
                    "outcome": -6.019800947159
                },
                "metadata": {
                    "trials": 1
                }
            }
        ],
        [
            {
                "query": {
                    "x": 0.6683999487035959
                },
                "metrics": {
                    "outcome": -3.11305687295397
                },
                "metadata": {
                    "trials": 1
                }
            },
            {
                "query": {
                    "x": 0.7679788623682845
                },
                "metrics": {
                    "outcome": -5.9574606258492935
                },
                "metadata": {
                    "trials": 1
                }
            },
            {
                "query": {
                    "x": 0.7608032483283912
                },
                "metrics": {
                    "outcome": -6.013925875261768
                },
                "metadata": {
                    "trials": 1
                }
            }
        ],
        [
            {
                "query": {
                    "x": 0.7573276497118016
                },
                "metrics": {
                    "outcome": -6.020736731417758
                },
                "metadata": {
                    "trials": 1
                }
            },
            {
                "query": {
                    "x": 0.7560762012414192
                },
                "metrics": {
                    "outcome": -6.020008323653945
                },
                "metadata": {
                    "trials": 1
                }
            },
            {
                "query": {
                    "x": 0.7585575358916335
                },
                "metrics": {
                    "outcome": -6.019821966940813
                },
                "metadata": {
                    "trials": 1
                }
            }
        ],
        [
            {
                "query": {
                    "x": 0.8443128450180563
                },
                "metrics": {
                    "outcome": -1.4179589012242637
                },
                "metadata": {
                    "trials": 1
                }
            },
            {
                "query": {
                    "x": 0.740259158763473
                },
                "metrics": {
                    "outcome": -5.874530034966123
                },
                "metadata": {
                    "trials": 1
                }
            },
            {
                "query": {
                    "x": 0.7263528666048922
                },
                "metrics": {
                    "outcome": -5.560675613394475
                },
                "metadata": {
                    "trials": 1
                }
            }
        ],
        [
            {
                "query": {
                    "x": 0.7572869612299232
                },
                "metrics": {
                    "outcome": -6.020739276303919
                },
                "metadata": {
                    "trials": 1
                }
            },
            {
                "query": {
                    "x": 0.7580755954568195
                },
                "metrics": {
                    "outcome": -6.020374121038874
                },
                "metadata": {
                    "trials": 1
                }
            },
            {
                "query": {
                    "x": 0.7564996095457815
                },
                "metrics": {
                    "outcome": -6.020441001902732
                },
                "metadata": {
                    "trials": 1
                }
            }
        ],
        [
            {
                "query": {
                    "x": 0.7572899726013197
                },
                "metrics": {
                    "outcome": -6.020739148571139
                },
                "metadata": {
                    "trials": 1
                }
            },
            {
                "query": {
                    "x": 0.7565050347659832
                },
                "metrics": {
                    "outcome": -6.020445313033362
                },
                "metadata": {
                    "trials": 1
                }
            },
            {
                "query": {
                    "x": 0.7580756570224376
                },
                "metrics": {
                    "outcome": -6.020374066478844
                },
                "metadata": {
                    "trials": 1
                }
            }
        ],
        [
            {
                "query": {
                    "x": 0.7572819064804002
                },
                "metrics": {
                    "outcome": -6.020739468930776
                },
                "metadata": {
                    "trials": 1
                }
            },
            {
                "query": {
                    "x": 0.7580641176968321
                },
                "metrics": {
                    "outcome": -6.020384221516916
                },
                "metadata": {
                    "trials": 1
                }
            },
            {
                "query": {
                    "x": 0.7565004545518835
                },
                "metrics": {
                    "outcome": -6.020441675437107
                },
                "metadata": {
                    "trials": 1
                }
            }
        ],
        [
            {
                "query": {
                    "x": 0.757287544228859
                },
                "metrics": {
                    "outcome": -6.020739252331226
                },
                "metadata": {
                    "trials": 1
                }
            },
            {
                "query": {
                    "x": 0.7565068168771849
                },
                "metrics": {
                    "outcome": -6.020446722366302
                },
                "metadata": {
                    "trials": 1
                }
            },
            {
                "query": {
                    "x": 0.7580655273934818
                },
                "metrics": {
                    "outcome": -6.020382988609645
                },
                "metadata": {
                    "trials": 1
                }
            }
        ],
        [
            {
                "query": {
                    "x": 0.7572931021807255
                },
                "metrics": {
                    "outcome": -6.020739005557926
                },
                "metadata": {
                    "trials": 1
                }
            },
            {
                "query": {
                    "x": 0.756511955927284
                },
                "metrics": {
                    "outcome": -6.020450767568153
                },
                "metadata": {
                    "trials": 1
                }
            },
            {
                "query": {
                    "x": 0.7580673992163168
                },
                "metrics": {
                    "outcome": -6.020381348228377
                },
                "metadata": {
                    "trials": 1
                }
            }
        ],
        [
            {
                "query": {
                    "x": 0.7572967833371533
                },
                "metrics": {
                    "outcome": -6.020738823945839
                },
                "metadata": {
                    "trials": 1
                }
            },
            {
                "query": {
                    "x": 0.7565146521769128
                },
                "metrics": {
                    "outcome": -6.020452878710507
                },
                "metadata": {
                    "trials": 1
                }
            },
            {
                "query": {
                    "x": 0.7580679665645477
                },
                "metrics": {
                    "outcome": -6.0203808502858065
                },
                "metadata": {
                    "trials": 1
                }
            }
        ],
        [
            {
                "query": {
                    "x": 0.7572984130428888
                },
                "metrics": {
                    "outcome": -6.020738738919566
                },
                "metadata": {
                    "trials": 1
                }
            },
            {
                "query": {
                    "x": 0.7565146135060862
                },
                "metrics": {
                    "outcome": -6.020452848486086
                },
                "metadata": {
                    "trials": 1
                }
            },
            {
                "query": {
                    "x": 0.7580669965547433
                },
                "metrics": {
                    "outcome": -6.020381701420951
                },
                "metadata": {
                    "trials": 1
                }
            }
        ],
        [
            {
                "query": {
                    "x": 0.7573003774790039
                },
                "metrics": {
                    "outcome": -6.020738632657562
                },
                "metadata": {
                    "trials": 1
                }
            },
            {
                "query": {
                    "x": 0.7565134832378756
                },
                "metrics": {
                    "outcome": -6.020451964387739
                },
                "metadata": {
                    "trials": 1
                }
            },
            {
                "query": {
                    "x": 0.7580667221473638
                },
                "metrics": {
                    "outcome": -6.0203819420161
                },
                "metadata": {
                    "trials": 1
                }
            }
        ],
        [
            {
                "query": {
                    "x": 0.7573027147403284
                },
                "metrics": {
                    "outcome": -6.020738500857015
                },
                "metadata": {
                    "trials": 1
                }
            },
            {
                "query": {
                    "x": 0.756510780458739
                },
                "metrics": {
                    "outcome": -6.020449844770571
                },
                "metadata": {
                    "trials": 1
                }
            },
            {
                "query": {
                    "x": 0.7580672580200766
                },
                "metrics": {
                    "outcome": -6.0203814720978
                },
                "metadata": {
                    "trials": 1
                }
            }
        ],
        [
            {
                "query": {
                    "x": 0.7573040116128322
                },
                "metrics": {
                    "outcome": -6.020738425207135
                },
                "metadata": {
                    "trials": 1
                }
            },
            {
                "query": {
                    "x": 0.7565037435848502
                },
                "metrics": {
                    "outcome": -6.020444289833301
                },
                "metadata": {
                    "trials": 1
                }
            },
            {
                "query": {
                    "x": 0.755529274470623
                },
                "metrics": {
                    "outcome": -6.019168994380595
                },
                "metadata": {
                    "trials": 1
                }
            }
        ],
        [
            {
                "query": {
                    "x": 0.7573499874964019
                },
                "metrics": {
                    "outcome": -6.02073458201306
                },
                "metadata": {
                    "trials": 1
                }
            },
            {
                "query": {
                    "x": 0.7565590920219186
                },
                "metrics": {
                    "outcome": -6.020486563096979
                },
                "metadata": {
                    "trials": 1
                }
            },
            {
                "query": {
                    "x": 0.7581160399061665
                },
                "metrics": {
                    "outcome": -6.020337400395017
                },
                "metadata": {
                    "trials": 1
                }
            }
        ],
        [
            {
                "query": {
                    "x": 0.7573565359368486
                },
                "metrics": {
                    "outcome": -6.020733850808772
                },
                "metadata": {
                    "trials": 1
                }
            },
            {
                "query": {
                    "x": 0.7565576328017429
                },
                "metrics": {
                    "outcome": -6.020485490330283
                },
                "metadata": {
                    "trials": 1
                }
            },
            {
                "query": {
                    "x": 0.7581215651634138
                },
                "metrics": {
                    "outcome": -6.020332247240476
                },
                "metadata": {
                    "trials": 1
                }
            }
        ]
    ],
    "best_results": [
        {
            "query": {
                "x": 0.7572542385307142
            },
            "metrics": [
                {
                    "name": "outcome",
                    "value": -6.020740039726445
                }
            ]
        }
    ]
}