{
    "date": "05/11/2022 12:05:23",
    "basic_params": {
        "active_variables": [
            "x1",
            "x2"
        ],
        "default_query": {},
        "metric": "basic",
        "n_trials": 1
    },
    "objective_function": {
        "name": "Branin",
        "params": {}
    },
    "optimizer": {
        "name": "BBO-LP(LCBa)",
        "params": {
            "lower_bound": [
                -5.0,
                0.0
            ],
            "upper_bound": [
                10.0,
                15.0
            ],
            "invert_metric": false,
            "bopt_params": {
                "n_init_samples": 12,
                "n_iterations": 23,
                "n_iter_relearn": 5,
                "verbose_level": 0,
                "n_parallel_samples": 6,
                "par_type": "PAR_BBO",
                "crit_name": "cLP(cLCBa)",
                "n_crit_params": 3,
                "crit_params": [
                    6,
                    1,
                    5.0
                ]
            }
        }
    },
    "iterations": [
        [
            {
                "query": {
                    "x1": -3.4477049647830427,
                    "x2": 6.720085408305749
                },
                "metrics": {
                    "outcome": 40.56805529466049
                },
                "metadata": {
                    "trials": 1
                }
            }
        ],
        [
            {
                "query": {
                    "x1": 8.356580284016673,
                    "x2": 6.047812009055633
                },
                "metrics": {
                    "outcome": 24.092822902440833
                },
                "metadata": {
                    "trials": 1
                }
            }
        ],
        [
            {
                "query": {
                    "x1": 3.704759105166886,
                    "x2": 9.435847863787785
                },
                "metrics": {
                    "outcome": 59.02024184101622
                },
                "metadata": {
                    "trials": 1
                }
            }
        ],
        [
            {
                "query": {
                    "x1": -0.9043988602934405,
                    "x2": 0.29437873017741367
                },
                "metrics": {
                    "outcome": 68.50800837085391
                },
                "metadata": {
                    "trials": 1
                }
            }
        ],
        [
            {
                "query": {
                    "x1": 0.09492129582213238,
                    "x2": 13.944232123612892
                },
                "metrics": {
                    "outcome": 85.07399128146824
                },
                "metadata": {
                    "trials": 1
                }
            }
        ],
        [
            {
                "query": {
                    "x1": -4.081196073675528,
                    "x2": 4.121660820383113
                },
                "metrics": {
                    "outcome": 115.11949610367111
                },
                "metadata": {
                    "trials": 1
                }
            }
        ],
        [
            {
                "query": {
                    "x1": 6.899666325189173,
                    "x2": 12.788727772713173
                },
                "metrics": {
                    "outcome": 152.85912655173985
                },
                "metadata": {
                    "trials": 1
                }
            }
        ],
        [
            {
                "query": {
                    "x1": 1.2621849734568968,
                    "x2": 2.3158993359538727
                },
                "metrics": {
                    "outcome": 16.454953647596497
                },
                "metadata": {
                    "trials": 1
                }
            }
        ],
        [
            {
                "query": {
                    "x1": 8.837127665465232,
                    "x2": 12.325743976980448
                },
                "metrics": {
                    "outcome": 108.13633939111597
                },
                "metadata": {
                    "trials": 1
                }
            }
        ],
        [
            {
                "query": {
                    "x1": 5.4065793511108495,
                    "x2": 3.378010984743014
                },
                "metrics": {
                    "outcome": 21.01235759061651
                },
                "metadata": {
                    "trials": 1
                }
            }
        ],
        [
            {
                "query": {
                    "x1": -2.2674844539142214,
                    "x2": 8.393681729503442
                },
                "metrics": {
                    "outcome": 7.37039523538752
                },
                "metadata": {
                    "trials": 1
                }
            }
        ],
        [
            {
                "query": {
                    "x1": 4.053714968322311,
                    "x2": 11.032994133711327
                },
                "metrics": {
                    "outcome": 91.76696711323274
                },
                "metadata": {
                    "trials": 1
                }
            }
        ],
        [
            {
                "query": {
                    "x1": -5.0,
                    "x2": 9.345795285179637
                },
                "metrics": {
                    "outcome": 74.21389160200707
                },
                "metadata": {
                    "trials": 1
                }
            },
            {
                "query": {
                    "x1": -4.999999999999999,
                    "x2": 9.345777091967731
                },
                "metrics": {
                    "outcome": 74.21417692883082
                },
                "metadata": {
                    "trials": 1
                }
            },
            {
                "query": {
                    "x1": -5.0,
                    "x2": 9.345832292842628
                },
                "metrics": {
                    "outcome": 74.2133112074167
                },
                "metadata": {
                    "trials": 1
                }
            },
            {
                "query": {
                    "x1": -5.0,
                    "x2": 9.345741293066201
                },
                "metrics": {
                    "outcome": 74.2147383702128
                },
                "metadata": {
                    "trials": 1
                }
            },
            {
                "query": {
                    "x1": -5.0,
                    "x2": 9.345866886279284
                },
                "metrics": {
                    "outcome": 74.21276867783745
                },
                "metadata": {
                    "trials": 1
                }
            },
            {
                "query": {
                    "x1": -5.0,
                    "x2": 9.345884773637135
                },
                "metrics": {
                    "outcome": 74.21248815097476
                },
                "metadata": {
                    "trials": 1
                }
            }
        ],
        [
            {
                "query": {
                    "x1": -0.9328756965632827,
                    "x2": 8.041548452605559
                },
                "metrics": {
                    "outcome": 15.915808118634391
                },
                "metadata": {
                    "trials": 1
                }
            },
            {
                "query": {
                    "x1": -0.9328756965632827,
                    "x2": 8.041548452605559
                },
                "metrics": {
                    "outcome": 15.915808118634391
                },
                "metadata": {
                    "trials": 1
                }
            },
            {
                "query": {
                    "x1": -0.9328756965632827,
                    "x2": 8.041548452605559
                },
                "metrics": {
                    "outcome": 15.915808118634391
                },
                "metadata": {
                    "trials": 1
                }
            },
            {
                "query": {
                    "x1": -0.9328756965632827,
                    "x2": 8.041548452605559
                },
                "metrics": {
                    "outcome": 15.915808118634391
                },
                "metadata": {
                    "trials": 1
                }
            },
            {
                "query": {
                    "x1": -0.9328756965632827,
                    "x2": 8.041548452605559
                },
                "metrics": {
                    "outcome": 15.915808118634391
                },
                "metadata": {
                    "trials": 1
                }
            },
            {
                "query": {
                    "x1": -0.9328756965632827,
                    "x2": 8.041548452605559
                },
                "metrics": {
                    "outcome": 15.915808118634391
                },
                "metadata": {
                    "trials": 1
                }
            }
        ],
        [
            {
                "query": {
                    "x1": 10.0,
                    "x2": 0.0
                },
                "metrics": {
                    "outcome": 10.960889035651505
                },
                "metadata": {
                    "trials": 1
                }
            },
            {
                "query": {
                    "x1": 10.0,
                    "x2": 0.0
                },
                "metrics": {
                    "outcome": 10.960889035651505
                },
                "metadata": {
                    "trials": 1
                }
            },
            {
                "query": {
                    "x1": 10.0,
                    "x2": 0.0
                },
                "metrics": {
                    "outcome": 10.960889035651505
                },
                "metadata": {
                    "trials": 1
                }
            },
            {
                "query": {
                    "x1": 9.999999999999886,
                    "x2": 0.0
                },
                "metrics": {
                    "outcome": 10.960889035650238
                },
                "metadata": {
                    "trials": 1
                }
            },
            {
                "query": {
                    "x1": 9.998176330401533,
                    "x2": 0.0
                },
                "metrics": {
                    "outcome": 10.940515172838285
                },
                "metadata": {
                    "trials": 1
                }
            },
            {
                "query": {
                    "x1": 9.999814979441876,
                    "x2": 0.0
                },
                "metrics": {
                    "outcome": 10.958820248226766
                },
                "metadata": {
                    "trials": 1
                }
            }
        ],
        [
            {
                "query": {
                    "x1": 7.233039279934053,
                    "x2": 0.0
                },
                "metrics": {
                    "outcome": 17.141007278536794
                },
                "metadata": {
                    "trials": 1
                }
            },
            {
                "query": {
                    "x1": 7.150604440959842,
                    "x2": 0.0
                },
                "metrics": {
                    "outcome": 17.710780628220995
                },
                "metadata": {
                    "trials": 1
                }
            },
            {
                "query": {
                    "x1": 7.315494648951814,
                    "x2": 0.0
                },
                "metrics": {
                    "outcome": 16.538562795152707
                },
                "metadata": {
                    "trials": 1
                }
            },
            {
                "query": {
                    "x1": 7.39244784665264,
                    "x2": 0.0
                },
                "metrics": {
                    "outcome": 15.951155195620267
                },
                "metadata": {
                    "trials": 1
                }
            },
            {
                "query": {
                    "x1": 7.070188946075541,
                    "x2": 2.812826679935379e-13
                },
                "metrics": {
                    "outcome": 18.230990479009098
                },
                "metadata": {
                    "trials": 1
                }
            },
            {
                "query": {
                    "x1": 7.465711605651805,
                    "x2": 0.0
                },
                "metrics": {
                    "outcome": 15.373127142242076
                },
                "metadata": {
                    "trials": 1
                }
            }
        ],
        [
            {
                "query": {
                    "x1": -2.128946333810522,
                    "x2": 8.245809675705724
                },
                "metrics": {
                    "outcome": 7.900641116153533
                },
                "metadata": {
                    "trials": 1
                }
            },
            {
                "query": {
                    "x1": -2.1379595288577087,
                    "x2": 8.243618575991846
                },
                "metrics": {
                    "outcome": 7.902220023982428
                },
                "metadata": {
                    "trials": 1
                }
            },
            {
                "query": {
                    "x1": -2.119761970426286,
                    "x2": 8.247857312458997
                },
                "metrics": {
                    "outcome": 7.90111376818061
                },
                "metadata": {
                    "trials": 1
                }
            },
            {
                "query": {
                    "x1": -2.1343369996232635,
                    "x2": 8.250668180987175
                },
                "metrics": {
                    "outcome": 7.879974515595453
                },
                "metadata": {
                    "trials": 1
                }
            },
            {
                "query": {
                    "x1": -2.146102552590575,
                    "x2": 8.241539484153487
                },
                "metrics": {
                    "outcome": 7.905217909305289
                },
                "metadata": {
                    "trials": 1
                }
            },
            {
                "query": {
                    "x1": -2.1252127062047967,
                    "x2": 8.252852139655129
                },
                "metrics": {
                    "outcome": 7.8793450012917585
                },
                "metadata": {
                    "trials": 1
                }
            }
        ],
        [
            {
                "query": {
                    "x1": -5.0,
                    "x2": 14.999999999999943
                },
                "metrics": {
                    "outcome": 17.508299515778415
                },
                "metadata": {
                    "trials": 1
                }
            },
            {
                "query": {
                    "x1": -5.0,
                    "x2": 14.947817260095038
                },
                "metrics": {
                    "outcome": 17.739307417848707
                },
                "metadata": {
                    "trials": 1
                }
            },
            {
                "query": {
                    "x1": -4.948726305440758,
                    "x2": 15.0
                },
                "metrics": {
                    "outcome": 16.40928824084738
                },
                "metadata": {
                    "trials": 1
                }
            },
            {
                "query": {
                    "x1": -5.0,
                    "x2": 14.8927122422331
                },
                "metrics": {
                    "outcome": 17.98916405333918
                },
                "metadata": {
                    "trials": 1
                }
            },
            {
                "query": {
                    "x1": -4.895078898385967,
                    "x2": 15.0
                },
                "metrics": {
                    "outcome": 15.302418132359833
                },
                "metadata": {
                    "trials": 1
                }
            },
            {
                "query": {
                    "x1": -4.945852492389137,
                    "x2": 14.94312510761729
                },
                "metrics": {
                    "outcome": 16.58320314701708
                },
                "metadata": {
                    "trials": 1
                }
            }
        ],
        [
            {
                "query": {
                    "x1": -3.787398760076698,
                    "x2": 14.999999999999988
                },
                "metrics": {
                    "outcome": 3.5839830696327866
                },
                "metadata": {
                    "trials": 1
                }
            },
            {
                "query": {
                    "x1": -3.7896841393732075,
                    "x2": 15.0
                },
                "metrics": {
                    "outcome": 3.5840968651332767
                },
                "metadata": {
                    "trials": 1
                }
            },
            {
                "query": {
                    "x1": -3.7845319604260332,
                    "x2": 15.0
                },
                "metrics": {
                    "outcome": 3.5839902509210297
                },
                "metadata": {
                    "trials": 1
                }
            },
            {
                "query": {
                    "x1": -3.7916466715591426,
                    "x2": 15.0
                },
                "metrics": {
                    "outcome": 3.584279189657443
                },
                "metadata": {
                    "trials": 1
                }
            },
            {
                "query": {
                    "x1": -3.785794172248828,
                    "x2": 14.999999999999998
                },
                "metrics": {
                    "outcome": 3.583966528395268
                },
                "metadata": {
                    "trials": 1
                }
            },
            {
                "query": {
                    "x1": -3.790790947790983,
                    "x2": 14.999999999999998
                },
                "metrics": {
                    "outcome": 3.5841900797304334
                },
                "metadata": {
                    "trials": 1
                }
            }
        ],
        [
            {
                "query": {
                    "x1": 10.0,
                    "x2": 2.784129614202255
                },
                "metrics": {
                    "outcome": 1.9910259148788185
                },
                "metadata": {
                    "trials": 1
                }
            },
            {
                "query": {
                    "x1": 10.0,
                    "x2": 2.616783893860666
                },
                "metrics": {
                    "outcome": 2.0922700258757194
                },
                "metadata": {
                    "trials": 1
                }
            },
            {
                "query": {
                    "x1": 10.0,
                    "x2": 2.951553875055213
                },
                "metrics": {
                    "outcome": 1.945782903553173
                },
                "metadata": {
                    "trials": 1
                }
            },
            {
                "query": {
                    "x1": -3.828318532969077,
                    "x2": 15.0
                },
                "metrics": {
                    "outcome": 3.602046258216717
                },
                "metadata": {
                    "trials": 1
                }
            },
            {
                "query": {
                    "x1": -3.821926468067968,
                    "x2": 15.0
                },
                "metrics": {
                    "outcome": 3.5969896397612775
                },
                "metadata": {
                    "trials": 1
                }
            },
            {
                "query": {
                    "x1": -3.8163202803099265,
                    "x2": 15.0
                },
                "metrics": {
                    "outcome": 3.5932352281980338
                },
                "metadata": {
                    "trials": 1
                }
            }
        ],
        [
            {
                "query": {
                    "x1": 9.462431702674198,
                    "x2": 2.6148282571051364
                },
                "metrics": {
                    "outcome": 0.41633233308399475
                },
                "metadata": {
                    "trials": 1
                }
            },
            {
                "query": {
                    "x1": 9.492838203638437,
                    "x2": 2.6758741317288175
                },
                "metrics": {
                    "outcome": 0.44052875270993397
                },
                "metadata": {
                    "trials": 1
                }
            },
            {
                "query": {
                    "x1": 9.432922834804067,
                    "x2": 2.553423924238927
                },
                "metrics": {
                    "outcome": 0.40332453733026696
                },
                "metadata": {
                    "trials": 1
                }
            },
            {
                "query": {
                    "x1": 9.528092045725492,
                    "x2": 2.6203585824149958
                },
                "metrics": {
                    "outcome": 0.4523171920050615
                },
                "metadata": {
                    "trials": 1
                }
            },
            {
                "query": {
                    "x1": 9.427303727434403,
                    "x2": 2.670561145204399
                },
                "metrics": {
                    "outcome": 0.4353330671251108
                },
                "metadata": {
                    "trials": 1
                }
            },
            {
                "query": {
                    "x1": 9.50235458960649,
                    "x2": 2.5613898811447635
                },
                "metrics": {
                    "outcome": 0.4271732940133006
                },
                "metadata": {
                    "trials": 1
                }
            }
        ],
        [
            {
                "query": {
                    "x1": 9.334183534708895,
                    "x2": 2.1823497041913393
                },
                "metrics": {
                    "outcome": 0.4844802820190335
                },
                "metadata": {
                    "trials": 1
                }
            },
            {
                "query": {
                    "x1": 9.342801026851744,
                    "x2": 2.2072600620988814
                },
                "metrics": {
                    "outcome": 0.4699172515602399
                },
                "metadata": {
                    "trials": 1
                }
            },
            {
                "query": {
                    "x1": 9.325451920889156,
                    "x2": 2.1575880148184785
                },
                "metrics": {
                    "outcome": 0.5003933809337653
                },
                "metadata": {
                    "trials": 1
                }
            },
            {
                "query": {
                    "x1": 9.319413071771185,
                    "x2": 2.202740491754948
                },
                "metrics": {
                    "outcome": 0.4852952550113372
                },
                "metadata": {
                    "trials": 1
                }
            },
            {
                "query": {
                    "x1": 9.350329087736974,
                    "x2": 2.2296567606658666
                },
                "metrics": {
                    "outcome": 0.45806981964483207
                },
                "metadata": {
                    "trials": 1
                }
            },
            {
                "query": {
                    "x1": 9.35228613915905,
                    "x2": 2.165300833721534
                },
                "metrics": {
                    "outcome": 0.4852215890538929
                },
                "metadata": {
                    "trials": 1
                }
            }
        ],
        [
            {
                "query": {
                    "x1": 9.422546151540828,
                    "x2": 2.4497783997646185
                },
                "metrics": {
                    "outcome": 0.39845601162553734
                },
                "metadata": {
                    "trials": 1
                }
            },
            {
                "query": {
                    "x1": 9.422011203085486,
                    "x2": 2.445035887074959
                },
                "metrics": {
                    "outcome": 0.39868759734718395
                },
                "metadata": {
                    "trials": 1
                }
            },
            {
                "query": {
                    "x1": 9.423086049870246,
                    "x2": 2.4545239807411736
                },
                "metrics": {
                    "outcome": 0.3982639740746716
                },
                "metadata": {
                    "trials": 1
                }
            },
            {
                "query": {
                    "x1": 9.42667059601664,
                    "x2": 2.4516746158470637
                },
                "metrics": {
                    "outcome": 0.3985256777117332
                },
                "metadata": {
                    "trials": 1
                }
            },
            {
                "query": {
                    "x1": 9.42360817227254,
                    "x2": 2.4590590268196815
                },
                "metrics": {
                    "outcome": 0.3981175618545265
                },
                "metadata": {
                    "trials": 1
                }
            },
            {
                "query": {
                    "x1": 9.426199693697653,
                    "x2": 2.446930269263656
                },
                "metrics": {
                    "outcome": 0.3987537514345014
                },
                "metadata": {
                    "trials": 1
                }
            }
        ],
        [
            {
                "query": {
                    "x1": 9.417956210917477,
                    "x2": 2.487042424672124
                },
                "metrics": {
                    "outcome": 0.39842728925317594
                },
                "metadata": {
                    "trials": 1
                }
            },
            {
                "query": {
                    "x1": 9.416885364116625,
                    "x2": 2.484160644447074
                },
                "metrics": {
                    "outcome": 0.3984363902389383
                },
                "metadata": {
                    "trials": 1
                }
            },
            {
                "query": {
                    "x1": 9.419059061466148,
                    "x2": 2.4899082910195274
                },
                "metrics": {
                    "outcome": 0.39843357682432057
                },
                "metadata": {
                    "trials": 1
                }
            },
            {
                "query": {
                    "x1": 9.419841105770738,
                    "x2": 2.4847850199786414
                },
                "metrics": {
                    "outcome": 0.3981988682807831
                },
                "metadata": {
                    "trials": 1
                }
            },
            {
                "query": {
                    "x1": 9.415891707806802,
                    "x2": 2.4813293820535036
                },
                "metrics": {
                    "outcome": 0.39845732512450205
                },
                "metadata": {
                    "trials": 1
                }
            },
            {
                "query": {
                    "x1": 9.416138746073482,
                    "x2": 2.4893451768158856
                },
                "metrics": {
                    "outcome": 0.39871323690711513
                },
                "metadata": {
                    "trials": 1
                }
            }
        ],
        [
            {
                "query": {
                    "x1": 9.434229723448615,
                    "x2": 2.4818331028993272
                },
                "metrics": {
                    "outcome": 0.39831758609081547
                },
                "metadata": {
                    "trials": 1
                }
            },
            {
                "query": {
                    "x1": 9.434030004283022,
                    "x2": 2.4792952870905083
                },
                "metrics": {
                    "outcome": 0.39831071756808
                },
                "metadata": {
                    "trials": 1
                }
            },
            {
                "query": {
                    "x1": 9.434406202240144,
                    "x2": 2.484367030617376
                },
                "metrics": {
                    "outcome": 0.39833394812514733
                },
                "metadata": {
                    "trials": 1
                }
            },
            {
                "query": {
                    "x1": 9.434558051573685,
                    "x2": 2.486834927308338
                },
                "metrics": {
                    "outcome": 0.3983593412583648
                },
                "metadata": {
                    "trials": 1
                }
            },
            {
                "query": {
                    "x1": 9.433518830775308,
                    "x2": 2.475864946111164
                },
                "metrics": {
                    "outcome": 0.39829665433615524
                },
                "metadata": {
                    "trials": 1
                }
            },
            {
                "query": {
                    "x1": 9.431860116575109,
                    "x2": 2.4835301793980964
                },
                "metrics": {
                    "outcome": 0.39813466420510224
                },
                "metadata": {
                    "trials": 1
                }
            }
        ],
        [
            {
                "query": {
                    "x1": 9.420802390172954,
                    "x2": 2.4771630802519917
                },
                "metrics": {
                    "outcome": 0.39799364899335465
                },
                "metadata": {
                    "trials": 1
                }
            },
            {
                "query": {
                    "x1": 9.421890950838343,
                    "x2": 2.479216882594903
                },
                "metrics": {
                    "outcome": 0.3979716102709805
                },
                "metadata": {
                    "trials": 1
                }
            },
            {
                "query": {
                    "x1": 9.419933820046046,
                    "x2": 2.475068753903804
                },
                "metrics": {
                    "outcome": 0.39801725557753187
                },
                "metadata": {
                    "trials": 1
                }
            },
            {
                "query": {
                    "x1": 9.423213064891064,
                    "x2": 2.481111205848388
                },
                "metrics": {
                    "outcome": 0.39795433348802334
                },
                "metadata": {
                    "trials": 1
                }
            },
            {
                "query": {
                    "x1": 9.424741726208682,
                    "x2": 2.482856878697593
                },
                "metrics": {
                    "outcome": 0.39794957579266566
                },
                "metadata": {
                    "trials": 1
                }
            },
            {
                "query": {
                    "x1": 9.42618128099003,
                    "x2": 2.48449676326513
                },
                "metrics": {
                    "outcome": 0.3979659147715928
                },
                "metadata": {
                    "trials": 1
                }
            }
        ],
        [
            {
                "query": {
                    "x1": 9.430289495459846,
                    "x2": 2.4655026826855275
                },
                "metrics": {
                    "outcome": 0.3982334311814455
                },
                "metadata": {
                    "trials": 1
                }
            },
            {
                "query": {
                    "x1": 9.43077639220734,
                    "x2": 2.467669280254663
                },
                "metrics": {
                    "outcome": 0.3982137451717698
                },
                "metadata": {
                    "trials": 1
                }
            },
            {
                "query": {
                    "x1": 9.42973771731851,
                    "x2": 2.4633660621502225
                },
                "metrics": {
                    "outcome": 0.3982557564969209
                },
                "metadata": {
                    "trials": 1
                }
            },
            {
                "query": {
                    "x1": 9.43118379348909,
                    "x2": 2.4697893576940837
                },
                "metrics": {
                    "outcome": 0.398197138563539
                },
                "metadata": {
                    "trials": 1
                }
            },
            {
                "query": {
                    "x1": 9.429127065055647,
                    "x2": 2.4612865924570677
                },
                "metrics": {
                    "outcome": 0.3982803859700166
                },
                "metadata": {
                    "trials": 1
                }
            },
            {
                "query": {
                    "x1": 9.431521334691206,
                    "x2": 2.4718821789004553
                },
                "metrics": {
                    "outcome": 0.39818332490742137
                },
                "metadata": {
                    "trials": 1
                }
            }
        ],
        [
            {
                "query": {
                    "x1": 9.415525041127678,
                    "x2": 2.4669245545059817
                },
                "metrics": {
                    "outcome": 0.39829848376713173
                },
                "metadata": {
                    "trials": 1
                }
            },
            {
                "query": {
                    "x1": 9.415883499848526,
                    "x2": 2.469192574303068
                },
                "metrics": {
                    "outcome": 0.39827001297581965
                },
                "metadata": {
                    "trials": 1
                }
            },
            {
                "query": {
                    "x1": 9.415243404930637,
                    "x2": 2.4646580926904855
                },
                "metrics": {
                    "outcome": 0.3983291486330405
                },
                "metadata": {
                    "trials": 1
                }
            },
            {
                "query": {
                    "x1": 9.416309935563252,
                    "x2": 2.4713789218293716
                },
                "metrics": {
                    "outcome": 0.3982439656618251
                },
                "metadata": {
                    "trials": 1
                }
            },
            {
                "query": {
                    "x1": 9.415048012167405,
                    "x2": 2.462422093354787
                },
                "metrics": {
                    "outcome": 0.39836108749161525
                },
                "metadata": {
                    "trials": 1
                }
            },
            {
                "query": {
                    "x1": 9.416809752201381,
                    "x2": 2.473503196387983
                },
                "metrics": {
                    "outcome": 0.39821939673057294
                },
                "metadata": {
                    "trials": 1
                }
            }
        ],
        [
            {
                "query": {
                    "x1": 9.430561447345385,
                    "x2": 2.4942013388335083
                },
                "metrics": {
                    "outcome": 0.39825296659287623
                },
                "metadata": {
                    "trials": 1
                }
            },
            {
                "query": {
                    "x1": 9.430507463464393,
                    "x2": 2.4922504946652153
                },
                "metrics": {
                    "outcome": 0.3981990524805159
                },
                "metadata": {
                    "trials": 1
                }
            },
            {
                "query": {
                    "x1": 9.430672492378385,
                    "x2": 2.496141581374581
                },
                "metrics": {
                    "outcome": 0.3983154773387234
                },
                "metadata": {
                    "trials": 1
                }
            },
            {
                "query": {
                    "x1": 9.430502119278653,
                    "x2": 2.490373207042822
                },
                "metrics": {
                    "outcome": 0.39815577133687974
                },
                "metadata": {
                    "trials": 1
                }
            },
            {
                "query": {
                    "x1": 9.432130291386573,
                    "x2": 2.493177793203872
                },
                "metrics": {
                    "outcome": 0.3982901422158154
                },
                "metadata": {
                    "trials": 1
                }
            },
            {
                "query": {
                    "x1": 9.428908958573384,
                    "x2": 2.495035807141139
                },
                "metrics": {
                    "outcome": 0.39824315833424784
                },
                "metadata": {
                    "trials": 1
                }
            }
        ],
        [
            {
                "query": {
                    "x1": 9.425424354621574,
                    "x2": 2.454651598201869
                },
                "metrics": {
                    "outcome": 0.39832591054324595
                },
                "metadata": {
                    "trials": 1
                }
            },
            {
                "query": {
                    "x1": 9.426228142185044,
                    "x2": 2.456527069903755
                },
                "metrics": {
                    "outcome": 0.39828540503271803
                },
                "metadata": {
                    "trials": 1
                }
            },
            {
                "query": {
                    "x1": 9.424609012924734,
                    "x2": 2.4527977578988027
                },
                "metrics": {
                    "outcome": 0.39837412666312666
                },
                "metadata": {
                    "trials": 1
                }
            },
            {
                "query": {
                    "x1": 9.42695992989358,
                    "x2": 2.4583563155553447
                },
                "metrics": {
                    "outcome": 0.3982519046861164
                },
                "metadata": {
                    "trials": 1
                }
            },
            {
                "query": {
                    "x1": 9.423475657994954,
                    "x2": 2.4544716774130113
                },
                "metrics": {
                    "outcome": 0.3982730260268976
                },
                "metadata": {
                    "trials": 1
                }
            },
            {
                "query": {
                    "x1": 9.423810222883677,
                    "x2": 2.4509634325185328
                },
                "metrics": {
                    "outcome": 0.39843104009422525
                },
                "metadata": {
                    "trials": 1
                }
            }
        ],
        [
            {
                "query": {
                    "x1": 9.429022538092969,
                    "x2": 2.4916170932952113
                },
                "metrics": {
                    "outcome": 0.3981437504559988
                },
                "metadata": {
                    "trials": 1
                }
            },
            {
                "query": {
                    "x1": 9.428845786459407,
                    "x2": 2.4898500623761057
                },
                "metrics": {
                    "outcome": 0.39809714107162364
                },
                "metadata": {
                    "trials": 1
                }
            },
            {
                "query": {
                    "x1": 9.429262509912686,
                    "x2": 2.4933695298149026
                },
                "metrics": {
                    "outcome": 0.3981966090220972
                },
                "metadata": {
                    "trials": 1
                }
            },
            {
                "query": {
                    "x1": 9.427412309841722,
                    "x2": 2.490905231235652
                },
                "metrics": {
                    "outcome": 0.39810787880285936
                },
                "metadata": {
                    "trials": 1
                }
            },
            {
                "query": {
                    "x1": 9.427606398089324,
                    "x2": 2.4926711918479816
                },
                "metrics": {
                    "outcome": 0.3981593766104403
                },
                "metadata": {
                    "trials": 1
                }
            },
            {
                "query": {
                    "x1": 9.43065135879435,
                    "x2": 2.4921757377833313
                },
                "metrics": {
                    "outcome": 0.39820223211380146
                },
                "metadata": {
                    "trials": 1
                }
            }
        ],
        [
            {
                "query": {
                    "x1": 9.416311813807093,
                    "x2": 2.4699266288576456
                },
                "metrics": {
                    "outcome": 0.3982357129063576
                },
                "metadata": {
                    "trials": 1
                }
            },
            {
                "query": {
                    "x1": 9.416624381322311,
                    "x2": 2.4718511659773776
                },
                "metrics": {
                    "outcome": 0.3982203748973454
                },
                "metadata": {
                    "trials": 1
                }
            },
            {
                "query": {
                    "x1": 9.416059878288989,
                    "x2": 2.46799686559834
                },
                "metrics": {
                    "outcome": 0.3982523757586378
                },
                "metadata": {
                    "trials": 1
                }
            },
            {
                "query": {
                    "x1": 9.416990970459167,
                    "x2": 2.473709137186718
                },
                "metrics": {
                    "outcome": 0.39820624969928886
                },
                "metadata": {
                    "trials": 1
                }
            },
            {
                "query": {
                    "x1": 9.41588197313912,
                    "x2": 2.46609556101419
                },
                "metrics": {
                    "outcome": 0.39826929417816714
                },
                "metadata": {
                    "trials": 1
                }
            },
            {
                "query": {
                    "x1": 9.417415518368236,
                    "x2": 2.475516850507918
                },
                "metrics": {
                    "outcome": 0.3981927619052481
                },
                "metadata": {
                    "trials": 1
                }
            }
        ],
        [
            {
                "query": {
                    "x1": 9.431177057589581,
                    "x2": 2.4851755215997957
                },
                "metrics": {
                    "outcome": 0.3981067291803253
                },
                "metadata": {
                    "trials": 1
                }
            },
            {
                "query": {
                    "x1": 9.431307856555414,
                    "x2": 2.483403863842365
                },
                "metrics": {
                    "outcome": 0.3981004253752669
                },
                "metadata": {
                    "trials": 1
                }
            },
            {
                "query": {
                    "x1": 9.431002850424653,
                    "x2": 2.4869151782430254
                },
                "metrics": {
                    "outcome": 0.3981177413564385
                },
                "metadata": {
                    "trials": 1
                }
            },
            {
                "query": {
                    "x1": 9.431393566327031,
                    "x2": 2.4816577203248578
                },
                "metrics": {
                    "outcome": 0.3980986295929938
                },
                "metadata": {
                    "trials": 1
                }
            },
            {
                "query": {
                    "x1": 9.430807267568776,
                    "x2": 2.4886067792366275
                },
                "metrics": {
                    "outcome": 0.39813441405308936
                },
                "metadata": {
                    "trials": 1
                }
            },
            {
                "query": {
                    "x1": 9.431421679761895,
                    "x2": 2.47991877373459
                },
                "metrics": {
                    "outcome": 0.3980997483298516
                },
                "metadata": {
                    "trials": 1
                }
            }
        ],
        [
            {
                "query": {
                    "x1": 9.426227209247486,
                    "x2": 2.457558989118834
                },
                "metrics": {
                    "outcome": 0.39824577720234977
                },
                "metadata": {
                    "trials": 1
                }
            },
            {
                "query": {
                    "x1": 9.427011931988966,
                    "x2": 2.45929968742567
                },
                "metrics": {
                    "outcome": 0.39822056286709184
                },
                "metadata": {
                    "trials": 1
                }
            },
            {
                "query": {
                    "x1": 9.425373428748472,
                    "x2": 2.4558659247238324
                },
                "metrics": {
                    "outcome": 0.3982746487332278
                },
                "metadata": {
                    "trials": 1
                }
            },
            {
                "query": {
                    "x1": 9.424470920827915,
                    "x2": 2.454232590183014
                },
                "metrics": {
                    "outcome": 0.39830840593240957
                },
                "metadata": {
                    "trials": 1
                }
            },
            {
                "query": {
                    "x1": 9.427698744713213,
                    "x2": 2.4610156835873034
                },
                "metrics": {
                    "outcome": 0.39819889032970757
                },
                "metadata": {
                    "trials": 1
                }
            },
            {
                "query": {
                    "x1": 9.424406765793984,
                    "x2": 2.4574513688501303
                },
                "metrics": {
                    "outcome": 0.39818508302093925
                },
                "metadata": {
                    "trials": 1
                }
            }
        ],
        [
            {
                "query": {
                    "x1": 9.427032943371234,
                    "x2": 2.4904286585538054
                },
                "metrics": {
                    "outcome": 0.3980947201564966
                },
                "metadata": {
                    "trials": 1
                }
            },
            {
                "query": {
                    "x1": 9.425724380445956,
                    "x2": 2.4893096238200436
                },
                "metrics": {
                    "outcome": 0.3980742101519219
                },
                "metadata": {
                    "trials": 1
                }
            },
            {
                "query": {
                    "x1": 9.428011426807128,
                    "x2": 2.4917901942807053
                },
                "metrics": {
                    "outcome": 0.39813527564728624
                },
                "metadata": {
                    "trials": 1
                }
            },
            {
                "query": {
                    "x1": 9.42737518071387,
                    "x2": 2.4887947330119733
                },
                "metrics": {
                    "outcome": 0.39805437428828583
                },
                "metadata": {
                    "trials": 1
                }
            },
            {
                "query": {
                    "x1": 9.42866187914324,
                    "x2": 2.490120850319819
                },
                "metrics": {
                    "outcome": 0.3981000310696796
                },
                "metadata": {
                    "trials": 1
                }
            },
            {
                "query": {
                    "x1": 9.425477750533604,
                    "x2": 2.4909778540432472
                },
                "metrics": {
                    "outcome": 0.39812648409155926
                },
                "metadata": {
                    "trials": 1
                }
            }
        ]
    ],
    "best_results": [
        {
            "query": {
                "x1": 9.424741726208682,
                "x2": 2.482856878697593
            },
            "metrics": [
                {
                    "name": "outcome",
                    "value": 0.39794957579266566
                }
            ]
        }
    ]
}