{
    "date": "05/11/2022 12:05:32",
    "basic_params": {
        "active_variables": [
            "x1",
            "x2"
        ],
        "default_query": {},
        "metric": "basic",
        "n_trials": 1
    },
    "objective_function": {
        "name": "Branin",
        "params": {}
    },
    "optimizer": {
        "name": "BBO-LP(LCBa)",
        "params": {
            "lower_bound": [
                -5.0,
                0.0
            ],
            "upper_bound": [
                10.0,
                15.0
            ],
            "invert_metric": false,
            "bopt_params": {
                "n_init_samples": 12,
                "n_iterations": 23,
                "n_iter_relearn": 5,
                "verbose_level": 0,
                "n_parallel_samples": 6,
                "par_type": "PAR_BBO",
                "crit_name": "cLP(cLCBa)",
                "n_crit_params": 3,
                "crit_params": [
                    6,
                    1,
                    5.0
                ]
            }
        }
    },
    "iterations": [
        [
            {
                "query": {
                    "x1": 4.894602530694101,
                    "x2": 6.743472161178943
                },
                "metrics": {
                    "outcome": 41.31815915949598
                },
                "metadata": {
                    "trials": 1
                }
            }
        ],
        [
            {
                "query": {
                    "x1": 1.8226850740029477,
                    "x2": 9.658838506729808
                },
                "metrics": {
                    "outcome": 45.19056780201382
                },
                "metadata": {
                    "trials": 1
                }
            }
        ],
        [
            {
                "query": {
                    "x1": 5.950191894371528,
                    "x2": 8.301044886466116
                },
                "metrics": {
                    "outcome": 70.87606308104885
                },
                "metadata": {
                    "trials": 1
                }
            }
        ],
        [
            {
                "query": {
                    "x1": -1.9129756867187098,
                    "x2": 1.0785719979321584
                },
                "metrics": {
                    "outcome": 77.99095405743847
                },
                "metadata": {
                    "trials": 1
                }
            }
        ],
        [
            {
                "query": {
                    "x1": 7.067400416708551,
                    "x2": 14.466437538794708
                },
                "metrics": {
                    "outcome": 192.67912245363289
                },
                "metadata": {
                    "trials": 1
                }
            }
        ],
        [
            {
                "query": {
                    "x1": 8.39029743539868,
                    "x2": 2.449410645640455
                },
                "metrics": {
                    "outcome": 5.59593916590624
                },
                "metadata": {
                    "trials": 1
                }
            }
        ],
        [
            {
                "query": {
                    "x1": -0.6634812252013944,
                    "x2": 3.2565505561069585
                },
                "metrics": {
                    "outcome": 32.43595364518537
                },
                "metadata": {
                    "trials": 1
                }
            }
        ],
        [
            {
                "query": {
                    "x1": 9.078530611877795,
                    "x2": 10.587651550595183
                },
                "metrics": {
                    "outcome": 71.3469412175269
                },
                "metadata": {
                    "trials": 1
                }
            }
        ],
        [
            {
                "query": {
                    "x1": 3.447213367035147,
                    "x2": 3.8351563084870577
                },
                "metrics": {
                    "outcome": 4.034181708142225
                },
                "metadata": {
                    "trials": 1
                }
            }
        ],
        [
            {
                "query": {
                    "x1": -4.9353104797773995,
                    "x2": 12.275999307457823
                },
                "metrics": {
                    "outcome": 34.45200903943852
                },
                "metadata": {
                    "trials": 1
                }
            }
        ],
        [
            {
                "query": {
                    "x1": -3.703770387219265,
                    "x2": 13.302560719603207
                },
                "metrics": {
                    "outcome": 2.0084132832747503
                },
                "metadata": {
                    "trials": 1
                }
            }
        ],
        [
            {
                "query": {
                    "x1": 0.21318224811693653,
                    "x2": 5.390255253587384
                },
                "metrics": {
                    "outcome": 19.461101580611043
                },
                "metadata": {
                    "trials": 1
                }
            }
        ],
        [
            {
                "query": {
                    "x1": -2.7197995677419615,
                    "x2": 15.0
                },
                "metrics": {
                    "outcome": 15.045779648928095
                },
                "metadata": {
                    "trials": 1
                }
            },
            {
                "query": {
                    "x1": -2.7197995677419615,
                    "x2": 15.0
                },
                "metrics": {
                    "outcome": 15.045779648928095
                },
                "metadata": {
                    "trials": 1
                }
            },
            {
                "query": {
                    "x1": -2.7197995677419615,
                    "x2": 15.0
                },
                "metrics": {
                    "outcome": 15.045779648928095
                },
                "metadata": {
                    "trials": 1
                }
            },
            {
                "query": {
                    "x1": -2.7197995677419615,
                    "x2": 15.0
                },
                "metrics": {
                    "outcome": 15.045779648928095
                },
                "metadata": {
                    "trials": 1
                }
            },
            {
                "query": {
                    "x1": -2.7197995677419615,
                    "x2": 15.0
                },
                "metrics": {
                    "outcome": 15.045779648928095
                },
                "metadata": {
                    "trials": 1
                }
            },
            {
                "query": {
                    "x1": -2.7197995677419615,
                    "x2": 15.0
                },
                "metrics": {
                    "outcome": 15.045779648928095
                },
                "metadata": {
                    "trials": 1
                }
            }
        ],
        [
            {
                "query": {
                    "x1": 3.3635738292525215,
                    "x2": 0.0
                },
                "metrics": {
                    "outcome": 5.078217373650898
                },
                "metadata": {
                    "trials": 1
                }
            },
            {
                "query": {
                    "x1": 3.363574274723341,
                    "x2": 0.0
                },
                "metrics": {
                    "outcome": 5.078216958284682
                },
                "metadata": {
                    "trials": 1
                }
            },
            {
                "query": {
                    "x1": 3.3635735765896815,
                    "x2": 0.0
                },
                "metrics": {
                    "outcome": 5.078217609239976
                },
                "metadata": {
                    "trials": 1
                }
            },
            {
                "query": {
                    "x1": 3.363572469169581,
                    "x2": 0.0
                },
                "metrics": {
                    "outcome": 5.078218641834514
                },
                "metadata": {
                    "trials": 1
                }
            },
            {
                "query": {
                    "x1": 3.3635744749838743,
                    "x2": 0.0
                },
                "metrics": {
                    "outcome": 5.078216771558356
                },
                "metadata": {
                    "trials": 1
                }
            },
            {
                "query": {
                    "x1": 3.3635718529922993,
                    "x2": 0.0
                },
                "metrics": {
                    "outcome": 5.078219216384367
                },
                "metadata": {
                    "trials": 1
                }
            }
        ],
        [
            {
                "query": {
                    "x1": 9.999999999999984,
                    "x2": 0.0
                },
                "metrics": {
                    "outcome": 10.960889035651325
                },
                "metadata": {
                    "trials": 1
                }
            },
            {
                "query": {
                    "x1": 9.967895440235795,
                    "x2": 0.0
                },
                "metrics": {
                    "outcome": 10.607867334158735
                },
                "metadata": {
                    "trials": 1
                }
            },
            {
                "query": {
                    "x1": 9.937515670256195,
                    "x2": 0.0
                },
                "metrics": {
                    "outcome": 10.284905824366772
                },
                "metadata": {
                    "trials": 1
                }
            },
            {
                "query": {
                    "x1": 9.908555548678272,
                    "x2": 0.0
                },
                "metrics": {
                    "outcome": 9.987167114404768
                },
                "metadata": {
                    "trials": 1
                }
            },
            {
                "query": {
                    "x1": 9.880821414341973,
                    "x2": 0.0
                },
                "metrics": {
                    "outcome": 9.711372557206557
                },
                "metadata": {
                    "trials": 1
                }
            },
            {
                "query": {
                    "x1": 9.854176875139595,
                    "x2": 0.0
                },
                "metrics": {
                    "outcome": 9.455077041684413
                },
                "metadata": {
                    "trials": 1
                }
            }
        ],
        [
            {
                "query": {
                    "x1": 7.746752561142113,
                    "x2": 0.0
                },
                "metrics": {
                    "outcome": 13.053447276798307
                },
                "metadata": {
                    "trials": 1
                }
            },
            {
                "query": {
                    "x1": 7.7050345129724604,
                    "x2": 0.0
                },
                "metrics": {
                    "outcome": 13.402957041943651
                },
                "metadata": {
                    "trials": 1
                }
            },
            {
                "query": {
                    "x1": 7.788334948042099,
                    "x2": 0.0
                },
                "metrics": {
                    "outcome": 12.70514978927065
                },
                "metadata": {
                    "trials": 1
                }
            },
            {
                "query": {
                    "x1": 7.8262921604891815,
                    "x2": 0.0
                },
                "metrics": {
                    "outcome": 12.387905838564679
                },
                "metadata": {
                    "trials": 1
                }
            },
            {
                "query": {
                    "x1": 7.6645535761689345,
                    "x2": 0.0
                },
                "metrics": {
                    "outcome": 13.741478446675
                },
                "metadata": {
                    "trials": 1
                }
            },
            {
                "query": {
                    "x1": 7.861797799452404,
                    "x2": 0.0
                },
                "metrics": {
                    "outcome": 12.092259602629131
                },
                "metadata": {
                    "trials": 1
                }
            }
        ],
        [
            {
                "query": {
                    "x1": -3.3108858689978904,
                    "x2": 12.421476133269547
                },
                "metrics": {
                    "outcome": 0.6048956829691168
                },
                "metadata": {
                    "trials": 1
                }
            },
            {
                "query": {
                    "x1": -3.307941065460011,
                    "x2": 12.400656201987474
                },
                "metrics": {
                    "outcome": 0.6075488939443527
                },
                "metadata": {
                    "trials": 1
                }
            },
            {
                "query": {
                    "x1": -3.3138172119819314,
                    "x2": 12.442284542726426
                },
                "metrics": {
                    "outcome": 0.6026635347303451
                },
                "metadata": {
                    "trials": 1
                }
            },
            {
                "query": {
                    "x1": -3.316431206574121,
                    "x2": 12.46091977048096
                },
                "metrics": {
                    "outcome": 0.6010181894639874
                },
                "metadata": {
                    "trials": 1
                }
            },
            {
                "query": {
                    "x1": -3.3051221627446337,
                    "x2": 12.380813794733967
                },
                "metrics": {
                    "outcome": 0.6104633163879907
                },
                "metadata": {
                    "trials": 1
                }
            },
            {
                "query": {
                    "x1": -3.2997348104664406,
                    "x2": 12.43384694849275
                },
                "metrics": {
                    "outcome": 0.5680787807907706
                },
                "metadata": {
                    "trials": 1
                }
            }
        ],
        [
            {
                "query": {
                    "x1": 2.9687483734471227,
                    "x2": 2.348741628887913
                },
                "metrics": {
                    "outcome": 0.5451764449654153
                },
                "metadata": {
                    "trials": 1
                }
            },
            {
                "query": {
                    "x1": 2.9590918332705645,
                    "x2": 2.2965990258740523
                },
                "metrics": {
                    "outcome": 0.5729827954614208
                },
                "metadata": {
                    "trials": 1
                }
            },
            {
                "query": {
                    "x1": 2.9774910602103617,
                    "x2": 2.4009385334695295
                },
                "metrics": {
                    "outcome": 0.5269171541340878
                },
                "metadata": {
                    "trials": 1
                }
            },
            {
                "query": {
                    "x1": 2.930305756566515,
                    "x2": 2.381381730787922
                },
                "metrics": {
                    "outcome": 0.6155371151659352
                },
                "metadata": {
                    "trials": 1
                }
            },
            {
                "query": {
                    "x1": 2.948385009570834,
                    "x2": 2.245601009718582
                },
                "metrics": {
                    "outcome": 0.6107366724966159
                },
                "metadata": {
                    "trials": 1
                }
            },
            {
                "query": {
                    "x1": 2.984727970144289,
                    "x2": 2.451104662864562
                },
                "metrics": {
                    "outcome": 0.5183423450281204
                },
                "metadata": {
                    "trials": 1
                }
            }
        ],
        [
            {
                "query": {
                    "x1": -3.016435748463615,
                    "x2": 11.843923500274416
                },
                "metrics": {
                    "outcome": 0.49050225506834977
                },
                "metadata": {
                    "trials": 1
                }
            },
            {
                "query": {
                    "x1": -3.0208607850889515,
                    "x2": 11.86309368835879
                },
                "metrics": {
                    "outcome": 0.4830707490080002
                },
                "metadata": {
                    "trials": 1
                }
            },
            {
                "query": {
                    "x1": -3.012050040535899,
                    "x2": 11.824763932073166
                },
                "metrics": {
                    "outcome": 0.49824679585253584
                },
                "metadata": {
                    "trials": 1
                }
            },
            {
                "query": {
                    "x1": -3.02506227170048,
                    "x2": 11.881136072976602
                },
                "metrics": {
                    "outcome": 0.4763646441809364
                },
                "metadata": {
                    "trials": 1
                }
            },
            {
                "query": {
                    "x1": -3.007739731907747,
                    "x2": 11.805767767832293
                },
                "metrics": {
                    "outcome": 0.5062374899154474
                },
                "metadata": {
                    "trials": 1
                }
            },
            {
                "query": {
                    "x1": -3.0291075875671956,
                    "x2": 11.898360566146359
                },
                "metrics": {
                    "outcome": 0.47022278432874565
                },
                "metadata": {
                    "trials": 1
                }
            }
        ],
        [
            {
                "query": {
                    "x1": 3.2000669914097095,
                    "x2": 2.4119573591507177
                },
                "metrics": {
                    "outcome": 0.4474654300531853
                },
                "metadata": {
                    "trials": 1
                }
            },
            {
                "query": {
                    "x1": 3.2005767191599332,
                    "x2": 2.398850920593274
                },
                "metrics": {
                    "outcome": 0.44328257712517605
                },
                "metadata": {
                    "trials": 1
                }
            },
            {
                "query": {
                    "x1": 3.199540004261719,
                    "x2": 2.425059154912335
                },
                "metrics": {
                    "outcome": 0.45195762165018216
                },
                "metadata": {
                    "trials": 1
                }
            },
            {
                "query": {
                    "x1": 3.1890915940577482,
                    "x2": 2.4177865377455516
                },
                "metrics": {
                    "outcome": 0.44095095864477685
                },
                "metadata": {
                    "trials": 1
                }
            },
            {
                "query": {
                    "x1": 3.2105254384638293,
                    "x2": 2.418654425177562
                },
                "metrics": {
                    "outcome": 0.4594212706429506
                },
                "metadata": {
                    "trials": 1
                }
            },
            {
                "query": {
                    "x1": 3.1895218615141623,
                    "x2": 2.405027649080643
                },
                "metrics": {
                    "outcome": 0.4368396673698669
                },
                "metadata": {
                    "trials": 1
                }
            }
        ],
        [
            {
                "query": {
                    "x1": -3.127349214604567,
                    "x2": 12.055805393749363
                },
                "metrics": {
                    "outcome": 0.4330828127691806
                },
                "metadata": {
                    "trials": 1
                }
            },
            {
                "query": {
                    "x1": -3.126487266445707,
                    "x2": 12.049977139411576
                },
                "metrics": {
                    "outcome": 0.4346095475870708
                },
                "metadata": {
                    "trials": 1
                }
            },
            {
                "query": {
                    "x1": -3.1282008638740004,
                    "x2": 12.061653295298257
                },
                "metrics": {
                    "outcome": 0.43157680289870726
                },
                "metadata": {
                    "trials": 1
                }
            },
            {
                "query": {
                    "x1": -3.129006779888198,
                    "x2": 12.067277376999185
                },
                "metrics": {
                    "outcome": 0.4301527618733676
                },
                "metadata": {
                    "trials": 1
                }
            },
            {
                "query": {
                    "x1": -3.1256323778634973,
                    "x2": 12.04427557630568
                },
                "metrics": {
                    "outcome": 0.4361284375721297
                },
                "metadata": {
                    "trials": 1
                }
            },
            {
                "query": {
                    "x1": -3.12977811286577,
                    "x2": 12.072755054298138
                },
                "metrics": {
                    "outcome": 0.42878820669550066
                },
                "metadata": {
                    "trials": 1
                }
            }
        ],
        [
            {
                "query": {
                    "x1": -3.140964496579211,
                    "x2": 12.264786518392008
                },
                "metrics": {
                    "outcome": 0.39796501037286447
                },
                "metadata": {
                    "trials": 1
                }
            },
            {
                "query": {
                    "x1": -3.1397028782955747,
                    "x2": 12.260162914839556
                },
                "metrics": {
                    "outcome": 0.3980105103668965
                },
                "metadata": {
                    "trials": 1
                }
            },
            {
                "query": {
                    "x1": -3.1422221810580115,
                    "x2": 12.26941051129585
                },
                "metrics": {
                    "outcome": 0.39793970514027244
                },
                "metadata": {
                    "trials": 1
                }
            },
            {
                "query": {
                    "x1": -3.1384850916419644,
                    "x2": 12.25571581462947
                },
                "metrics": {
                    "outcome": 0.3980733678251198
                },
                "metadata": {
                    "trials": 1
                }
            },
            {
                "query": {
                    "x1": -3.1434460273412608,
                    "x2": 12.27392527587825
                },
                "metrics": {
                    "outcome": 0.39793442214313934
                },
                "metadata": {
                    "trials": 1
                }
            },
            {
                "query": {
                    "x1": -3.144651500145252,
                    "x2": 12.278386407047792
                },
                "metrics": {
                    "outcome": 0.39794800768465954
                },
                "metadata": {
                    "trials": 1
                }
            }
        ],
        [
            {
                "query": {
                    "x1": 3.1325448677029293,
                    "x2": 2.289596655396233
                },
                "metrics": {
                    "outcome": 0.39833708329957673
                },
                "metadata": {
                    "trials": 1
                }
            },
            {
                "query": {
                    "x1": 3.131621993030496,
                    "x2": 2.293969008462635
                },
                "metrics": {
                    "outcome": 0.39848964888882143
                },
                "metadata": {
                    "trials": 1
                }
            },
            {
                "query": {
                    "x1": 3.133467952516579,
                    "x2": 2.2852288145875406
                },
                "metrics": {
                    "outcome": 0.3982193641288294
                },
                "metadata": {
                    "trials": 1
                }
            },
            {
                "query": {
                    "x1": 3.1307418374884612,
                    "x2": 2.2981516127107158
                },
                "metrics": {
                    "outcome": 0.39866796445311614
                },
                "metadata": {
                    "trials": 1
                }
            },
            {
                "query": {
                    "x1": 3.134378195809143,
                    "x2": 2.2809191769182435
                },
                "metrics": {
                    "outcome": 0.3981373258565011
                },
                "metadata": {
                    "trials": 1
                }
            },
            {
                "query": {
                    "x1": 3.135521692813718,
                    "x2": 2.2925310811323665
                },
                "metrics": {
                    "outcome": 0.39822793841860005
                },
                "metadata": {
                    "trials": 1
                }
            }
        ],
        [
            {
                "query": {
                    "x1": 3.1180263072960823,
                    "x2": 2.352048834302683
                },
                "metrics": {
                    "outcome": 0.40398741235288327
                },
                "metadata": {
                    "trials": 1
                }
            },
            {
                "query": {
                    "x1": 3.1181745021141385,
                    "x2": 2.3495579756224028
                },
                "metrics": {
                    "outcome": 0.40368135216446
                },
                "metadata": {
                    "trials": 1
                }
            },
            {
                "query": {
                    "x1": 3.117875596297486,
                    "x2": 2.3545391160333353
                },
                "metrics": {
                    "outcome": 0.40430521952150045
                },
                "metadata": {
                    "trials": 1
                }
            },
            {
                "query": {
                    "x1": 3.118315568548576,
                    "x2": 2.3471693766995347
                },
                "metrics": {
                    "outcome": 0.4033987898539184
                },
                "metadata": {
                    "trials": 1
                }
            },
            {
                "query": {
                    "x1": 3.117724575351108,
                    "x2": 2.356990094876229
                },
                "metrics": {
                    "outcome": 0.40462955777681664
                },
                "metadata": {
                    "trials": 1
                }
            },
            {
                "query": {
                    "x1": 3.118446408498258,
                    "x2": 2.3448519458662638
                },
                "metrics": {
                    "outcome": 0.40313559422867407
                },
                "metadata": {
                    "trials": 1
                }
            }
        ],
        [
            {
                "query": {
                    "x1": -3.1204722489984524,
                    "x2": 12.20502389966044
                },
                "metrics": {
                    "outcome": 0.4004004694566241
                },
                "metadata": {
                    "trials": 1
                }
            },
            {
                "query": {
                    "x1": -3.121058003547601,
                    "x2": 12.20715971887865
                },
                "metrics": {
                    "outcome": 0.4002556765110228
                },
                "metadata": {
                    "trials": 1
                }
            },
            {
                "query": {
                    "x1": -3.1198864098463632,
                    "x2": 12.202889234800992
                },
                "metrics": {
                    "outcome": 0.4005495925951976
                },
                "metadata": {
                    "trials": 1
                }
            },
            {
                "query": {
                    "x1": -3.121620661244144,
                    "x2": 12.209217780403828
                },
                "metrics": {
                    "outcome": 0.40012047406734474
                },
                "metadata": {
                    "trials": 1
                }
            },
            {
                "query": {
                    "x1": -3.1193102146126552,
                    "x2": 12.200791324769723
                },
                "metrics": {
                    "outcome": 0.4007004510185084
                },
                "metadata": {
                    "trials": 1
                }
            },
            {
                "query": {
                    "x1": -3.121899221393665,
                    "x2": 12.203530165857554
                },
                "metrics": {
                    "outcome": 0.4003345453085849
                },
                "metadata": {
                    "trials": 1
                }
            }
        ],
        [
            {
                "query": {
                    "x1": 3.155650698909726,
                    "x2": 2.2489665362964666
                },
                "metrics": {
                    "outcome": 0.3990640484240675
                },
                "metadata": {
                    "trials": 1
                }
            },
            {
                "query": {
                    "x1": 3.156082713431859,
                    "x2": 2.2466768585276853
                },
                "metrics": {
                    "outcome": 0.3991860831788596
                },
                "metadata": {
                    "trials": 1
                }
            },
            {
                "query": {
                    "x1": 3.1552167902329504,
                    "x2": 2.2512565325228135
                },
                "metrics": {
                    "outcome": 0.39895122839131325
                },
                "metadata": {
                    "trials": 1
                }
            },
            {
                "query": {
                    "x1": 3.1548003586883855,
                    "x2": 2.253448881389889
                },
                "metrics": {
                    "outcome": 0.39885195037707
                },
                "metadata": {
                    "trials": 1
                }
            },
            {
                "query": {
                    "x1": 3.156509444658729,
                    "x2": 2.244409714429045
                },
                "metrics": {
                    "outcome": 0.3993160935772728
                },
                "metadata": {
                    "trials": 1
                }
            },
            {
                "query": {
                    "x1": 3.1577350792311556,
                    "x2": 2.2482448766230902
                },
                "metrics": {
                    "outcome": 0.39934001881352543
                },
                "metadata": {
                    "trials": 1
                }
            }
        ],
        [
            {
                "query": {
                    "x1": -3.1522762097462387,
                    "x2": 12.25733940772424
                },
                "metrics": {
                    "outcome": 0.4003146016334789
                },
                "metadata": {
                    "trials": 1
                }
            },
            {
                "query": {
                    "x1": -3.15271207209124,
                    "x2": 12.259130315515524
                },
                "metrics": {
                    "outcome": 0.4002964271611482
                },
                "metadata": {
                    "trials": 1
                }
            },
            {
                "query": {
                    "x1": -3.15185280393644,
                    "x2": 12.254537215391126
                },
                "metrics": {
                    "outcome": 0.40042984029450324
                },
                "metadata": {
                    "trials": 1
                }
            },
            {
                "query": {
                    "x1": -3.153131851916318,
                    "x2": 12.260882440776728
                },
                "metrics": {
                    "outcome": 0.40027940648448457
                },
                "metadata": {
                    "trials": 1
                }
            },
            {
                "query": {
                    "x1": -3.153540623748138,
                    "x2": 12.262613234619026
                },
                "metrics": {
                    "outcome": 0.40026349518264936
                },
                "metadata": {
                    "trials": 1
                }
            },
            {
                "query": {
                    "x1": -3.1510654005700287,
                    "x2": 12.252597840955515
                },
                "metrics": {
                    "outcome": 0.40035931233514255
                },
                "metadata": {
                    "trials": 1
                }
            }
        ],
        [
            {
                "query": {
                    "x1": 3.143537518221155,
                    "x2": 2.2825189756125166
                },
                "metrics": {
                    "outcome": 0.3979871526882075
                },
                "metadata": {
                    "trials": 1
                }
            },
            {
                "query": {
                    "x1": 3.143295029757706,
                    "x2": 2.2812495404702258
                },
                "metrics": {
                    "outcome": 0.39795867918651595
                },
                "metadata": {
                    "trials": 1
                }
            },
            {
                "query": {
                    "x1": 3.143732034813432,
                    "x2": 2.2837911689395756
                },
                "metrics": {
                    "outcome": 0.3980187224779943
                },
                "metadata": {
                    "trials": 1
                }
            },
            {
                "query": {
                    "x1": 3.1429996497257076,
                    "x2": 2.2800234588248744
                },
                "metrics": {
                    "outcome": 0.3979343221373668
                },
                "metadata": {
                    "trials": 1
                }
            },
            {
                "query": {
                    "x1": 3.144692280743138,
                    "x2": 2.2829643846139405
                },
                "metrics": {
                    "outcome": 0.39804123778823985
                },
                "metadata": {
                    "trials": 1
                }
            },
            {
                "query": {
                    "x1": 3.1444641906157926,
                    "x2": 2.2816686758317584
                },
                "metrics": {
                    "outcome": 0.39800628063450105
                },
                "metadata": {
                    "trials": 1
                }
            }
        ],
        [
            {
                "query": {
                    "x1": 3.1372610819764866,
                    "x2": 2.2676464008593005
                },
                "metrics": {
                    "outcome": 0.39809265706273855
                },
                "metadata": {
                    "trials": 1
                }
            },
            {
                "query": {
                    "x1": 3.137339569961709,
                    "x2": 2.268946279649817
                },
                "metrics": {
                    "outcome": 0.3980620531364014
                },
                "metadata": {
                    "trials": 1
                }
            },
            {
                "query": {
                    "x1": 3.137216479276999,
                    "x2": 2.266347708583211
                },
                "metrics": {
                    "outcome": 0.39812492827272017
                },
                "metadata": {
                    "trials": 1
                }
            },
            {
                "query": {
                    "x1": 3.1374566175934806,
                    "x2": 2.270197053172072
                },
                "metrics": {
                    "outcome": 0.3980339801555477
                },
                "metadata": {
                    "trials": 1
                }
            },
            {
                "query": {
                    "x1": 3.137167646780247,
                    "x2": 2.264861867784366
                },
                "metrics": {
                    "outcome": 0.39816609562015337
                },
                "metadata": {
                    "trials": 1
                }
            },
            {
                "query": {
                    "x1": 3.1376206906086708,
                    "x2": 2.271409766922788
                },
                "metrics": {
                    "outcome": 0.3980078554476947
                },
                "metadata": {
                    "trials": 1
                }
            }
        ],
        [
            {
                "query": {
                    "x1": 3.146033515794409,
                    "x2": 2.2870418691543644
                },
                "metrics": {
                    "outcome": 0.3982223700801111
                },
                "metadata": {
                    "trials": 1
                }
            },
            {
                "query": {
                    "x1": 3.14620791553377,
                    "x2": 2.2858728022549717
                },
                "metrics": {
                    "outcome": 0.3981989839248836
                },
                "metadata": {
                    "trials": 1
                }
            },
            {
                "query": {
                    "x1": 3.1458530031984893,
                    "x2": 2.288208040182142
                },
                "metrics": {
                    "outcome": 0.39824767989750676
                },
                "metadata": {
                    "trials": 1
                }
            },
            {
                "query": {
                    "x1": 3.144968610510709,
                    "x2": 2.2874443476661974
                },
                "metrics": {
                    "outcome": 0.39816935084200367
                },
                "metadata": {
                    "trials": 1
                }
            },
            {
                "query": {
                    "x1": 3.146364821915663,
                    "x2": 2.284734960123785
                },
                "metrics": {
                    "outcome": 0.3981776951777487
                },
                "metadata": {
                    "trials": 1
                }
            },
            {
                "query": {
                    "x1": 3.146912250672692,
                    "x2": 2.287797786055809
                },
                "metrics": {
                    "outcome": 0.3983102722166354
                },
                "metadata": {
                    "trials": 1
                }
            }
        ],
        [
            {
                "query": {
                    "x1": 3.137587279630953,
                    "x2": 2.269270966374898
                },
                "metrics": {
                    "outcome": 0.39804278738532517
                },
                "metadata": {
                    "trials": 1
                }
            },
            {
                "query": {
                    "x1": 3.137646749420977,
                    "x2": 2.2704599891339763
                },
                "metrics": {
                    "outcome": 0.39802016415287866
                },
                "metadata": {
                    "trials": 1
                }
            },
            {
                "query": {
                    "x1": 3.13756836817287,
                    "x2": 2.268083585386472
                },
                "metrics": {
                    "outcome": 0.3980662510150328
                },
                "metadata": {
                    "trials": 1
                }
            },
            {
                "query": {
                    "x1": 3.1377546906119846,
                    "x2": 2.2716060517355903
                },
                "metrics": {
                    "outcome": 0.3979988953335134
                },
                "metadata": {
                    "trials": 1
                }
            },
            {
                "query": {
                    "x1": 3.1375841030946354,
                    "x2": 2.266910585362094
                },
                "metrics": {
                    "outcome": 0.3980903377387328
                },
                "metadata": {
                    "trials": 1
                }
            },
            {
                "query": {
                    "x1": 3.137921058943279,
                    "x2": 2.2727171828149046
                },
                "metrics": {
                    "outcome": 0.39797857953794846
                },
                "metadata": {
                    "trials": 1
                }
            }
        ],
        [
            {
                "query": {
                    "x1": 3.145412923762157,
                    "x2": 2.286394067469421
                },
                "metrics": {
                    "outcome": 0.3981639652082336
                },
                "metadata": {
                    "trials": 1
                }
            },
            {
                "query": {
                    "x1": 3.1456128100668543,
                    "x2": 2.2853320953160874
                },
                "metrics": {
                    "outcome": 0.3981462612862341
                },
                "metadata": {
                    "trials": 1
                }
            },
            {
                "query": {
                    "x1": 3.1452102168618836,
                    "x2": 2.287453338798422
                },
                "metrics": {
                    "outcome": 0.3981834475411077
                },
                "metadata": {
                    "trials": 1
                }
            },
            {
                "query": {
                    "x1": 3.145802897313507,
                    "x2": 2.284297931137739
                },
                "metrics": {
                    "outcome": 0.398130694070872
                },
                "metadata": {
                    "trials": 1
                }
            },
            {
                "query": {
                    "x1": -3.14924794270992,
                    "x2": 12.308115884103074
                },
                "metrics": {
                    "outcome": 0.3983851230276869
                },
                "metadata": {
                    "trials": 1
                }
            },
            {
                "query": {
                    "x1": -3.148695762210269,
                    "x2": 12.30612575887878
                },
                "metrics": {
                    "outcome": 0.39832695784110506
                },
                "metadata": {
                    "trials": 1
                }
            }
        ],
        [
            {
                "query": {
                    "x1": 3.1445925776902364,
                    "x2": 2.2854851621841865
                },
                "metrics": {
                    "outcome": 0.3980950076331684
                },
                "metadata": {
                    "trials": 1
                }
            },
            {
                "query": {
                    "x1": 3.144453717351645,
                    "x2": 2.2864640746734457
                },
                "metrics": {
                    "outcome": 0.3981141899650158
                },
                "metadata": {
                    "trials": 1
                }
            },
            {
                "query": {
                    "x1": -3.147976316094981,
                    "x2": 12.302805414288471
                },
                "metrics": {
                    "outcome": 0.39823822430170885
                },
                "metadata": {
                    "trials": 1
                }
            },
            {
                "query": {
                    "x1": -3.1474962961110613,
                    "x2": 12.301241551724697
                },
                "metrics": {
                    "outcome": 0.3981998712112329
                },
                "metadata": {
                    "trials": 1
                }
            },
            {
                "query": {
                    "x1": -3.14703103971907,
                    "x2": 12.299728481199528
                },
                "metrics": {
                    "outcome": 0.3981651906820627
                },
                "metadata": {
                    "trials": 1
                }
            },
            {
                "query": {
                    "x1": -3.1465798933919147,
                    "x2": 12.298252051790215
                },
                "metrics": {
                    "outcome": 0.39813363411538205
                },
                "metadata": {
                    "trials": 1
                }
            }
        ],
        [
            {
                "query": {
                    "x1": 3.1374523857460677,
                    "x2": 2.2687178852333894
                },
                "metrics": {
                    "outcome": 0.39806015656834504
                },
                "metadata": {
                    "trials": 1
                }
            },
            {
                "query": {
                    "x1": 3.137518902938776,
                    "x2": 2.2675986746641965
                },
                "metrics": {
                    "outcome": 0.398078978595823
                },
                "metadata": {
                    "trials": 1
                }
            },
            {
                "query": {
                    "x1": 3.1374152640472293,
                    "x2": 2.269840166808284
                },
                "metrics": {
                    "outcome": 0.3980420329394505
                },
                "metadata": {
                    "trials": 1
                }
            },
            {
                "query": {
                    "x1": 3.137423545729053,
                    "x2": 2.2709275499736963
                },
                "metrics": {
                    "outcome": 0.3980244774403321
                },
                "metadata": {
                    "trials": 1
                }
            },
            {
                "query": {
                    "x1": 3.144260915293682,
                    "x2": 2.2849892021945704
                },
                "metrics": {
                    "outcome": 0.39806720381307237
                },
                "metadata": {
                    "trials": 1
                }
            },
            {
                "query": {
                    "x1": 3.1443285382264463,
                    "x2": 2.283982099442834
                },
                "metrics": {
                    "outcome": 0.3980468313110972
                },
                "metadata": {
                    "trials": 1
                }
            }
        ],
        [
            {
                "query": {
                    "x1": 3.144766880153208,
                    "x2": 2.2856395380283154
                },
                "metrics": {
                    "outcome": 0.3981077005280991
                },
                "metadata": {
                    "trials": 1
                }
            },
            {
                "query": {
                    "x1": 3.1445591988296364,
                    "x2": 2.286581305461053
                },
                "metrics": {
                    "outcome": 0.3981226425538722
                },
                "metadata": {
                    "trials": 1
                }
            },
            {
                "query": {
                    "x1": -3.1384878017919817,
                    "x2": 12.267230465533451
                },
                "metrics": {
                    "outcome": 0.39793373590662817
                },
                "metadata": {
                    "trials": 1
                }
            },
            {
                "query": {
                    "x1": -3.138267029655054,
                    "x2": 12.266039528642246
                },
                "metrics": {
                    "outcome": 0.3979413964614267
                },
                "metadata": {
                    "trials": 1
                }
            },
            {
                "query": {
                    "x1": -3.1380604878317797,
                    "x2": 12.264876952035396
                },
                "metrics": {
                    "outcome": 0.39794993313998894
                },
                "metadata": {
                    "trials": 1
                }
            },
            {
                "query": {
                    "x1": -3.1378652944625127,
                    "x2": 12.263730419103268
                },
                "metrics": {
                    "outcome": 0.39795941264029366
                },
                "metadata": {
                    "trials": 1
                }
            }
        ]
    ],
    "best_results": [
        {
            "query": {
                "x1": -3.1384878017919817,
                "x2": 12.267230465533451
            },
            "metrics": [
                {
                    "name": "outcome",
                    "value": 0.39793373590662817
                }
            ]
        }
    ]
}