{
    "date": "05/11/2022 12:05:13",
    "basic_params": {
        "active_variables": [
            "x1",
            "x2"
        ],
        "default_query": {},
        "metric": "basic",
        "n_trials": 1
    },
    "objective_function": {
        "name": "Branin",
        "params": {}
    },
    "optimizer": {
        "name": "BBO-LP(LCBa)",
        "params": {
            "lower_bound": [
                -5.0,
                0.0
            ],
            "upper_bound": [
                10.0,
                15.0
            ],
            "invert_metric": false,
            "bopt_params": {
                "n_init_samples": 12,
                "n_iterations": 23,
                "n_iter_relearn": 5,
                "verbose_level": 0,
                "n_parallel_samples": 6,
                "par_type": "PAR_BBO",
                "crit_name": "cLP(cLCBa)",
                "n_crit_params": 3,
                "crit_params": [
                    6,
                    1,
                    5.0
                ]
            }
        }
    },
    "iterations": [
        [
            {
                "query": {
                    "x1": 6.860491809493396,
                    "x2": 2.7699084632331505
                },
                "metrics": {
                    "outcome": 20.633152193283024
                },
                "metadata": {
                    "trials": 1
                }
            }
        ],
        [
            {
                "query": {
                    "x1": 0.05026458733482286,
                    "x2": 4.8667218766058795
                },
                "metrics": {
                    "outcome": 20.700070658398335
                },
                "metadata": {
                    "trials": 1
                }
            }
        ],
        [
            {
                "query": {
                    "x1": 3.422473952814471,
                    "x2": 2.0316182950045913
                },
                "metrics": {
                    "outcome": 0.7753716510003095
                },
                "metadata": {
                    "trials": 1
                }
            }
        ],
        [
            {
                "query": {
                    "x1": 9.062539722945075,
                    "x2": 6.309221240226179
                },
                "metrics": {
                    "outcome": 18.018698778389492
                },
                "metadata": {
                    "trials": 1
                }
            }
        ],
        [
            {
                "query": {
                    "x1": 4.039128451549914,
                    "x2": 11.0839943450992
                },
                "metrics": {
                    "outcome": 92.46445751711549
                },
                "metadata": {
                    "trials": 1
                }
            }
        ],
        [
            {
                "query": {
                    "x1": -0.6822640905738808,
                    "x2": 5.293508718023077
                },
                "metrics": {
                    "outcome": 20.88434003925709
                },
                "metadata": {
                    "trials": 1
                }
            }
        ],
        [
            {
                "query": {
                    "x1": 1.4871447545010597,
                    "x2": 7.637112619413528
                },
                "metrics": {
                    "outcome": 24.627846558958616
                },
                "metadata": {
                    "trials": 1
                }
            }
        ],
        [
            {
                "query": {
                    "x1": -1.962171147170011,
                    "x2": 13.272205346438568
                },
                "metrics": {
                    "outcome": 19.673830382945646
                },
                "metadata": {
                    "trials": 1
                }
            }
        ],
        [
            {
                "query": {
                    "x1": -2.62107369286241,
                    "x2": 12.044921270571649
                },
                "metrics": {
                    "outcome": 2.641483432210755
                },
                "metadata": {
                    "trials": 1
                }
            }
        ],
        [
            {
                "query": {
                    "x1": -4.950144616304897,
                    "x2": 9.163812819460873
                },
                "metrics": {
                    "outcome": 74.35772773197287
                },
                "metadata": {
                    "trials": 1
                }
            }
        ],
        [
            {
                "query": {
                    "x1": 5.189732079743408,
                    "x2": 0.3560830670176074
                },
                "metrics": {
                    "outcome": 15.15716324987832
                },
                "metadata": {
                    "trials": 1
                }
            }
        ],
        [
            {
                "query": {
                    "x1": 8.109624980424996,
                    "x2": 14.013302346575074
                },
                "metrics": {
                    "outcome": 161.93319402307523
                },
                "metadata": {
                    "trials": 1
                }
            }
        ],
        [
            {
                "query": {
                    "x1": -4.8770686263844905,
                    "x2": 12.393163882102954
                },
                "metrics": {
                    "outcome": 31.30273266025017
                },
                "metadata": {
                    "trials": 1
                }
            },
            {
                "query": {
                    "x1": -4.877041191787854,
                    "x2": 12.39315977702133
                },
                "metrics": {
                    "outcome": 31.301814290104485
                },
                "metadata": {
                    "trials": 1
                }
            },
            {
                "query": {
                    "x1": -4.877120904473571,
                    "x2": 12.393171709898375
                },
                "metrics": {
                    "outcome": 31.30448264806961
                },
                "metadata": {
                    "trials": 1
                }
            },
            {
                "query": {
                    "x1": -4.87698915487814,
                    "x2": 12.393152089501244
                },
                "metrics": {
                    "outcome": 31.300071513854057
                },
                "metadata": {
                    "trials": 1
                }
            },
            {
                "query": {
                    "x1": -4.876963176208497,
                    "x2": 12.393147546684117
                },
                "metrics": {
                    "outcome": 31.299207735529237
                },
                "metadata": {
                    "trials": 1
                }
            },
            {
                "query": {
                    "x1": -4.877194841118701,
                    "x2": 12.393182160952184
                },
                "metrics": {
                    "outcome": 31.30696322472774
                },
                "metadata": {
                    "trials": 1
                }
            }
        ],
        [
            {
                "query": {
                    "x1": 0.40232413443020665,
                    "x2": 1.7027112798855966
                },
                "metrics": {
                    "outcome": 32.36222117591149
                },
                "metadata": {
                    "trials": 1
                }
            },
            {
                "query": {
                    "x1": 0.3993536089629748,
                    "x2": 1.7023600127704543
                },
                "metrics": {
                    "outcome": 32.40847049380578
                },
                "metadata": {
                    "trials": 1
                }
            },
            {
                "query": {
                    "x1": 0.40585646845821444,
                    "x2": 1.7031285415457988
                },
                "metrics": {
                    "outcome": 32.30720765146719
                },
                "metadata": {
                    "trials": 1
                }
            },
            {
                "query": {
                    "x1": 0.39691155002660583,
                    "x2": 1.702072023964399
                },
                "metrics": {
                    "outcome": 32.44647433125759
                },
                "metadata": {
                    "trials": 1
                }
            },
            {
                "query": {
                    "x1": 0.408033642569106,
                    "x2": 1.703385532962707
                },
                "metrics": {
                    "outcome": 32.27329012170634
                },
                "metadata": {
                    "trials": 1
                }
            },
            {
                "query": {
                    "x1": 0.40384645361076643,
                    "x2": 1.7028909650410964
                },
                "metrics": {
                    "outcome": 32.338515918143145
                },
                "metadata": {
                    "trials": 1
                }
            }
        ],
        [
            {
                "query": {
                    "x1": 3.6060933832009052,
                    "x2": 2.2109163846328257
                },
                "metrics": {
                    "outcome": 1.4883318763023965
                },
                "metadata": {
                    "trials": 1
                }
            },
            {
                "query": {
                    "x1": 3.6258994841118373,
                    "x2": 2.2056198108161045
                },
                "metrics": {
                    "outcome": 1.579440239607612
                },
                "metadata": {
                    "trials": 1
                }
            },
            {
                "query": {
                    "x1": 3.5862733307812427,
                    "x2": 2.21588904529212
                },
                "metrics": {
                    "outcome": 1.4004246500982145
                },
                "metadata": {
                    "trials": 1
                }
            },
            {
                "query": {
                    "x1": 3.644131943476573,
                    "x2": 2.200280710234085
                },
                "metrics": {
                    "outcome": 1.666047746398462
                },
                "metadata": {
                    "trials": 1
                }
            },
            {
                "query": {
                    "x1": 3.619900257050645,
                    "x2": 2.223616128528388
                },
                "metrics": {
                    "outcome": 1.5607901554942476
                },
                "metadata": {
                    "trials": 1
                }
            },
            {
                "query": {
                    "x1": 3.611728062124236,
                    "x2": 2.193028698982765
                },
                "metrics": {
                    "outcome": 1.5052445989372387
                },
                "metadata": {
                    "trials": 1
                }
            }
        ],
        [
            {
                "query": {
                    "x1": 2.9786384192787763,
                    "x2": 2.273405499693332
                },
                "metrics": {
                    "outcome": 0.5425452013667087
                },
                "metadata": {
                    "trials": 1
                }
            },
            {
                "query": {
                    "x1": 2.980325086782539,
                    "x2": 2.2718174631701427
                },
                "metrics": {
                    "outcome": 0.5399846266766897
                },
                "metadata": {
                    "trials": 1
                }
            },
            {
                "query": {
                    "x1": 2.9769292412295982,
                    "x2": 2.2750163130707532
                },
                "metrics": {
                    "outcome": 0.5451673101116299
                },
                "metadata": {
                    "trials": 1
                }
            },
            {
                "query": {
                    "x1": 2.9802670814329817,
                    "x2": 2.2748098199544216
                },
                "metrics": {
                    "outcome": 0.5393035296721322
                },
                "metadata": {
                    "trials": 1
                }
            },
            {
                "query": {
                    "x1": 2.9772974465679134,
                    "x2": 2.2716830145409785
                },
                "metrics": {
                    "outcome": 0.5453970386498241
                },
                "metadata": {
                    "trials": 1
                }
            },
            {
                "query": {
                    "x1": 2.975438072760493,
                    "x2": 2.2735471243850687
                },
                "metrics": {
                    "outcome": 0.5482433393620685
                },
                "metadata": {
                    "trials": 1
                }
            }
        ],
        [
            {
                "query": {
                    "x1": 3.1292285295288753,
                    "x2": 2.124627894764386
                },
                "metrics": {
                    "outcome": 0.42423221614322415
                },
                "metadata": {
                    "trials": 1
                }
            },
            {
                "query": {
                    "x1": 3.12470693307254,
                    "x2": 2.125192995740325
                },
                "metrics": {
                    "outcome": 0.4258292561722268
                },
                "metadata": {
                    "trials": 1
                }
            },
            {
                "query": {
                    "x1": 3.133750698777826,
                    "x2": 2.1240678641363284
                },
                "metrics": {
                    "outcome": 0.4228490964181404
                },
                "metadata": {
                    "trials": 1
                }
            },
            {
                "query": {
                    "x1": 3.130776281049341,
                    "x2": 2.1287981215341207
                },
                "metrics": {
                    "outcome": 0.4223663620063274
                },
                "metadata": {
                    "trials": 1
                }
            },
            {
                "query": {
                    "x1": 3.129736836783424,
                    "x2": 2.1202110669385537
                },
                "metrics": {
                    "outcome": 0.4254755616550092
                },
                "metadata": {
                    "trials": 1
                }
            },
            {
                "query": {
                    "x1": 3.126345320918297,
                    "x2": 2.1293827058860493
                },
                "metrics": {
                    "outcome": 0.4238217441885155
                },
                "metadata": {
                    "trials": 1
                }
            }
        ],
        [
            {
                "query": {
                    "x1": -4.9999999999999885,
                    "x2": 0.0
                },
                "metrics": {
                    "outcome": 308.12909601160544
                },
                "metadata": {
                    "trials": 1
                }
            },
            {
                "query": {
                    "x1": -5.0,
                    "x2": 0.11225166064145531
                },
                "metrics": {
                    "outcome": 304.2830770690617
                },
                "metadata": {
                    "trials": 1
                }
            },
            {
                "query": {
                    "x1": -4.892564718292749,
                    "x2": 0.0
                },
                "metrics": {
                    "outcome": 296.6238165594475
                },
                "metadata": {
                    "trials": 1
                }
            },
            {
                "query": {
                    "x1": -5.0,
                    "x2": 0.2258515698902373
                },
                "metrics": {
                    "outcome": 300.4165205194528
                },
                "metadata": {
                    "trials": 1
                }
            },
            {
                "query": {
                    "x1": -4.8911838348748296,
                    "x2": 0.11520657914215343
                },
                "metrics": {
                    "outcome": 292.60269613819963
                },
                "metadata": {
                    "trials": 1
                }
            },
            {
                "query": {
                    "x1": -5.0,
                    "x2": 0.3408589262105597
                },
                "metrics": {
                    "outcome": 296.528350750824
                },
                "metadata": {
                    "trials": 1
                }
            }
        ],
        [
            {
                "query": {
                    "x1": 9.999999999999998,
                    "x2": 0.0
                },
                "metrics": {
                    "outcome": 10.960889035651494
                },
                "metadata": {
                    "trials": 1
                }
            },
            {
                "query": {
                    "x1": 9.999999999999998,
                    "x2": 0.05157984607652155
                },
                "metrics": {
                    "outcome": 10.653765437230515
                },
                "metadata": {
                    "trials": 1
                }
            },
            {
                "query": {
                    "x1": 10.0,
                    "x2": 0.10349042553406428
                },
                "metrics": {
                    "outcome": 10.35004478996201
                },
                "metadata": {
                    "trials": 1
                }
            },
            {
                "query": {
                    "x1": 9.95023168431123,
                    "x2": 0.0
                },
                "metrics": {
                    "outcome": 10.418768234965103
                },
                "metadata": {
                    "trials": 1
                }
            },
            {
                "query": {
                    "x1": 10.0,
                    "x2": 0.15573738185247557
                },
                "metrics": {
                    "outcome": 10.049797968734222
                },
                "metadata": {
                    "trials": 1
                }
            },
            {
                "query": {
                    "x1": 9.949922950948132,
                    "x2": 0.0522375046147373
                },
                "metrics": {
                    "outcome": 10.10964731697674
                },
                "metadata": {
                    "trials": 1
                }
            }
        ],
        [
            {
                "query": {
                    "x1": -2.1425629765850474,
                    "x2": 11.17637295120656
                },
                "metrics": {
                    "outcome": 6.180861311034666
                },
                "metadata": {
                    "trials": 1
                }
            },
            {
                "query": {
                    "x1": -2.126186742855366,
                    "x2": 11.152008495878043
                },
                "metrics": {
                    "outcome": 6.3390828555938965
                },
                "metadata": {
                    "trials": 1
                }
            },
            {
                "query": {
                    "x1": -2.1588759082212383,
                    "x2": 11.20072497715629
                },
                "metrics": {
                    "outcome": 6.024895499365174
                },
                "metadata": {
                    "trials": 1
                }
            },
            {
                "query": {
                    "x1": -2.130583626538899,
                    "x2": 11.201849255693157
                },
                "metrics": {
                    "outcome": 6.4006251561253436
                },
                "metadata": {
                    "trials": 1
                }
            },
            {
                "query": {
                    "x1": -2.1098881382772916,
                    "x2": 11.127881572441298
                },
                "metrics": {
                    "outcome": 6.49825839198867
                },
                "metadata": {
                    "trials": 1
                }
            },
            {
                "query": {
                    "x1": -2.156016305704541,
                    "x2": 11.151722170747608
                },
                "metrics": {
                    "outcome": 5.949940846140503
                },
                "metadata": {
                    "trials": 1
                }
            }
        ],
        [
            {
                "query": {
                    "x1": 3.121539874926622,
                    "x2": 2.5071636930848946
                },
                "metrics": {
                    "outcome": 0.4466785983795454
                },
                "metadata": {
                    "trials": 1
                }
            },
            {
                "query": {
                    "x1": 3.122736854017395,
                    "x2": 2.499486290334106
                },
                "metrics": {
                    "outcome": 0.4435832564544935
                },
                "metadata": {
                    "trials": 1
                }
            },
            {
                "query": {
                    "x1": 3.1203423410849513,
                    "x2": 2.5148398171417625
                },
                "metrics": {
                    "outcome": 0.44987767654229494
                },
                "metadata": {
                    "trials": 1
                }
            },
            {
                "query": {
                    "x1": 3.1238772354998847,
                    "x2": 2.492167320914466
                },
                "metrics": {
                    "outcome": 0.4407295255712853
                },
                "metadata": {
                    "trials": 1
                }
            },
            {
                "query": {
                    "x1": 3.1191552702312872,
                    "x2": 2.5224442430752947
                },
                "metrics": {
                    "outcome": 0.45314965089812453
                },
                "metadata": {
                    "trials": 1
                }
            },
            {
                "query": {
                    "x1": 3.1249765226020347,
                    "x2": 2.485107576486488
                },
                "metrics": {
                    "outcome": 0.43806667616923534
                },
                "metadata": {
                    "trials": 1
                }
            }
        ],
        [
            {
                "query": {
                    "x1": 3.15212356085849,
                    "x2": 2.270482299362373
                },
                "metrics": {
                    "outcome": 0.39843333679429627
                },
                "metadata": {
                    "trials": 1
                }
            },
            {
                "query": {
                    "x1": 3.1514183924962964,
                    "x2": 2.2726601596252842
                },
                "metrics": {
                    "outcome": 0.3983790728213954
                },
                "metadata": {
                    "trials": 1
                }
            },
            {
                "query": {
                    "x1": 3.1528302695845003,
                    "x2": 2.268305131743231
                },
                "metrics": {
                    "outcome": 0.39849786107865803
                },
                "metadata": {
                    "trials": 1
                }
            },
            {
                "query": {
                    "x1": 3.1535175979680616,
                    "x2": 2.2661925425147786
                },
                "metrics": {
                    "outcome": 0.39857030511339
                },
                "metadata": {
                    "trials": 1
                }
            },
            {
                "query": {
                    "x1": 3.150627943852456,
                    "x2": 2.268865725463311
                },
                "metrics": {
                    "outcome": 0.39828010893706534
                },
                "metadata": {
                    "trials": 1
                }
            },
            {
                "query": {
                    "x1": 3.154283687032727,
                    "x2": 2.2700526451249354
                },
                "metrics": {
                    "outcome": 0.39868491227892733
                },
                "metadata": {
                    "trials": 1
                }
            }
        ],
        [
            {
                "query": {
                    "x1": 0.31738461739911106,
                    "x2": 15.0
                },
                "metrics": {
                    "outcome": 109.22287921874582
                },
                "metadata": {
                    "trials": 1
                }
            },
            {
                "query": {
                    "x1": 0.33124383896524723,
                    "x2": 15.0
                },
                "metrics": {
                    "outcome": 109.57761082085044
                },
                "metadata": {
                    "trials": 1
                }
            },
            {
                "query": {
                    "x1": 0.30354246911575267,
                    "x2": 15.0
                },
                "metrics": {
                    "outcome": 108.86676902245154
                },
                "metadata": {
                    "trials": 1
                }
            },
            {
                "query": {
                    "x1": 0.34475292334452945,
                    "x2": 14.999624988963467
                },
                "metrics": {
                    "outcome": 109.91448169891257
                },
                "metadata": {
                    "trials": 1
                }
            },
            {
                "query": {
                    "x1": 0.2900699568923564,
                    "x2": 14.99962499005157
                },
                "metrics": {
                    "outcome": 108.51133619942779
                },
                "metadata": {
                    "trials": 1
                }
            },
            {
                "query": {
                    "x1": 0.35805863426176554,
                    "x2": 15.0
                },
                "metrics": {
                    "outcome": 110.25878808682236
                },
                "metadata": {
                    "trials": 1
                }
            }
        ],
        [
            {
                "query": {
                    "x1": -2.2166974421580727,
                    "x2": 0.0
                },
                "metrics": {
                    "outcome": 107.50207727142939
                },
                "metadata": {
                    "trials": 1
                }
            },
            {
                "query": {
                    "x1": -2.2033324282322835,
                    "x2": 1.1175347478764316e-15
                },
                "metrics": {
                    "outcome": 107.01844811079472
                },
                "metadata": {
                    "trials": 1
                }
            },
            {
                "query": {
                    "x1": -2.230054069797286,
                    "x2": 0.0
                },
                "metrics": {
                    "outcome": 107.98904332064255
                },
                "metadata": {
                    "trials": 1
                }
            },
            {
                "query": {
                    "x1": -2.2106846566930316,
                    "x2": 0.011596537053406783
                },
                "metrics": {
                    "outcome": 107.04877850835733
                },
                "metadata": {
                    "trials": 1
                }
            },
            {
                "query": {
                    "x1": -2.1903359153017457,
                    "x2": 0.0
                },
                "metrics": {
                    "outcome": 106.55162299462877
                },
                "metadata": {
                    "trials": 1
                }
            },
            {
                "query": {
                    "x1": -2.2240583649234873,
                    "x2": 0.011642857020906448
                },
                "metrics": {
                    "outcome": 107.53311276142246
                },
                "metadata": {
                    "trials": 1
                }
            }
        ],
        [
            {
                "query": {
                    "x1": 5.872626904139279,
                    "x2": 15.0
                },
                "metrics": {
                    "outcome": 211.77219031691956
                },
                "metadata": {
                    "trials": 1
                }
            },
            {
                "query": {
                    "x1": 5.859304444199186,
                    "x2": 15.0
                },
                "metrics": {
                    "outcome": 211.6922370939121
                },
                "metadata": {
                    "trials": 1
                }
            },
            {
                "query": {
                    "x1": 5.88593881897118,
                    "x2": 14.999682405750098
                },
                "metrics": {
                    "outcome": 211.84042483177248
                },
                "metadata": {
                    "trials": 1
                }
            },
            {
                "query": {
                    "x1": 5.866788300830743,
                    "x2": 14.98831138417903
                },
                "metrics": {
                    "outcome": 211.41290586218153
                },
                "metadata": {
                    "trials": 1
                }
            },
            {
                "query": {
                    "x1": 5.846386393341218,
                    "x2": 14.999624990492915
                },
                "metrics": {
                    "outcome": 211.60159585649498
                },
                "metadata": {
                    "trials": 1
                }
            },
            {
                "query": {
                    "x1": 5.880065371066628,
                    "x2": 14.987929535943586
                },
                "metrics": {
                    "outcome": 211.480382635631
                },
                "metadata": {
                    "trials": 1
                }
            }
        ],
        [
            {
                "query": {
                    "x1": 2.151355916411129,
                    "x2": 1.1245836592220216e-13
                },
                "metrics": {
                    "outcome": 14.807084040253244
                },
                "metadata": {
                    "trials": 1
                }
            },
            {
                "query": {
                    "x1": 2.138292357714014,
                    "x2": 0.0
                },
                "metrics": {
                    "outcome": 14.998625848066297
                },
                "metadata": {
                    "trials": 1
                }
            },
            {
                "query": {
                    "x1": 2.1644204711670687,
                    "x2": 0.0
                },
                "metrics": {
                    "outcome": 14.617072600099878
                },
                "metadata": {
                    "trials": 1
                }
            },
            {
                "query": {
                    "x1": 2.177068060087155,
                    "x2": 0.0
                },
                "metrics": {
                    "outcome": 14.434610813290025
                },
                "metadata": {
                    "trials": 1
                }
            },
            {
                "query": {
                    "x1": 2.125607349748895,
                    "x2": 0.00037504105473535064
                },
                "metrics": {
                    "outcome": 15.183681265070522
                },
                "metadata": {
                    "trials": 1
                }
            },
            {
                "query": {
                    "x1": 2.145142876860251,
                    "x2": 0.010900071275089672
                },
                "metrics": {
                    "outcome": 14.828776248553151
                },
                "metadata": {
                    "trials": 1
                }
            }
        ],
        [
            {
                "query": {
                    "x1": 8.444794445794425,
                    "x2": 0.0
                },
                "metrics": {
                    "outcome": 7.792775465186544
                },
                "metadata": {
                    "trials": 1
                }
            },
            {
                "query": {
                    "x1": 8.458469711106897,
                    "x2": 0.0
                },
                "metrics": {
                    "outcome": 7.712994633727508
                },
                "metadata": {
                    "trials": 1
                }
            },
            {
                "query": {
                    "x1": 8.431122759940136,
                    "x2": 0.0
                },
                "metrics": {
                    "outcome": 7.873836793980258
                },
                "metadata": {
                    "trials": 1
                }
            },
            {
                "query": {
                    "x1": 8.471754157937381,
                    "x2": 0.0
                },
                "metrics": {
                    "outcome": 7.6367619098835835
                },
                "metadata": {
                    "trials": 1
                }
            },
            {
                "query": {
                    "x1": 8.417843879094734,
                    "x2": 0.0
                },
                "metrics": {
                    "outcome": 7.953793174868418
                },
                "metadata": {
                    "trials": 1
                }
            },
            {
                "query": {
                    "x1": 8.451395326521652,
                    "x2": 0.011261705505903427
                },
                "metrics": {
                    "outcome": 7.714220120445305
                },
                "metadata": {
                    "trials": 1
                }
            }
        ],
        [
            {
                "query": {
                    "x1": 3.213976757411693,
                    "x2": 1.4350484717689669
                },
                "metrics": {
                    "outcome": 1.0379679754378621
                },
                "metadata": {
                    "trials": 1
                }
            },
            {
                "query": {
                    "x1": 3.2112680776616553,
                    "x2": 1.4511023853673246
                },
                "metrics": {
                    "outcome": 1.0143746039071768
                },
                "metadata": {
                    "trials": 1
                }
            },
            {
                "query": {
                    "x1": 3.216732266562424,
                    "x2": 1.4190309627731301
                },
                "metrics": {
                    "outcome": 1.061944935780117
                },
                "metadata": {
                    "trials": 1
                }
            },
            {
                "query": {
                    "x1": 3.2087567913175192,
                    "x2": 1.4663736234479323
                },
                "metrics": {
                    "outcome": 0.9923293795068631
                },
                "metadata": {
                    "trials": 1
                }
            },
            {
                "query": {
                    "x1": 3.199614603567424,
                    "x2": 1.4410303194784848
                },
                "metrics": {
                    "outcome": 1.0368124178582043
                },
                "metadata": {
                    "trials": 1
                }
            },
            {
                "query": {
                    "x1": 3.2195409047367622,
                    "x2": 1.403094347096296
                },
                "metrics": {
                    "outcome": 1.0862281779104492
                },
                "metadata": {
                    "trials": 1
                }
            }
        ],
        [
            {
                "query": {
                    "x1": 9.307281925960513,
                    "x2": 1.6914931851848534
                },
                "metrics": {
                    "outcome": 0.9349340407648619
                },
                "metadata": {
                    "trials": 1
                }
            },
            {
                "query": {
                    "x1": 9.32275926034641,
                    "x2": 1.7350275178513466
                },
                "metrics": {
                    "outcome": 0.877180927209027
                },
                "metadata": {
                    "trials": 1
                }
            },
            {
                "query": {
                    "x1": 9.292578985905545,
                    "x2": 1.647818201144517
                },
                "metrics": {
                    "outcome": 0.9970902024877812
                },
                "metadata": {
                    "trials": 1
                }
            },
            {
                "query": {
                    "x1": 9.339098661505348,
                    "x2": 1.7781050044408377
                },
                "metrics": {
                    "outcome": 0.8244491890955228
                },
                "metadata": {
                    "trials": 1
                }
            },
            {
                "query": {
                    "x1": 9.279349208565257,
                    "x2": 1.605700042314859
                },
                "metrics": {
                    "outcome": 1.060788848843087
                },
                "metadata": {
                    "trials": 1
                }
            },
            {
                "query": {
                    "x1": 9.335381409911848,
                    "x2": 1.657436030305612
                },
                "metrics": {
                    "outcome": 0.988559758192828
                },
                "metadata": {
                    "trials": 1
                }
            }
        ],
        [
            {
                "query": {
                    "x1": 10.0,
                    "x2": 2.9797447695907064
                },
                "metrics": {
                    "outcome": 1.9436794521987064
                },
                "metadata": {
                    "trials": 1
                }
            },
            {
                "query": {
                    "x1": 10.0,
                    "x2": 3.0135616940372825
                },
                "metrics": {
                    "outcome": 1.9432531307950232
                },
                "metadata": {
                    "trials": 1
                }
            },
            {
                "query": {
                    "x1": 9.999999999999993,
                    "x2": 2.9459228175767875
                },
                "metrics": {
                    "outcome": 1.9463935158175403
                },
                "metadata": {
                    "trials": 1
                }
            },
            {
                "query": {
                    "x1": 10.0,
                    "x2": 2.9137134668415348
                },
                "metrics": {
                    "outcome": 1.9511050006315482
                },
                "metadata": {
                    "trials": 1
                }
            },
            {
                "query": {
                    "x1": 10.0,
                    "x2": 3.0470443072198607
                },
                "metrics": {
                    "outcome": 1.9450843883545978
                },
                "metadata": {
                    "trials": 1
                }
            },
            {
                "query": {
                    "x1": 10.0,
                    "x2": 2.8826592972434883
                },
                "metrics": {
                    "outcome": 1.9576121051895932
                },
                "metadata": {
                    "trials": 1
                }
            }
        ],
        [
            {
                "query": {
                    "x1": 9.355359482327396,
                    "x2": 2.6542987645934994
                },
                "metrics": {
                    "outcome": 0.4772931124452171
                },
                "metadata": {
                    "trials": 1
                }
            },
            {
                "query": {
                    "x1": 9.357325417070715,
                    "x2": 2.672565322567684
                },
                "metrics": {
                    "outcome": 0.48417576089503633
                },
                "metadata": {
                    "trials": 1
                }
            },
            {
                "query": {
                    "x1": 9.353410340798195,
                    "x2": 2.6360272598831704
                },
                "metrics": {
                    "outcome": 0.47098123040883877
                },
                "metadata": {
                    "trials": 1
                }
            },
            {
                "query": {
                    "x1": 9.339206641343424,
                    "x2": 2.6469440572720635
                },
                "metrics": {
                    "outcome": 0.4921575966936711
                },
                "metadata": {
                    "trials": 1
                }
            },
            {
                "query": {
                    "x1": 9.369592883680534,
                    "x2": 2.643700092607554
                },
                "metrics": {
                    "outcome": 0.45866804684279394
                },
                "metadata": {
                    "trials": 1
                }
            },
            {
                "query": {
                    "x1": 9.371889288689124,
                    "x2": 2.661667448121304
                },
                "metrics": {
                    "outcome": 0.4646372939535848
                },
                "metadata": {
                    "trials": 1
                }
            }
        ],
        [
            {
                "query": {
                    "x1": 3.0714735797164643,
                    "x2": 3.526194189276982
                },
                "metrics": {
                    "outcome": 1.851602430461
                },
                "metadata": {
                    "trials": 1
                }
            },
            {
                "query": {
                    "x1": 3.0638186603602104,
                    "x2": 3.4977808203853695
                },
                "metrics": {
                    "outcome": 1.7756393508674666
                },
                "metadata": {
                    "trials": 1
                }
            },
            {
                "query": {
                    "x1": 3.079248122251421,
                    "x2": 3.5545299100740295
                },
                "metrics": {
                    "outcome": 1.9304456898289573
                },
                "metadata": {
                    "trials": 1
                }
            },
            {
                "query": {
                    "x1": 3.091168588573465,
                    "x2": 3.5053430116070188
                },
                "metrics": {
                    "outcome": 1.8278366356871985
                },
                "metadata": {
                    "trials": 1
                }
            },
            {
                "query": {
                    "x1": 3.050376077611995,
                    "x2": 3.5454598203371517
                },
                "metrics": {
                    "outcome": 1.8736070065689905
                },
                "metadata": {
                    "trials": 1
                }
            },
            {
                "query": {
                    "x1": 3.0996882845704583,
                    "x2": 3.53303887172883
                },
                "metrics": {
                    "outcome": 1.9072663517263795
                },
                "metadata": {
                    "trials": 1
                }
            }
        ],
        [
            {
                "query": {
                    "x1": 9.431059193386117,
                    "x2": 2.3513510076128368
                },
                "metrics": {
                    "outcome": 0.41470550974110765
                },
                "metadata": {
                    "trials": 1
                }
            },
            {
                "query": {
                    "x1": 9.432730268399819,
                    "x2": 2.3559926809444334
                },
                "metrics": {
                    "outcome": 0.41399735158415574
                },
                "metadata": {
                    "trials": 1
                }
            },
            {
                "query": {
                    "x1": 9.429364883109796,
                    "x2": 2.3467208177659327
                },
                "metrics": {
                    "outcome": 0.4154522754626271
                },
                "metadata": {
                    "trials": 1
                }
            },
            {
                "query": {
                    "x1": 9.434188625328062,
                    "x2": 2.347760902353017
                },
                "metrics": {
                    "outcome": 0.41658850564351013
                },
                "metadata": {
                    "trials": 1
                }
            },
            {
                "query": {
                    "x1": 9.427673249846443,
                    "x2": 2.3422399647949614
                },
                "metrics": {
                    "outcome": 0.4162075509390668
                },
                "metadata": {
                    "trials": 1
                }
            },
            {
                "query": {
                    "x1": 9.432509361910105,
                    "x2": 2.343094406339263
                },
                "metrics": {
                    "outcome": 0.41733856341529574
                },
                "metadata": {
                    "trials": 1
                }
            }
        ],
        [
            {
                "query": {
                    "x1": 9.467018406668833,
                    "x2": 2.5262972582848855
                },
                "metrics": {
                    "outcome": 0.40669066573634716
                },
                "metadata": {
                    "trials": 1
                }
            },
            {
                "query": {
                    "x1": 9.465971263609777,
                    "x2": 2.523401509600058
                },
                "metrics": {
                    "outcome": 0.406213557415974
                },
                "metadata": {
                    "trials": 1
                }
            },
            {
                "query": {
                    "x1": 9.468055444373704,
                    "x2": 2.529198357686231
                },
                "metrics": {
                    "outcome": 0.4071825824769668
                },
                "metadata": {
                    "trials": 1
                }
            },
            {
                "query": {
                    "x1": 9.464095380445222,
                    "x2": 2.5257592212201985
                },
                "metrics": {
                    "outcome": 0.40561072682469934
                },
                "metadata": {
                    "trials": 1
                }
            },
            {
                "query": {
                    "x1": 9.468919472996097,
                    "x2": 2.52401468337626
                },
                "metrics": {
                    "outcome": 0.40737347819794323
                },
                "metadata": {
                    "trials": 1
                }
            },
            {
                "query": {
                    "x1": 9.46491957025604,
                    "x2": 2.5206324606356274
                },
                "metrics": {
                    "outcome": 0.4057562214935384
                },
                "metadata": {
                    "trials": 1
                }
            }
        ],
        [
            {
                "query": {
                    "x1": 9.398903705588301,
                    "x2": 2.452329794227913
                },
                "metrics": {
                    "outcome": 0.4011022427372861
                },
                "metadata": {
                    "trials": 1
                }
            },
            {
                "query": {
                    "x1": 9.39972116988826,
                    "x2": 2.454385265389757
                },
                "metrics": {
                    "outcome": 0.4009017022008159
                },
                "metadata": {
                    "trials": 1
                }
            },
            {
                "query": {
                    "x1": 9.398069947252148,
                    "x2": 2.450276804740903
                },
                "metrics": {
                    "outcome": 0.4013170623858837
                },
                "metadata": {
                    "trials": 1
                }
            },
            {
                "query": {
                    "x1": 9.397236841691075,
                    "x2": 2.44827027584416
                },
                "metrics": {
                    "outcome": 0.4015417249491726
                },
                "metadata": {
                    "trials": 1
                }
            },
            {
                "query": {
                    "x1": 9.400496995877551,
                    "x2": 2.4563757541576074
                },
                "metrics": {
                    "outcome": 0.40072092698384765
                },
                "metadata": {
                    "trials": 1
                }
            },
            {
                "query": {
                    "x1": 9.398403083030628,
                    "x2": 2.4559592759910758
                },
                "metrics": {
                    "outcome": 0.4012366597923194
                },
                "metadata": {
                    "trials": 1
                }
            }
        ]
    ],
    "best_results": [
        {
            "query": {
                "x1": 3.150627943852456,
                "x2": 2.268865725463311
            },
            "metrics": [
                {
                    "name": "outcome",
                    "value": 0.39828010893706534
                }
            ]
        }
    ]
}