{
    "date": "09/11/2022 19:14:06",
    "basic_params": {
        "active_variables": [
            "x1",
            "x2"
        ],
        "default_query": {},
        "metric": "basic",
        "n_trials": 1
    },
    "objective_function": {
        "name": "Beale",
        "params": {}
    },
    "optimizer": {
        "name": "BO-MCMC-2500",
        "params": {
            "lower_bound": [
                -4.5,
                -4.5
            ],
            "upper_bound": [
                4.5,
                4.5
            ],
            "invert_metric": false,
            "bopt_params": {
                "n_init_samples": 15,
                "n_iterations": 45,
                "n_iter_relearn": 5,
                "verbose_level": 0,
                "n_parallel_samples": 3,
                "par_type": "PAR_MCMC",
                "l_type": "L_MCMC",
                "burnout_mcmc_parallel": 2500,
                "crit_name": "cEI"
            }
        }
    },
    "execution_time": 238.73714303970337,
    "best_results": [
        {
            "query": {
                "x1": 3.002070117946963,
                "x2": 0.5001560230936573
            },
            "metrics": [
                {
                    "name": "outcome",
                    "value": 3.6278862484403306e-06
                }
            ]
        }
    ],
    "iterations": [
        [
            {
                "query": {
                    "x1": -2.646045350655913,
                    "x2": 1.490948360553011
                },
                "metrics": {
                    "outcome": 13.253045176937873
                },
                "metadata": {
                    "trials": 1
                }
            }
        ],
        [
            {
                "query": {
                    "x1": 0.22875252915546262,
                    "x2": -1.5194185459055007
                },
                "metrics": {
                    "outcome": 9.892686508976297
                },
                "metadata": {
                    "trials": 1
                }
            }
        ],
        [
            {
                "query": {
                    "x1": -3.2581273212097583,
                    "x2": 3.1212163937743753
                },
                "metrics": {
                    "outcome": 9401.114320183302
                },
                "metadata": {
                    "trials": 1
                }
            }
        ],
        [
            {
                "query": {
                    "x1": -4.04712758436799,
                    "x2": 2.1505913175176836
                },
                "metrics": {
                    "outcome": 1292.0594461640828
                },
                "metadata": {
                    "trials": 1
                }
            }
        ],
        [
            {
                "query": {
                    "x1": 1.869347243802622,
                    "x2": -2.361974693695083
                },
                "metrics": {
                    "outcome": 709.8641506513992
                },
                "metadata": {
                    "trials": 1
                }
            }
        ],
        [
            {
                "query": {
                    "x1": 1.244402784761042,
                    "x2": 0.5444818404503167
                },
                "metrics": {
                    "outcome": 5.261092609202447
                },
                "metadata": {
                    "trials": 1
                }
            }
        ],
        [
            {
                "query": {
                    "x1": 0.3805083854589606,
                    "x2": -4.212428954103961
                },
                "metrics": {
                    "outcome": 760.8788105536335
                },
                "metadata": {
                    "trials": 1
                }
            }
        ],
        [
            {
                "query": {
                    "x1": 2.7582699488382785,
                    "x2": -2.7409782604314383
                },
                "metrics": {
                    "outcome": 3727.869231831155
                },
                "metadata": {
                    "trials": 1
                }
            }
        ],
        [
            {
                "query": {
                    "x1": -0.9996479101013391,
                    "x2": 3.421788291726261
                },
                "metrics": {
                    "outcome": 1399.1656703812744
                },
                "metadata": {
                    "trials": 1
                }
            }
        ],
        [
            {
                "query": {
                    "x1": 4.3250611434225,
                    "x2": -0.47240922516211814
                },
                "metrics": {
                    "outcome": 29.58020936980656
                },
                "metadata": {
                    "trials": 1
                }
            }
        ],
        [
            {
                "query": {
                    "x1": -3.500318554462865,
                    "x2": -3.876239028107375
                },
                "metrics": {
                    "outcome": 46634.283573542845
                },
                "metadata": {
                    "trials": 1
                }
            }
        ],
        [
            {
                "query": {
                    "x1": -0.43477194551378506,
                    "x2": -0.19926904183812422
                },
                "metrics": {
                    "outcome": 20.584959674024702
                },
                "metadata": {
                    "trials": 1
                }
            }
        ],
        [
            {
                "query": {
                    "x1": 3.4709201033692807,
                    "x2": 3.9489772506058216
                },
                "metrics": {
                    "outcome": 48263.330296684006
                },
                "metadata": {
                    "trials": 1
                }
            }
        ],
        [
            {
                "query": {
                    "x1": 2.552653042925522,
                    "x2": -1.1551284906920043
                },
                "metrics": {
                    "outcome": 40.55724818865865
                },
                "metadata": {
                    "trials": 1
                }
            }
        ],
        [
            {
                "query": {
                    "x1": -1.9563028012868018,
                    "x2": 1.9462120999116443
                },
                "metrics": {
                    "outcome": 107.21369808215051
                },
                "metadata": {
                    "trials": 1
                }
            }
        ],
        [
            {
                "query": {
                    "x1": 2.4016493451431105,
                    "x2": 1.56623628246213
                },
                "metrics": {
                    "outcome": 130.44217894317381
                },
                "metadata": {
                    "trials": 1
                }
            },
            {
                "query": {
                    "x1": 2.4455834642989576,
                    "x2": 0.7484356839784088
                },
                "metrics": {
                    "outcome": 3.613184915102269
                },
                "metadata": {
                    "trials": 1
                }
            },
            {
                "query": {
                    "x1": 2.4556161916944337,
                    "x2": -1.614590271147232
                },
                "metrics": {
                    "outcome": 165.95788705837978
                },
                "metadata": {
                    "trials": 1
                }
            }
        ],
        [
            {
                "query": {
                    "x1": 0.13749148721912263,
                    "x2": -2.5572837660388386
                },
                "metrics": {
                    "outcome": 10.127420881212279
                },
                "metadata": {
                    "trials": 1
                }
            },
            {
                "query": {
                    "x1": 0.15827696291731108,
                    "x2": -0.8545427198729532
                },
                "metrics": {
                    "outcome": 11.934964290437335
                },
                "metadata": {
                    "trials": 1
                }
            },
            {
                "query": {
                    "x1": 0.16936377927786683,
                    "x2": 2.5053945120483316
                },
                "metrics": {
                    "outcome": 39.16825605637557
                },
                "metadata": {
                    "trials": 1
                }
            }
        ],
        [
            {
                "query": {
                    "x1": 2.4306135951779018,
                    "x2": 1.6186321915553963
                },
                "metrics": {
                    "outcome": 157.6005281166499
                },
                "metadata": {
                    "trials": 1
                }
            },
            {
                "query": {
                    "x1": 2.5821646831844767,
                    "x2": -1.6754201127670814
                },
                "metrics": {
                    "outcome": 223.5160372479496
                },
                "metadata": {
                    "trials": 1
                }
            },
            {
                "query": {
                    "x1": 2.575072430573612,
                    "x2": -3.590719057391528
                },
                "metrics": {
                    "outcome": 15387.8637152101
                },
                "metadata": {
                    "trials": 1
                }
            }
        ],
        [
            {
                "query": {
                    "x1": 2.6620855003961506,
                    "x2": 0.13790641219819388
                },
                "metrics": {
                    "outcome": 0.7635300139600388
                },
                "metadata": {
                    "trials": 1
                }
            },
            {
                "query": {
                    "x1": 2.6531430440402666,
                    "x2": 1.478158732695606
                },
                "metrics": {
                    "outcome": 109.70302755293622
                },
                "metadata": {
                    "trials": 1
                }
            },
            {
                "query": {
                    "x1": 2.6870905532111093,
                    "x2": 4.134646757657093
                },
                "metrics": {
                    "outcome": 38219.15769077582
                },
                "metadata": {
                    "trials": 1
                }
            }
        ],
        [
            {
                "query": {
                    "x1": 2.626585394388357,
                    "x2": -2.582129108896844
                },
                "metrics": {
                    "outcome": 2401.1302692167037
                },
                "metadata": {
                    "trials": 1
                }
            },
            {
                "query": {
                    "x1": 2.9824309433226732,
                    "x2": 2.2339197964055613
                },
                "metrics": {
                    "outcome": 1308.9142658434828
                },
                "metadata": {
                    "trials": 1
                }
            },
            {
                "query": {
                    "x1": 2.7798634524770955,
                    "x2": 1.8201402732234904
                },
                "metrics": {
                    "outcome": 365.43514228170096
                },
                "metadata": {
                    "trials": 1
                }
            }
        ],
        [
            {
                "query": {
                    "x1": -0.6326310318676405,
                    "x2": -2.1826534623377842
                },
                "metrics": {
                    "outcome": 109.10442550142365
                },
                "metadata": {
                    "trials": 1
                }
            },
            {
                "query": {
                    "x1": -0.00981167049187448,
                    "x2": -2.4428873253100116
                },
                "metrics": {
                    "outcome": 14.914474030112908
                },
                "metadata": {
                    "trials": 1
                }
            },
            {
                "query": {
                    "x1": -0.5522845762504618,
                    "x2": 2.137538724649815
                },
                "metrics": {
                    "outcome": 5.751211635102484
                },
                "metadata": {
                    "trials": 1
                }
            }
        ],
        [
            {
                "query": {
                    "x1": -1.8243927911905438,
                    "x2": 1.549356233012415
                },
                "metrics": {
                    "outcome": 5.7975236420081755
                },
                "metadata": {
                    "trials": 1
                }
            },
            {
                "query": {
                    "x1": 0.7944674241792091,
                    "x2": -2.1661296259427045
                },
                "metrics": {
                    "outcome": 66.88759775949535
                },
                "metadata": {
                    "trials": 1
                }
            },
            {
                "query": {
                    "x1": -0.522459401724098,
                    "x2": 1.5023377293250988
                },
                "metrics": {
                    "outcome": 5.96310675459005
                },
                "metadata": {
                    "trials": 1
                }
            }
        ],
        [
            {
                "query": {
                    "x1": 0.2310121522214219,
                    "x2": 1.9611049141740917
                },
                "metrics": {
                    "outcome": 28.527967250377916
                },
                "metadata": {
                    "trials": 1
                }
            },
            {
                "query": {
                    "x1": 0.42274877266625843,
                    "x2": 2.2623904510031627
                },
                "metrics": {
                    "outcome": 70.4404828684408
                },
                "metadata": {
                    "trials": 1
                }
            },
            {
                "query": {
                    "x1": 0.37823423832030745,
                    "x2": 1.7930481107173675
                },
                "metrics": {
                    "outcome": 32.37415743795938
                },
                "metadata": {
                    "trials": 1
                }
            }
        ],
        [
            {
                "query": {
                    "x1": -0.9204158706826973,
                    "x2": 1.6234049478559855
                },
                "metrics": {
                    "outcome": 1.566501049860975
                },
                "metadata": {
                    "trials": 1
                }
            },
            {
                "query": {
                    "x1": -0.1520640136480731,
                    "x2": 1.7876742955043667
                },
                "metrics": {
                    "outcome": 9.2181453698689
                },
                "metadata": {
                    "trials": 1
                }
            },
            {
                "query": {
                    "x1": -0.5730954652827465,
                    "x2": 1.625326244028276
                },
                "metrics": {
                    "outcome": 3.561044876321585
                },
                "metadata": {
                    "trials": 1
                }
            }
        ],
        [
            {
                "query": {
                    "x1": -1.1538906203227133,
                    "x2": 1.7604316147839523
                },
                "metrics": {
                    "outcome": 6.749930747837222
                },
                "metadata": {
                    "trials": 1
                }
            },
            {
                "query": {
                    "x1": -1.8510605457780307,
                    "x2": 1.7233970918419947
                },
                "metrics": {
                    "outcome": 26.965714684070484
                },
                "metadata": {
                    "trials": 1
                }
            },
            {
                "query": {
                    "x1": 0.5328159946350643,
                    "x2": -4.471965886727368
                },
                "metrics": {
                    "outcome": 2230.6998430941467
                },
                "metadata": {
                    "trials": 1
                }
            }
        ],
        [
            {
                "query": {
                    "x1": -1.5248669531884658,
                    "x2": 1.4253087651584133
                },
                "metrics": {
                    "outcome": 1.2538860918265433
                },
                "metadata": {
                    "trials": 1
                }
            },
            {
                "query": {
                    "x1": -1.3068303297957442,
                    "x2": 0.6743847935110319
                },
                "metrics": {
                    "outcome": 24.95207145736747
                },
                "metadata": {
                    "trials": 1
                }
            },
            {
                "query": {
                    "x1": -2.9671868577086267,
                    "x2": 0.6312753215777533
                },
                "metrics": {
                    "outcome": 46.48948808509246
                },
                "metadata": {
                    "trials": 1
                }
            }
        ],
        [
            {
                "query": {
                    "x1": -0.21851580403338922,
                    "x2": 2.1107815120912434
                },
                "metrics": {
                    "outcome": 4.437343325066273
                },
                "metadata": {
                    "trials": 1
                }
            },
            {
                "query": {
                    "x1": 2.7473586796031677,
                    "x2": 0.3326273759611311
                },
                "metrics": {
                    "outcome": 0.1490808026501996
                },
                "metadata": {
                    "trials": 1
                }
            },
            {
                "query": {
                    "x1": 0.058619924154649894,
                    "x2": 2.4135763732407396
                },
                "metrics": {
                    "outcome": 20.41682496849029
                },
                "metadata": {
                    "trials": 1
                }
            }
        ],
        [
            {
                "query": {
                    "x1": 0.4411171816812036,
                    "x2": -2.449502630337584
                },
                "metrics": {
                    "outcome": 38.33687014404795
                },
                "metadata": {
                    "trials": 1
                }
            },
            {
                "query": {
                    "x1": -0.9279874832599124,
                    "x2": -1.3466012656901905
                },
                "metrics": {
                    "outcome": 49.6211634445061
                },
                "metadata": {
                    "trials": 1
                }
            },
            {
                "query": {
                    "x1": -0.664704001013591,
                    "x2": 1.8252653600794364
                },
                "metrics": {
                    "outcome": 1.9615855771581916
                },
                "metadata": {
                    "trials": 1
                }
            }
        ],
        [
            {
                "query": {
                    "x1": -2.4952516129697404,
                    "x2": 1.3461761430029764
                },
                "metrics": {
                    "outcome": 1.3897093015041457
                },
                "metadata": {
                    "trials": 1
                }
            },
            {
                "query": {
                    "x1": 1.2496389456461223,
                    "x2": -0.9922604187632325
                },
                "metrics": {
                    "outcome": 5.979357751643924
                },
                "metadata": {
                    "trials": 1
                }
            },
            {
                "query": {
                    "x1": 1.3834682309251072,
                    "x2": -1.3807827227409533
                },
                "metrics": {
                    "outcome": 21.25935907278091
                },
                "metadata": {
                    "trials": 1
                }
            }
        ],
        [
            {
                "query": {
                    "x1": -1.7836611024357807,
                    "x2": 1.355112628757274
                },
                "metrics": {
                    "outcome": 1.3268601398125128
                },
                "metadata": {
                    "trials": 1
                }
            },
            {
                "query": {
                    "x1": -0.7220699995838817,
                    "x2": 1.9356707204739863
                },
                "metrics": {
                    "outcome": 4.3221128230701105
                },
                "metadata": {
                    "trials": 1
                }
            },
            {
                "query": {
                    "x1": -0.446128393148852,
                    "x2": 2.033080614626499
                },
                "metrics": {
                    "outcome": 2.2654266652023276
                },
                "metadata": {
                    "trials": 1
                }
            }
        ],
        [
            {
                "query": {
                    "x1": -1.8778813759444848,
                    "x2": 1.437691898901993
                },
                "metrics": {
                    "outcome": 1.681531793485123
                },
                "metadata": {
                    "trials": 1
                }
            },
            {
                "query": {
                    "x1": -1.926736253916625,
                    "x2": 1.4420408797446225
                },
                "metrics": {
                    "outcome": 1.9522267346776143
                },
                "metadata": {
                    "trials": 1
                }
            },
            {
                "query": {
                    "x1": 2.3142502607000734,
                    "x2": 0.48358020818115577
                },
                "metrics": {
                    "outcome": 0.6481247294494568
                },
                "metadata": {
                    "trials": 1
                }
            }
        ],
        [
            {
                "query": {
                    "x1": 2.597105734801815,
                    "x2": 0.35137015277997996
                },
                "metrics": {
                    "outcome": 0.05451943075568671
                },
                "metadata": {
                    "trials": 1
                }
            },
            {
                "query": {
                    "x1": 2.721884690035923,
                    "x2": 0.32922336750488945
                },
                "metrics": {
                    "outcome": 0.13741170420647977
                },
                "metadata": {
                    "trials": 1
                }
            },
            {
                "query": {
                    "x1": 2.6044104018660112,
                    "x2": 0.3934979633344904
                },
                "metrics": {
                    "outcome": 0.04085964713323333
                },
                "metadata": {
                    "trials": 1
                }
            }
        ],
        [
            {
                "query": {
                    "x1": 2.2009301282383484,
                    "x2": 0.10128293675344402
                },
                "metrics": {
                    "outcome": 0.415410190057047
                },
                "metadata": {
                    "trials": 1
                }
            },
            {
                "query": {
                    "x1": 2.7524435370023763,
                    "x2": 0.4311775081058311
                },
                "metrics": {
                    "outcome": 0.013081985793073922
                },
                "metadata": {
                    "trials": 1
                }
            },
            {
                "query": {
                    "x1": 0.20801810720033131,
                    "x2": -2.4983573561394463
                },
                "metrics": {
                    "outcome": 12.438360878348616
                },
                "metadata": {
                    "trials": 1
                }
            }
        ],
        [
            {
                "query": {
                    "x1": 2.355428568541967,
                    "x2": 0.2166937062953247
                },
                "metrics": {
                    "outcome": 0.20523161275005775
                },
                "metadata": {
                    "trials": 1
                }
            },
            {
                "query": {
                    "x1": -0.019964499191495122,
                    "x2": -2.516521006173578
                },
                "metrics": {
                    "outcome": 15.84044382798853
                },
                "metadata": {
                    "trials": 1
                }
            },
            {
                "query": {
                    "x1": 2.377631856914215,
                    "x2": 0.22540782144458404
                },
                "metrics": {
                    "outcome": 0.19220639008308882
                },
                "metadata": {
                    "trials": 1
                }
            }
        ],
        [
            {
                "query": {
                    "x1": 2.713772675458812,
                    "x2": 0.41588896458160196
                },
                "metrics": {
                    "outcome": 0.01861033198590774
                },
                "metadata": {
                    "trials": 1
                }
            },
            {
                "query": {
                    "x1": 2.7120140538251576,
                    "x2": 0.4066808476123116
                },
                "metrics": {
                    "outcome": 0.021182945514624758
                },
                "metadata": {
                    "trials": 1
                }
            },
            {
                "query": {
                    "x1": 2.7132131030950415,
                    "x2": 0.44124928912515227
                },
                "metrics": {
                    "outcome": 0.02547930936758125
                },
                "metadata": {
                    "trials": 1
                }
            }
        ],
        [
            {
                "query": {
                    "x1": 2.8094463646695234,
                    "x2": 0.44206437356978956
                },
                "metrics": {
                    "outcome": 0.00805751881459308
                },
                "metadata": {
                    "trials": 1
                }
            },
            {
                "query": {
                    "x1": 2.8340158179168684,
                    "x2": 0.44967663021751214
                },
                "metrics": {
                    "outcome": 0.0060446082475432514
                },
                "metadata": {
                    "trials": 1
                }
            },
            {
                "query": {
                    "x1": 2.7966167431254263,
                    "x2": 0.467551551432666
                },
                "metrics": {
                    "outcome": 0.017357296658836202
                },
                "metadata": {
                    "trials": 1
                }
            }
        ],
        [
            {
                "query": {
                    "x1": 2.828937910388415,
                    "x2": 0.4564456868743241
                },
                "metrics": {
                    "outcome": 0.005765278076476335
                },
                "metadata": {
                    "trials": 1
                }
            },
            {
                "query": {
                    "x1": 2.854692448707114,
                    "x2": 0.45793422263473715
                },
                "metrics": {
                    "outcome": 0.004261715737064142
                },
                "metadata": {
                    "trials": 1
                }
            },
            {
                "query": {
                    "x1": 2.8785449487376145,
                    "x2": 0.45117046175235576
                },
                "metrics": {
                    "outcome": 0.008304908712750319
                },
                "metadata": {
                    "trials": 1
                }
            }
        ],
        [
            {
                "query": {
                    "x1": 2.9452989492606,
                    "x2": 0.498895824772819
                },
                "metrics": {
                    "outcome": 0.004071711974147563
                },
                "metadata": {
                    "trials": 1
                }
            },
            {
                "query": {
                    "x1": 2.8629932564183544,
                    "x2": 0.4621607009846507
                },
                "metrics": {
                    "outcome": 0.003579981490392641
                },
                "metadata": {
                    "trials": 1
                }
            },
            {
                "query": {
                    "x1": 2.9172953048818036,
                    "x2": 0.4707023043084613
                },
                "metrics": {
                    "outcome": 0.0025274728992338833
                },
                "metadata": {
                    "trials": 1
                }
            }
        ],
        [
            {
                "query": {
                    "x1": 2.8910875376294944,
                    "x2": 0.47496735445428406
                },
                "metrics": {
                    "outcome": 0.0023536904410599016
                },
                "metadata": {
                    "trials": 1
                }
            },
            {
                "query": {
                    "x1": 2.967999345463566,
                    "x2": 0.49118019806630375
                },
                "metrics": {
                    "outcome": 0.00018325274097859645
                },
                "metadata": {
                    "trials": 1
                }
            },
            {
                "query": {
                    "x1": 2.907975274947254,
                    "x2": 0.48911515045972376
                },
                "metrics": {
                    "outcome": 0.004910975617770009
                },
                "metadata": {
                    "trials": 1
                }
            }
        ],
        [
            {
                "query": {
                    "x1": 2.9601627770209324,
                    "x2": 0.48578785399761415
                },
                "metrics": {
                    "outcome": 0.0006427100404570975
                },
                "metadata": {
                    "trials": 1
                }
            },
            {
                "query": {
                    "x1": 2.9447879081119694,
                    "x2": 0.4756354253612187
                },
                "metrics": {
                    "outcome": 0.002774553366962226
                },
                "metadata": {
                    "trials": 1
                }
            },
            {
                "query": {
                    "x1": 2.9819829095000108,
                    "x2": 0.48828399118403176
                },
                "metrics": {
                    "outcome": 0.0012105039641406733
                },
                "metadata": {
                    "trials": 1
                }
            }
        ],
        [
            {
                "query": {
                    "x1": 3.071221602637638,
                    "x2": 0.5064435105727787
                },
                "metrics": {
                    "outcome": 0.0036083593452538804
                },
                "metadata": {
                    "trials": 1
                }
            },
            {
                "query": {
                    "x1": 3.0015760828799722,
                    "x2": 0.49025227361968327
                },
                "metrics": {
                    "outcome": 0.0023364616143538497
                },
                "metadata": {
                    "trials": 1
                }
            },
            {
                "query": {
                    "x1": 2.951816113188822,
                    "x2": 0.48648918774101535
                },
                "metrics": {
                    "outcome": 0.00042990118065720047
                },
                "metadata": {
                    "trials": 1
                }
            }
        ],
        [
            {
                "query": {
                    "x1": 3.4026558592684983,
                    "x2": 0.5298524061889474
                },
                "metrics": {
                    "outcome": 0.12262305251209922
                },
                "metadata": {
                    "trials": 1
                }
            },
            {
                "query": {
                    "x1": 3.3851835844976437,
                    "x2": 0.48916395353669895
                },
                "metrics": {
                    "outcome": 0.29076683884387544
                },
                "metadata": {
                    "trials": 1
                }
            },
            {
                "query": {
                    "x1": 3.279687112660927,
                    "x2": 0.48955918818953226
                },
                "metrics": {
                    "outcome": 0.1625043623416763
                },
                "metadata": {
                    "trials": 1
                }
            }
        ],
        [
            {
                "query": {
                    "x1": 3.111976123964662,
                    "x2": 0.5246646251946911
                },
                "metrics": {
                    "outcome": 0.001867931762557483
                },
                "metadata": {
                    "trials": 1
                }
            },
            {
                "query": {
                    "x1": 3.2432592659844293,
                    "x2": 0.5484940160800038
                },
                "metrics": {
                    "outcome": 0.008481141567597635
                },
                "metadata": {
                    "trials": 1
                }
            },
            {
                "query": {
                    "x1": 3.167298908544555,
                    "x2": 0.5312429992544176
                },
                "metrics": {
                    "outcome": 0.005330638527885366
                },
                "metadata": {
                    "trials": 1
                }
            }
        ],
        [
            {
                "query": {
                    "x1": 3.0514267486144124,
                    "x2": 0.5167766536483569
                },
                "metrics": {
                    "outcome": 0.0008590512526137729
                },
                "metadata": {
                    "trials": 1
                }
            },
            {
                "query": {
                    "x1": 3.0299341034320726,
                    "x2": 0.509229751746056
                },
                "metrics": {
                    "outcome": 0.00022560478209896807
                },
                "metadata": {
                    "trials": 1
                }
            },
            {
                "query": {
                    "x1": 3.0450290547661796,
                    "x2": 0.5077957614346342
                },
                "metrics": {
                    "outcome": 0.000552931221551543
                },
                "metadata": {
                    "trials": 1
                }
            }
        ],
        [
            {
                "query": {
                    "x1": 3.0225161041623574,
                    "x2": 0.5012702142503169
                },
                "metrics": {
                    "outcome": 0.0005078962588540806
                },
                "metadata": {
                    "trials": 1
                }
            },
            {
                "query": {
                    "x1": 2.99296589316154,
                    "x2": 0.5054752872709827
                },
                "metrics": {
                    "outcome": 0.0012145956638543445
                },
                "metadata": {
                    "trials": 1
                }
            },
            {
                "query": {
                    "x1": 2.960739049500747,
                    "x2": 0.49376638982759946
                },
                "metrics": {
                    "outcome": 0.0005524841460480786
                },
                "metadata": {
                    "trials": 1
                }
            }
        ],
        [
            {
                "query": {
                    "x1": 3.004895385402957,
                    "x2": 0.5017350791472355
                },
                "metrics": {
                    "outcome": 1.0186607391353512e-05
                },
                "metadata": {
                    "trials": 1
                }
            },
            {
                "query": {
                    "x1": 2.9840462849214466,
                    "x2": 0.49774269312783836
                },
                "metrics": {
                    "outcome": 0.00010879662918554137
                },
                "metadata": {
                    "trials": 1
                }
            },
            {
                "query": {
                    "x1": 2.9781858726390533,
                    "x2": 0.4942637203057494
                },
                "metrics": {
                    "outcome": 7.977111788559082e-05
                },
                "metadata": {
                    "trials": 1
                }
            }
        ],
        [
            {
                "query": {
                    "x1": 2.989080118528502,
                    "x2": 0.4987065466670533
                },
                "metrics": {
                    "outcome": 6.566909565708063e-05
                },
                "metadata": {
                    "trials": 1
                }
            },
            {
                "query": {
                    "x1": 3.022076672395455,
                    "x2": 0.5072415590665447
                },
                "metrics": {
                    "outcome": 0.00015483244984161988
                },
                "metadata": {
                    "trials": 1
                }
            },
            {
                "query": {
                    "x1": 3.0581215357462694,
                    "x2": 0.5099074657181717
                },
                "metrics": {
                    "outcome": 0.0009364932077858448
                },
                "metadata": {
                    "trials": 1
                }
            }
        ],
        [
            {
                "query": {
                    "x1": 2.963581153711438,
                    "x2": 0.48815491740477945
                },
                "metrics": {
                    "outcome": 0.0003777101484490633
                },
                "metadata": {
                    "trials": 1
                }
            },
            {
                "query": {
                    "x1": 3.015212520206826,
                    "x2": 0.5040363029729171
                },
                "metrics": {
                    "outcome": 3.837340041989771e-05
                },
                "metadata": {
                    "trials": 1
                }
            },
            {
                "query": {
                    "x1": 3.03881027408078,
                    "x2": 0.5056385281310689
                },
                "metrics": {
                    "outcome": 0.0005856469168485215
                },
                "metadata": {
                    "trials": 1
                }
            }
        ],
        [
            {
                "query": {
                    "x1": 3.0693146481186906,
                    "x2": 0.5153481974520933
                },
                "metrics": {
                    "outcome": 0.0007590606071313342
                },
                "metadata": {
                    "trials": 1
                }
            },
            {
                "query": {
                    "x1": 2.979023268514304,
                    "x2": 0.49610541379127504
                },
                "metrics": {
                    "outcome": 0.00011316845485854635
                },
                "metadata": {
                    "trials": 1
                }
            },
            {
                "query": {
                    "x1": 2.9917354577699165,
                    "x2": 0.4945589127285386
                },
                "metrics": {
                    "outcome": 0.0002708250177023635
                },
                "metadata": {
                    "trials": 1
                }
            }
        ],
        [
            {
                "query": {
                    "x1": 3.0133901061886395,
                    "x2": 0.5015007654984158
                },
                "metrics": {
                    "outcome": 0.00010424659649531742
                },
                "metadata": {
                    "trials": 1
                }
            },
            {
                "query": {
                    "x1": 2.976774550713544,
                    "x2": 0.49601375991457175
                },
                "metrics": {
                    "outcome": 0.00016352590680583802
                },
                "metadata": {
                    "trials": 1
                }
            },
            {
                "query": {
                    "x1": 2.9470736334260375,
                    "x2": 0.48757551599533056
                },
                "metrics": {
                    "outcome": 0.0004968069371609676
                },
                "metadata": {
                    "trials": 1
                }
            }
        ],
        [
            {
                "query": {
                    "x1": 2.9998194037509034,
                    "x2": 0.4948762105565443
                },
                "metrics": {
                    "outcome": 0.0005898038073474991
                },
                "metadata": {
                    "trials": 1
                }
            },
            {
                "query": {
                    "x1": 3.002070117946963,
                    "x2": 0.5001560230936573
                },
                "metrics": {
                    "outcome": 3.6278862484403306e-06
                },
                "metadata": {
                    "trials": 1
                }
            },
            {
                "query": {
                    "x1": 3.0509553084515915,
                    "x2": 0.5153668152780728
                },
                "metrics": {
                    "outcome": 0.0006157474567060937
                },
                "metadata": {
                    "trials": 1
                }
            }
        ],
        [
            {
                "query": {
                    "x1": 3.0227363401579703,
                    "x2": 0.5051618835977258
                },
                "metrics": {
                    "outcome": 8.494522261434797e-05
                },
                "metadata": {
                    "trials": 1
                }
            },
            {
                "query": {
                    "x1": 3.0167907654244246,
                    "x2": 0.502587254628633
                },
                "metrics": {
                    "outcome": 0.0001006541117162045
                },
                "metadata": {
                    "trials": 1
                }
            },
            {
                "query": {
                    "x1": 2.9918514069367887,
                    "x2": 0.4988706399740561
                },
                "metrics": {
                    "outcome": 2.91459452583553e-05
                },
                "metadata": {
                    "trials": 1
                }
            }
        ],
        [
            {
                "query": {
                    "x1": 2.9790763858393214,
                    "x2": 0.4977107207362419
                },
                "metrics": {
                    "outcome": 0.0002669449249621159
                },
                "metadata": {
                    "trials": 1
                }
            },
            {
                "query": {
                    "x1": 2.9710608697604064,
                    "x2": 0.48990052648133986
                },
                "metrics": {
                    "outcome": 0.0003160495685104563
                },
                "metadata": {
                    "trials": 1
                }
            },
            {
                "query": {
                    "x1": 2.9657280518928824,
                    "x2": 0.4889964798608526
                },
                "metrics": {
                    "outcome": 0.0003199146808189735
                },
                "metadata": {
                    "trials": 1
                }
            }
        ],
        [
            {
                "query": {
                    "x1": 3.024456555940935,
                    "x2": 0.502742397194706
                },
                "metrics": {
                    "outcome": 0.0003453445065170648
                },
                "metadata": {
                    "trials": 1
                }
            },
            {
                "query": {
                    "x1": 2.9805578901747145,
                    "x2": 0.495176664531078
                },
                "metrics": {
                    "outcome": 6.185744892526835e-05
                },
                "metadata": {
                    "trials": 1
                }
            },
            {
                "query": {
                    "x1": 3.0098633863886786,
                    "x2": 0.5053739602694343
                },
                "metrics": {
                    "outcome": 0.00021817284773916588
                },
                "metadata": {
                    "trials": 1
                }
            }
        ],
        [
            {
                "query": {
                    "x1": 2.9639285274475515,
                    "x2": 0.49323222935286726
                },
                "metrics": {
                    "outcome": 0.00033452094750423495
                },
                "metadata": {
                    "trials": 1
                }
            },
            {
                "query": {
                    "x1": 2.9941637328169977,
                    "x2": 0.4983439895935806
                },
                "metrics": {
                    "outcome": 6.451560724971424e-06
                },
                "metadata": {
                    "trials": 1
                }
            },
            {
                "query": {
                    "x1": 2.9794360354651213,
                    "x2": 0.49591602999579365
                },
                "metrics": {
                    "outcome": 9.443496374850026e-05
                },
                "metadata": {
                    "trials": 1
                }
            }
        ],
        [
            {
                "query": {
                    "x1": 3.035022077747618,
                    "x2": 0.5118098010965255
                },
                "metrics": {
                    "outcome": 0.0004458036134953988
                },
                "metadata": {
                    "trials": 1
                }
            },
            {
                "query": {
                    "x1": 3.0327385059081555,
                    "x2": 0.5062426941890603
                },
                "metrics": {
                    "outcome": 0.00024045497716994145
                },
                "metadata": {
                    "trials": 1
                }
            },
            {
                "query": {
                    "x1": 3.058861868384903,
                    "x2": 0.5165050301610714
                },
                "metrics": {
                    "outcome": 0.0006479533561642149
                },
                "metadata": {
                    "trials": 1
                }
            }
        ],
        [
            {
                "query": {
                    "x1": 2.9790114144642414,
                    "x2": 0.4985060598404534
                },
                "metrics": {
                    "outcome": 0.000390279329957998
                },
                "metadata": {
                    "trials": 1
                }
            },
            {
                "query": {
                    "x1": 2.9666196307292,
                    "x2": 0.4927822537611535
                },
                "metrics": {
                    "outcome": 0.0002155737495023463
                },
                "metadata": {
                    "trials": 1
                }
            },
            {
                "query": {
                    "x1": 3.0739357835097403,
                    "x2": 0.5155589573934307
                },
                "metrics": {
                    "outcome": 0.0009323119370916599
                },
                "metadata": {
                    "trials": 1
                }
            }
        ],
        [
            {
                "query": {
                    "x1": 2.999839527284835,
                    "x2": 0.5011588781513492
                },
                "metrics": {
                    "outcome": 3.319939922721894e-05
                },
                "metadata": {
                    "trials": 1
                }
            },
            {
                "query": {
                    "x1": 3.0199952384170734,
                    "x2": 0.5068943605226357
                },
                "metrics": {
                    "outcome": 0.00015553015769136707
                },
                "metadata": {
                    "trials": 1
                }
            },
            {
                "query": {
                    "x1": 2.989656474520519,
                    "x2": 0.4972643654523372
                },
                "metrics": {
                    "outcome": 1.79032473374887e-05
                },
                "metadata": {
                    "trials": 1
                }
            }
        ],
        [
            {
                "query": {
                    "x1": 2.998246635734276,
                    "x2": 0.5017809189992057
                },
                "metrics": {
                    "outcome": 0.00011389175119814417
                },
                "metadata": {
                    "trials": 1
                }
            },
            {
                "query": {
                    "x1": 2.995344424451085,
                    "x2": 0.5002035496067077
                },
                "metrics": {
                    "outcome": 4.598198325710011e-05
                },
                "metadata": {
                    "trials": 1
                }
            },
            {
                "query": {
                    "x1": 2.9799752849539436,
                    "x2": 0.49578131161637273
                },
                "metrics": {
                    "outcome": 7.958549520610337e-05
                },
                "metadata": {
                    "trials": 1
                }
            }
        ],
        [
            {
                "query": {
                    "x1": 2.967136433597476,
                    "x2": 0.49151337372318427
                },
                "metrics": {
                    "outcome": 0.00018045865104346847
                },
                "metadata": {
                    "trials": 1
                }
            },
            {
                "query": {
                    "x1": 3.0511953678204105,
                    "x2": 0.511773705913777
                },
                "metrics": {
                    "outcome": 0.0004071403369174031
                },
                "metadata": {
                    "trials": 1
                }
            },
            {
                "query": {
                    "x1": 2.958932684223753,
                    "x2": 0.4930964833300653
                },
                "metrics": {
                    "outcome": 0.0005442115700816982
                },
                "metadata": {
                    "trials": 1
                }
            }
        ]
    ]
}