{
    "date": "04/11/2022 13:59:23",
    "basic_params": {
        "active_variables": [
            "x1",
            "x2"
        ],
        "default_query": {},
        "metric": "basic",
        "n_trials": 1
    },
    "objective_function": {
        "name": "Goldstein",
        "params": {}
    },
    "optimizer": {
        "name": "BBO-LP(LCB)",
        "params": {
            "lower_bound": [
                -2.0,
                -2.0
            ],
            "upper_bound": [
                2.0,
                2.0
            ],
            "invert_metric": false,
            "bopt_params": {
                "n_init_samples": 15,
                "n_iterations": 45,
                "n_iter_relearn": 5,
                "verbose_level": 1,
                "n_parallel_samples": 3,
                "par_type": "PAR_BBO",
                "crit_name": "cLP(cLCB)",
                "n_crit_params": 3,
                "crit_params": [
                    3,
                    1,
                    1.0
                ]
            }
        }
    },
    "iterations": [
        [
            {
                "query": {
                    "x1": -1.855343883795043,
                    "x2": -0.5820158580318093
                },
                "metrics": {
                    "outcome": 39180.819744908884
                },
                "metadata": {
                    "trials": 1
                }
            }
        ],
        [
            {
                "query": {
                    "x1": -1.7014914246896904,
                    "x2": -1.5071662700424593
                },
                "metrics": {
                    "outcome": 16141.138131797812
                },
                "metadata": {
                    "trials": 1
                }
            }
        ],
        [
            {
                "query": {
                    "x1": -1.0995142669727405,
                    "x2": -0.2938451452801625
                },
                "metrics": {
                    "outcome": 839.967073078494
                },
                "metadata": {
                    "trials": 1
                }
            }
        ],
        [
            {
                "query": {
                    "x1": -1.375673900730908,
                    "x2": -1.3836384653424223
                },
                "metrics": {
                    "outcome": 8228.81859981806
                },
                "metadata": {
                    "trials": 1
                }
            }
        ],
        [
            {
                "query": {
                    "x1": 1.1430926992868384,
                    "x2": 1.4494159967948992
                },
                "metrics": {
                    "outcome": 11445.754140987563
                },
                "metadata": {
                    "trials": 1
                }
            }
        ],
        [
            {
                "query": {
                    "x1": -0.3214221730207403,
                    "x2": 0.43983000069856626
                },
                "metrics": {
                    "outcome": 6020.642685808897
                },
                "metadata": {
                    "trials": 1
                }
            }
        ],
        [
            {
                "query": {
                    "x1": -0.44965099369486183,
                    "x2": 0.07248050527026262
                },
                "metrics": {
                    "outcome": 840.3664765155264
                },
                "metadata": {
                    "trials": 1
                }
            }
        ],
        [
            {
                "query": {
                    "x1": 0.8736054596801597,
                    "x2": -1.9746408905833959
                },
                "metrics": {
                    "outcome": 5908.074032273838
                },
                "metadata": {
                    "trials": 1
                }
            }
        ],
        [
            {
                "query": {
                    "x1": 1.511006198513011,
                    "x2": 0.8366218050941825
                },
                "metrics": {
                    "outcome": 1012.5620483324701
                },
                "metadata": {
                    "trials": 1
                }
            }
        ],
        [
            {
                "query": {
                    "x1": 0.3172431107610465,
                    "x2": 1.7981103561818599
                },
                "metrics": {
                    "outcome": 104667.90614685377
                },
                "metadata": {
                    "trials": 1
                }
            }
        ],
        [
            {
                "query": {
                    "x1": 1.8306334758798282,
                    "x2": -0.925538564659655
                },
                "metrics": {
                    "outcome": 54602.001906363206
                },
                "metadata": {
                    "trials": 1
                }
            }
        ],
        [
            {
                "query": {
                    "x1": -0.7730515858158469,
                    "x2": 1.036444427507619
                },
                "metrics": {
                    "outcome": 88754.58431352711
                },
                "metadata": {
                    "trials": 1
                }
            }
        ],
        [
            {
                "query": {
                    "x1": 0.49373243624965335,
                    "x2": 0.32951658933113004
                },
                "metrics": {
                    "outcome": 978.1791811444697
                },
                "metadata": {
                    "trials": 1
                }
            }
        ],
        [
            {
                "query": {
                    "x1": 1.2342076958467563,
                    "x2": -1.0727940818915764
                },
                "metrics": {
                    "outcome": 19117.67460844754
                },
                "metadata": {
                    "trials": 1
                }
            }
        ],
        [
            {
                "query": {
                    "x1": -0.028078964973489384,
                    "x2": 1.4768069523697096
                },
                "metrics": {
                    "outcome": 94843.72229888251
                },
                "metadata": {
                    "trials": 1
                }
            }
        ],
        [
            {
                "query": {
                    "x1": 0.0,
                    "x2": 0.0
                },
                "metrics": {
                    "outcome": 600.0
                },
                "metadata": {
                    "trials": 1
                }
            },
            {
                "query": {
                    "x1": 0.0,
                    "x2": 0.0
                },
                "metrics": {
                    "outcome": 600.0
                },
                "metadata": {
                    "trials": 1
                }
            },
            {
                "query": {
                    "x1": 0.0,
                    "x2": 0.0
                },
                "metrics": {
                    "outcome": 600.0
                },
                "metadata": {
                    "trials": 1
                }
            }
        ],
        [
            {
                "query": {
                    "x1": -0.7407407407407407,
                    "x2": -0.8888888888888888
                },
                "metrics": {
                    "outcome": 716.7457216820455
                },
                "metadata": {
                    "trials": 1
                }
            },
            {
                "query": {
                    "x1": -0.7407407407407407,
                    "x2": -0.8888888888888888
                },
                "metrics": {
                    "outcome": 716.7457216820455
                },
                "metadata": {
                    "trials": 1
                }
            },
            {
                "query": {
                    "x1": -0.7407407407407407,
                    "x2": -0.8888888888888888
                },
                "metrics": {
                    "outcome": 716.7457216820455
                },
                "metadata": {
                    "trials": 1
                }
            }
        ],
        [
            {
                "query": {
                    "x1": 1.812700884777731,
                    "x2": 1.361156685492333
                },
                "metrics": {
                    "outcome": 2990.9735967731995
                },
                "metadata": {
                    "trials": 1
                }
            },
            {
                "query": {
                    "x1": 1.812700884777731,
                    "x2": 1.361156685492333
                },
                "metrics": {
                    "outcome": 2990.9735967731995
                },
                "metadata": {
                    "trials": 1
                }
            },
            {
                "query": {
                    "x1": 1.812700884777731,
                    "x2": 1.361156685492333
                },
                "metrics": {
                    "outcome": 2990.9735967731995
                },
                "metadata": {
                    "trials": 1
                }
            }
        ],
        [
            {
                "query": {
                    "x1": -0.044536613152867055,
                    "x2": 0.04588049553173201
                },
                "metrics": {
                    "outcome": 623.3946956891334
                },
                "metadata": {
                    "trials": 1
                }
            },
            {
                "query": {
                    "x1": -0.04481586382918157,
                    "x2": 0.04543205811281892
                },
                "metrics": {
                    "outcome": 622.6822589868258
                },
                "metadata": {
                    "trials": 1
                }
            },
            {
                "query": {
                    "x1": -0.0032435829928509907,
                    "x2": 0.02828094432919448
                },
                "metrics": {
                    "outcome": 621.2581403989583
                },
                "metadata": {
                    "trials": 1
                }
            }
        ],
        [
            {
                "query": {
                    "x1": 0.44444444444444464,
                    "x2": 0.0
                },
                "metrics": {
                    "outcome": 1007.2580156802187
                },
                "metadata": {
                    "trials": 1
                }
            },
            {
                "query": {
                    "x1": 0.44444444444444464,
                    "x2": 0.0
                },
                "metrics": {
                    "outcome": 1007.2580156802187
                },
                "metadata": {
                    "trials": 1
                }
            },
            {
                "query": {
                    "x1": 0.44444444444444464,
                    "x2": 0.0
                },
                "metrics": {
                    "outcome": 1007.2580156802187
                },
                "metadata": {
                    "trials": 1
                }
            }
        ],
        [
            {
                "query": {
                    "x1": -0.4444444444444444,
                    "x2": -1.3333333333333333
                },
                "metrics": {
                    "outcome": 115.57942859341367
                },
                "metadata": {
                    "trials": 1
                }
            },
            {
                "query": {
                    "x1": -0.4444444444444444,
                    "x2": -1.3333333333333333
                },
                "metrics": {
                    "outcome": 115.57942859341367
                },
                "metadata": {
                    "trials": 1
                }
            },
            {
                "query": {
                    "x1": -0.4444444444444444,
                    "x2": -1.3333333333333333
                },
                "metrics": {
                    "outcome": 115.57942859341367
                },
                "metadata": {
                    "trials": 1
                }
            }
        ],
        [
            {
                "query": {
                    "x1": -0.4444444444444444,
                    "x2": -0.8888888888888888
                },
                "metrics": {
                    "outcome": 155.74902199867904
                },
                "metadata": {
                    "trials": 1
                }
            },
            {
                "query": {
                    "x1": -0.4444444444444444,
                    "x2": -0.8888888888888888
                },
                "metrics": {
                    "outcome": 155.74902199867904
                },
                "metadata": {
                    "trials": 1
                }
            },
            {
                "query": {
                    "x1": -0.4444444444444444,
                    "x2": -0.8888888888888888
                },
                "metrics": {
                    "outcome": 155.74902199867904
                },
                "metadata": {
                    "trials": 1
                }
            }
        ],
        [
            {
                "query": {
                    "x1": -0.4444444444444444,
                    "x2": -0.4444444444444444
                },
                "metrics": {
                    "outcome": 45.73874511835641
                },
                "metadata": {
                    "trials": 1
                }
            },
            {
                "query": {
                    "x1": -0.4444444444444444,
                    "x2": -0.4444444444444444
                },
                "metrics": {
                    "outcome": 45.73874511835641
                },
                "metadata": {
                    "trials": 1
                }
            },
            {
                "query": {
                    "x1": -0.4444444444444444,
                    "x2": -0.4444444444444444
                },
                "metrics": {
                    "outcome": 45.73874511835641
                },
                "metadata": {
                    "trials": 1
                }
            }
        ],
        [
            {
                "query": {
                    "x1": -0.5925925925925926,
                    "x2": -0.2962962962962963
                },
                "metrics": {
                    "outcome": 45.38667287676673
                },
                "metadata": {
                    "trials": 1
                }
            },
            {
                "query": {
                    "x1": -0.5925925925925926,
                    "x2": -0.2962962962962963
                },
                "metrics": {
                    "outcome": 45.38667287676673
                },
                "metadata": {
                    "trials": 1
                }
            },
            {
                "query": {
                    "x1": -0.5925925925925926,
                    "x2": -0.2962962962962963
                },
                "metrics": {
                    "outcome": 45.38667287676673
                },
                "metadata": {
                    "trials": 1
                }
            }
        ],
        [
            {
                "query": {
                    "x1": -0.8888888888888888,
                    "x2": -0.2962962962962963
                },
                "metrics": {
                    "outcome": 135.5974314306334
                },
                "metadata": {
                    "trials": 1
                }
            },
            {
                "query": {
                    "x1": -0.8888888888888888,
                    "x2": -0.2962962962962963
                },
                "metrics": {
                    "outcome": 135.5974314306334
                },
                "metadata": {
                    "trials": 1
                }
            },
            {
                "query": {
                    "x1": -0.8888888888888888,
                    "x2": -0.2962962962962963
                },
                "metrics": {
                    "outcome": 135.5974314306334
                },
                "metadata": {
                    "trials": 1
                }
            }
        ],
        [
            {
                "query": {
                    "x1": -0.21031134802594398,
                    "x2": 0.22323436606549452
                },
                "metrics": {
                    "outcome": 1551.159712811919
                },
                "metadata": {
                    "trials": 1
                }
            },
            {
                "query": {
                    "x1": -0.21031134802594398,
                    "x2": 0.22323436606549452
                },
                "metrics": {
                    "outcome": 1551.159712811919
                },
                "metadata": {
                    "trials": 1
                }
            },
            {
                "query": {
                    "x1": -0.21031134802594398,
                    "x2": 0.22323436606549452
                },
                "metrics": {
                    "outcome": 1551.159712811919
                },
                "metadata": {
                    "trials": 1
                }
            }
        ],
        [
            {
                "query": {
                    "x1": -0.4239333251313797,
                    "x2": -0.24558358347433695
                },
                "metrics": {
                    "outcome": 128.41188349031606
                },
                "metadata": {
                    "trials": 1
                }
            },
            {
                "query": {
                    "x1": -0.4239333251313797,
                    "x2": -0.24558358347433695
                },
                "metrics": {
                    "outcome": 128.41188349031606
                },
                "metadata": {
                    "trials": 1
                }
            },
            {
                "query": {
                    "x1": -0.4239333251313797,
                    "x2": -0.24558358347433695
                },
                "metrics": {
                    "outcome": 128.41188349031606
                },
                "metadata": {
                    "trials": 1
                }
            }
        ],
        [
            {
                "query": {
                    "x1": -0.5308214665068867,
                    "x2": -0.3780348953098349
                },
                "metrics": {
                    "outcome": 38.63731440568395
                },
                "metadata": {
                    "trials": 1
                }
            },
            {
                "query": {
                    "x1": -0.5308214665068867,
                    "x2": -0.3780348953098349
                },
                "metrics": {
                    "outcome": 38.63731440568395
                },
                "metadata": {
                    "trials": 1
                }
            },
            {
                "query": {
                    "x1": -0.5308214665068867,
                    "x2": -0.3780348953098349
                },
                "metrics": {
                    "outcome": 38.63731440568395
                },
                "metadata": {
                    "trials": 1
                }
            }
        ],
        [
            {
                "query": {
                    "x1": -0.6246702971870959,
                    "x2": -1.4503698589880205
                },
                "metrics": {
                    "outcome": 242.5577405542072
                },
                "metadata": {
                    "trials": 1
                }
            },
            {
                "query": {
                    "x1": -0.6246702971870959,
                    "x2": -1.4503698589880205
                },
                "metrics": {
                    "outcome": 242.5577405542072
                },
                "metadata": {
                    "trials": 1
                }
            },
            {
                "query": {
                    "x1": -0.6246702971870959,
                    "x2": -1.4503698589880205
                },
                "metrics": {
                    "outcome": 242.5577405542072
                },
                "metadata": {
                    "trials": 1
                }
            }
        ],
        [
            {
                "query": {
                    "x1": -0.5469131086672792,
                    "x2": -0.31643999086480923
                },
                "metrics": {
                    "outcome": 49.356832102586644
                },
                "metadata": {
                    "trials": 1
                }
            },
            {
                "query": {
                    "x1": -0.5469131086672792,
                    "x2": -0.31643999086480923
                },
                "metrics": {
                    "outcome": 49.356832102586644
                },
                "metadata": {
                    "trials": 1
                }
            },
            {
                "query": {
                    "x1": -0.5469131086672792,
                    "x2": -0.31643999086480923
                },
                "metrics": {
                    "outcome": 49.356832102586644
                },
                "metadata": {
                    "trials": 1
                }
            }
        ],
        [
            {
                "query": {
                    "x1": -0.9721855553831866,
                    "x2": -0.2441669617518114
                },
                "metrics": {
                    "outcome": 264.4810735211095
                },
                "metadata": {
                    "trials": 1
                }
            },
            {
                "query": {
                    "x1": -0.9721855553831866,
                    "x2": -0.2441669617518114
                },
                "metrics": {
                    "outcome": 264.4810735211095
                },
                "metadata": {
                    "trials": 1
                }
            },
            {
                "query": {
                    "x1": -0.9721855553831866,
                    "x2": -0.2441669617518114
                },
                "metrics": {
                    "outcome": 264.4810735211095
                },
                "metadata": {
                    "trials": 1
                }
            }
        ],
        [
            {
                "query": {
                    "x1": -0.5622913763861361,
                    "x2": -0.49720730180586803
                },
                "metrics": {
                    "outcome": 35.86135303866856
                },
                "metadata": {
                    "trials": 1
                }
            },
            {
                "query": {
                    "x1": -0.5622913763861361,
                    "x2": -0.49720730180586803
                },
                "metrics": {
                    "outcome": 35.86135303866856
                },
                "metadata": {
                    "trials": 1
                }
            },
            {
                "query": {
                    "x1": -0.5622913763861361,
                    "x2": -0.49720730180586803
                },
                "metrics": {
                    "outcome": 35.86135303866856
                },
                "metadata": {
                    "trials": 1
                }
            }
        ],
        [
            {
                "query": {
                    "x1": -0.6236496386262476,
                    "x2": -0.39143785190978786
                },
                "metrics": {
                    "outcome": 30.35094295294286
                },
                "metadata": {
                    "trials": 1
                }
            },
            {
                "query": {
                    "x1": -0.6236496386262476,
                    "x2": -0.39143785190978786
                },
                "metrics": {
                    "outcome": 30.35094295294286
                },
                "metadata": {
                    "trials": 1
                }
            },
            {
                "query": {
                    "x1": -0.6236496386262476,
                    "x2": -0.39143785190978786
                },
                "metrics": {
                    "outcome": 30.35094295294286
                },
                "metadata": {
                    "trials": 1
                }
            }
        ],
        [
            {
                "query": {
                    "x1": -0.522722090725563,
                    "x2": -0.4655953337413832
                },
                "metrics": {
                    "outcome": 31.727860655235236
                },
                "metadata": {
                    "trials": 1
                }
            },
            {
                "query": {
                    "x1": -0.522722090725563,
                    "x2": -0.4655953337413832
                },
                "metrics": {
                    "outcome": 31.727860655235236
                },
                "metadata": {
                    "trials": 1
                }
            },
            {
                "query": {
                    "x1": -0.522722090725563,
                    "x2": -0.4655953337413832
                },
                "metrics": {
                    "outcome": 31.727860655235236
                },
                "metadata": {
                    "trials": 1
                }
            }
        ],
        [
            {
                "query": {
                    "x1": -0.5958101198993666,
                    "x2": -0.39045418752134387
                },
                "metrics": {
                    "outcome": 30.209782021232346
                },
                "metadata": {
                    "trials": 1
                }
            },
            {
                "query": {
                    "x1": -0.5958101198993666,
                    "x2": -0.39045418752134387
                },
                "metrics": {
                    "outcome": 30.209782021232346
                },
                "metadata": {
                    "trials": 1
                }
            },
            {
                "query": {
                    "x1": -0.5958101198993666,
                    "x2": -0.39045418752134387
                },
                "metrics": {
                    "outcome": 30.209782021232346
                },
                "metadata": {
                    "trials": 1
                }
            }
        ],
        [
            {
                "query": {
                    "x1": -0.6109172403630927,
                    "x2": -0.38244986024527194
                },
                "metrics": {
                    "outcome": 30.154076454520258
                },
                "metadata": {
                    "trials": 1
                }
            },
            {
                "query": {
                    "x1": -0.6109173332853852,
                    "x2": -0.3824489310223469
                },
                "metrics": {
                    "outcome": 30.154097207189377
                },
                "metadata": {
                    "trials": 1
                }
            },
            {
                "query": {
                    "x1": -0.6109167857516302,
                    "x2": -0.38245049362361194
                },
                "metrics": {
                    "outcome": 30.15406559027708
                },
                "metadata": {
                    "trials": 1
                }
            }
        ],
        [
            {
                "query": {
                    "x1": -0.6062725195723955,
                    "x2": -0.3939890434503224
                },
                "metrics": {
                    "outcome": 30.017364167272074
                },
                "metadata": {
                    "trials": 1
                }
            },
            {
                "query": {
                    "x1": -0.6062730159038208,
                    "x2": -0.39398838769912325
                },
                "metrics": {
                    "outcome": 30.017367469486437
                },
                "metadata": {
                    "trials": 1
                }
            },
            {
                "query": {
                    "x1": -0.6062719620386414,
                    "x2": -0.39398921929500696
                },
                "metrics": {
                    "outcome": 30.017362069193258
                },
                "metadata": {
                    "trials": 1
                }
            }
        ],
        [
            {
                "query": {
                    "x1": -0.6059222854519579,
                    "x2": -0.394882481292826
                },
                "metrics": {
                    "outcome": 30.01433791703037
                },
                "metadata": {
                    "trials": 1
                }
            },
            {
                "query": {
                    "x1": -0.6059230288302979,
                    "x2": -0.39488164499219347
                },
                "metrics": {
                    "outcome": 30.014341810699758
                },
                "metadata": {
                    "trials": 1
                }
            },
            {
                "query": {
                    "x1": -0.6059209853279468,
                    "x2": -0.3948846685299754
                },
                "metrics": {
                    "outcome": 30.014330165138734
                },
                "metadata": {
                    "trials": 1
                }
            }
        ],
        [
            {
                "query": {
                    "x1": -0.605819523396451,
                    "x2": -0.3951166754440276
                },
                "metrics": {
                    "outcome": 30.013679638496903
                },
                "metadata": {
                    "trials": 1
                }
            },
            {
                "query": {
                    "x1": -0.6058201119043034,
                    "x2": -0.39511565429881035
                },
                "metrics": {
                    "outcome": 30.013682918026067
                },
                "metadata": {
                    "trials": 1
                }
            },
            {
                "query": {
                    "x1": -0.6058191737030418,
                    "x2": -0.3951175257724442
                },
                "metrics": {
                    "outcome": 30.013677467767856
                },
                "metadata": {
                    "trials": 1
                }
            }
        ],
        [
            {
                "query": {
                    "x1": -0.6057702761110102,
                    "x2": -0.3952239707177696
                },
                "metrics": {
                    "outcome": 30.013392313758672
                },
                "metadata": {
                    "trials": 1
                }
            },
            {
                "query": {
                    "x1": -0.605770636270595,
                    "x2": -0.3952232273394296
                },
                "metrics": {
                    "outcome": 30.013394333232544
                },
                "metadata": {
                    "trials": 1
                }
            },
            {
                "query": {
                    "x1": -0.6057697169476701,
                    "x2": -0.39522452825152454
                },
                "metrics": {
                    "outcome": 30.013389620971495
                },
                "metadata": {
                    "trials": 1
                }
            }
        ],
        [
            {
                "query": {
                    "x1": -0.6057411899048724,
                    "x2": -0.3952861357314532
                },
                "metrics": {
                    "outcome": 30.013230007126584
                },
                "metadata": {
                    "trials": 1
                }
            },
            {
                "query": {
                    "x1": -0.6057404774996298,
                    "x2": -0.39528670358990725
                },
                "metrics": {
                    "outcome": 30.013226701020614
                },
                "metadata": {
                    "trials": 1
                }
            },
            {
                "query": {
                    "x1": -0.6057402606809472,
                    "x2": -0.39528743564354807
                },
                "metrics": {
                    "outcome": 30.013225336955465
                },
                "metadata": {
                    "trials": 1
                }
            }
        ],
        [
            {
                "query": {
                    "x1": -0.6057205129571233,
                    "x2": -0.3953283955998823
                },
                "metrics": {
                    "outcome": 30.01311857233244
                },
                "metadata": {
                    "trials": 1
                }
            },
            {
                "query": {
                    "x1": -0.6057202839169755,
                    "x2": -0.3953263517993735
                },
                "metrics": {
                    "outcome": 30.013118799434352
                },
                "metadata": {
                    "trials": 1
                }
            },
            {
                "query": {
                    "x1": -0.6057199557823587,
                    "x2": -0.3953293758049432
                },
                "metrics": {
                    "outcome": 30.013115689405474
                },
                "metadata": {
                    "trials": 1
                }
            }
        ],
        [
            {
                "query": {
                    "x1": -0.6057062511218914,
                    "x2": -0.39535787174126447
                },
                "metrics": {
                    "outcome": 30.013042758514093
                },
                "metadata": {
                    "trials": 1
                }
            },
            {
                "query": {
                    "x1": -0.6057062511882885,
                    "x2": -0.39535859290799014
                },
                "metrics": {
                    "outcome": 30.01304237844758
                },
                "metadata": {
                    "trials": 1
                }
            },
            {
                "query": {
                    "x1": -0.6057053218989665,
                    "x2": -0.3953584221973119
                },
                "metrics": {
                    "outcome": 30.013038576552432
                },
                "metadata": {
                    "trials": 1
                }
            }
        ],
        [
            {
                "query": {
                    "x1": -0.6056949455763037,
                    "x2": -0.3953806377028277
                },
                "metrics": {
                    "outcome": 30.012983684958936
                },
                "metadata": {
                    "trials": 1
                }
            },
            {
                "query": {
                    "x1": -0.6056954411628637,
                    "x2": -0.39538017653303137
                },
                "metrics": {
                    "outcome": 30.012985996756644
                },
                "metadata": {
                    "trials": 1
                }
            },
            {
                "query": {
                    "x1": -0.6056944499897436,
                    "x2": -0.39538110231439005
                },
                "metrics": {
                    "outcome": 30.01298137168445
                },
                "metadata": {
                    "trials": 1
                }
            }
        ],
        [
            {
                "query": {
                    "x1": -0.605685994162126,
                    "x2": -0.3953986575499653
                },
                "metrics": {
                    "outcome": 30.012937341746632
                },
                "metadata": {
                    "trials": 1
                }
            },
            {
                "query": {
                    "x1": -0.6056864586735884,
                    "x2": -0.3953981370680153
                },
                "metrics": {
                    "outcome": 30.01293954411785
                },
                "metadata": {
                    "trials": 1
                }
            },
            {
                "query": {
                    "x1": -0.6056855913988584,
                    "x2": -0.3953992321614277
                },
                "metrics": {
                    "outcome": 30.012935375046222
                },
                "metadata": {
                    "trials": 1
                }
            }
        ],
        [
            {
                "query": {
                    "x1": -0.6056787461233106,
                    "x2": -0.3954130775830116
                },
                "metrics": {
                    "outcome": 30.012900169067365
                },
                "metadata": {
                    "trials": 1
                }
            },
            {
                "query": {
                    "x1": -0.6056787155704753,
                    "x2": -0.39541371262500613
                },
                "metrics": {
                    "outcome": 30.01289975899861
                },
                "metadata": {
                    "trials": 1
                }
            },
            {
                "query": {
                    "x1": -0.6056777139780936,
                    "x2": -0.395413718039058
                },
                "metrics": {
                    "outcome": 30.012895518921763
                },
                "metadata": {
                    "trials": 1
                }
            }
        ],
        [
            {
                "query": {
                    "x1": -0.6056723654592258,
                    "x2": -0.39542551917020585
                },
                "metrics": {
                    "outcome": 30.0128677501908
                },
                "metadata": {
                    "trials": 1
                }
            },
            {
                "query": {
                    "x1": -0.6056727890965907,
                    "x2": -0.39542505455874344
                },
                "metrics": {
                    "outcome": 30.012869743608785
                },
                "metadata": {
                    "trials": 1
                }
            },
            {
                "query": {
                    "x1": -0.6056718179254708,
                    "x2": -0.39542579793708343
                },
                "metrics": {
                    "outcome": 30.0128653104773
                },
                "metadata": {
                    "trials": 1
                }
            }
        ],
        [
            {
                "query": {
                    "x1": -0.6056673166813331,
                    "x2": -0.3954355542679342
                },
                "metrics": {
                    "outcome": 30.01284214510797
                },
                "metadata": {
                    "trials": 1
                }
            },
            {
                "query": {
                    "x1": -0.6056669549921629,
                    "x2": -0.3954360193892583
                },
                "metrics": {
                    "outcome": 30.0128404187321
                },
                "metadata": {
                    "trials": 1
                }
            },
            {
                "query": {
                    "x1": -0.6056665733029931,
                    "x2": -0.39543648410072096
                },
                "metrics": {
                    "outcome": 30.012838607758717
                },
                "metadata": {
                    "trials": 1
                }
            }
        ],
        [
            {
                "query": {
                    "x1": -0.605662484722123,
                    "x2": -0.3954446540847536
                },
                "metrics": {
                    "outcome": 30.012817947116293
                },
                "metadata": {
                    "trials": 1
                }
            },
            {
                "query": {
                    "x1": -0.6056631251781706,
                    "x2": -0.39544391778412114
                },
                "metrics": {
                    "outcome": 30.01282096297497
                },
                "metadata": {
                    "trials": 1
                }
            },
            {
                "query": {
                    "x1": -0.605663042155878,
                    "x2": -0.3954445682401686
                },
                "metrics": {
                    "outcome": 30.012820352806756
                },
                "metadata": {
                    "trials": 1
                }
            }
        ],
        [
            {
                "query": {
                    "x1": -0.6056586618576116,
                    "x2": -0.39545231220877763
                },
                "metrics": {
                    "outcome": 30.012798691624994
                },
                "metadata": {
                    "trials": 1
                }
            },
            {
                "query": {
                    "x1": -0.6056582102966679,
                    "x2": -0.3954527763761062
                },
                "metrics": {
                    "outcome": 30.012796590055984
                },
                "metadata": {
                    "trials": 1
                }
            },
            {
                "query": {
                    "x1": -0.6056590465973004,
                    "x2": -0.39545178520488644
                },
                "metrics": {
                    "outcome": 30.012800532831434
                },
                "metadata": {
                    "trials": 1
                }
            }
        ],
        [
            {
                "query": {
                    "x1": -0.6056550509387231,
                    "x2": -0.3954593287292614
                },
                "metrics": {
                    "outcome": 30.012780646813273
                },
                "metadata": {
                    "trials": 1
                }
            },
            {
                "query": {
                    "x1": -0.605654483404968,
                    "x2": -0.39545952872926127
                },
                "metrics": {
                    "outcome": 30.012778151697237
                },
                "metadata": {
                    "trials": 1
                }
            },
            {
                "query": {
                    "x1": -0.6056556084724778,
                    "x2": -0.3954588782732138
                },
                "metrics": {
                    "outcome": 30.01278319294014
                },
                "metadata": {
                    "trials": 1
                }
            }
        ],
        [
            {
                "query": {
                    "x1": -0.6056517986584855,
                    "x2": -0.395465380833689
                },
                "metrics": {
                    "outcome": 30.01276453920905
                },
                "metadata": {
                    "trials": 1
                }
            },
            {
                "query": {
                    "x1": -0.6056522628875516,
                    "x2": -0.39546510406681157
                },
                "metrics": {
                    "outcome": 30.01276662206211
                },
                "metadata": {
                    "trials": 1
                }
            },
            {
                "query": {
                    "x1": -0.6056517986584855,
                    "x2": -0.39546483562453316
                },
                "metrics": {
                    "outcome": 30.012764737900564
                },
                "metadata": {
                    "trials": 1
                }
            }
        ],
        [
            {
                "query": {
                    "x1": -0.6056488870933203,
                    "x2": -0.39547085817123917
                },
                "metrics": {
                    "outcome": 30.012750132195368
                },
                "metadata": {
                    "trials": 1
                }
            },
            {
                "query": {
                    "x1": -0.6056492190695084,
                    "x2": -0.3954702237924492
                },
                "metrics": {
                    "outcome": 30.012751776713813
                },
                "metadata": {
                    "trials": 1
                }
            },
            {
                "query": {
                    "x1": -0.6056502189795128,
                    "x2": -0.3954701147928992
                },
                "metrics": {
                    "outcome": 30.012756089167162
                },
                "metadata": {
                    "trials": 1
                }
            }
        ],
        [
            {
                "query": {
                    "x1": -0.6056464013396441,
                    "x2": -0.39547576952370966
                },
                "metrics": {
                    "outcome": 30.01273777661101
                },
                "metadata": {
                    "trials": 1
                }
            },
            {
                "query": {
                    "x1": -0.6056456762865565,
                    "x2": -0.39547678813272835
                },
                "metrics": {
                    "outcome": 30.01273432130784
                },
                "metadata": {
                    "trials": 1
                }
            },
            {
                "query": {
                    "x1": -0.6056459933991247,
                    "x2": -0.3954761439971708
                },
                "metrics": {
                    "outcome": 30.012735901482728
                },
                "metadata": {
                    "trials": 1
                }
            }
        ],
        [
            {
                "query": {
                    "x1": -0.6056439002636227,
                    "x2": -0.39548015747819676
                },
                "metrics": {
                    "outcome": 30.01272556170208
                },
                "metadata": {
                    "trials": 1
                }
            },
            {
                "query": {
                    "x1": -0.6056436214967451,
                    "x2": -0.3954806221896592
                },
                "metrics": {
                    "outcome": 30.01272420982053
                },
                "metadata": {
                    "trials": 1
                }
            },
            {
                "query": {
                    "x1": -0.6056444677972019,
                    "x2": -0.39548032111827003
                },
                "metrics": {
                    "outcome": 30.012727935315407
                },
                "metadata": {
                    "trials": 1
                }
            }
        ],
        [
            {
                "query": {
                    "x1": -0.6056413913617251,
                    "x2": -0.39548461773823673
                },
                "metrics": {
                    "outcome": 30.012713309384296
                },
                "metadata": {
                    "trials": 1
                }
            },
            {
                "query": {
                    "x1": -0.6056419079213826,
                    "x2": -0.3954843389813594
                },
                "metrics": {
                    "outcome": 30.01271561533073
                },
                "metadata": {
                    "trials": 1
                }
            },
            {
                "query": {
                    "x1": -0.6056418525316212,
                    "x2": -0.3954848655410168
                },
                "metrics": {
                    "outcome": 30.012715201820367
                },
                "metadata": {
                    "trials": 1
                }
            }
        ],
        [
            {
                "query": {
                    "x1": -0.6056396530129531,
                    "x2": -0.39548821165521697
                },
                "metrics": {
                    "outcome": 30.01270466610009
                },
                "metadata": {
                    "trials": 1
                }
            },
            {
                "query": {
                    "x1": -0.6056394388463937,
                    "x2": -0.3954887063291068
                },
                "metrics": {
                    "outcome": 30.012703585209575
                },
                "metadata": {
                    "trials": 1
                }
            },
            {
                "query": {
                    "x1": -0.6056388824598276,
                    "x2": -0.3954886992513993
                },
                "metrics": {
                    "outcome": 30.0127012031879
                },
                "metadata": {
                    "trials": 1
                }
            }
        ],
        [
            {
                "query": {
                    "x1": -0.605638046159195,
                    "x2": -0.395491555946077
                },
                "metrics": {
                    "outcome": 30.012696682977985
                },
                "metadata": {
                    "trials": 1
                }
            },
            {
                "query": {
                    "x1": -0.6056375815477326,
                    "x2": -0.39549195153163685
                },
                "metrics": {
                    "outcome": 30.0126945622207
                },
                "metadata": {
                    "trials": 1
                }
            },
            {
                "query": {
                    "x1": -0.6056380361591951,
                    "x2": -0.39549214445392944
                },
                "metrics": {
                    "outcome": 30.01269644946044
                },
                "metadata": {
                    "trials": 1
                }
            }
        ],
        [
            {
                "query": {
                    "x1": -0.6056360847910525,
                    "x2": -0.3954949321227046
                },
                "metrics": {
                    "outcome": 30.01268718180959
                },
                "metadata": {
                    "trials": 1
                }
            },
            {
                "query": {
                    "x1": -0.605635816024175,
                    "x2": -0.3954953998510342
                },
                "metrics": {
                    "outcome": 30.012685879164355
                },
                "metadata": {
                    "trials": 1
                }
            },
            {
                "query": {
                    "x1": -0.6056366367977362,
                    "x2": -0.3954950154689292
                },
                "metrics": {
                    "outcome": 30.01268952389231
                },
                "metadata": {
                    "trials": 1
                }
            }
        ],
        [
            {
                "query": {
                    "x1": -0.6056344220897873,
                    "x2": -0.3954979985583571
                },
                "metrics": {
                    "outcome": 30.012679072232373
                },
                "metadata": {
                    "trials": 1
                }
            },
            {
                "query": {
                    "x1": -0.60563414332291,
                    "x2": -0.39549846316981974
                },
                "metrics": {
                    "outcome": 30.01267772917927
                },
                "metadata": {
                    "trials": 1
                }
            },
            {
                "query": {
                    "x1": -0.605635025284504,
                    "x2": -0.3954976078799466
                },
                "metrics": {
                    "outcome": 30.012681784809956
                },
                "metadata": {
                    "trials": 1
                }
            }
        ]
    ],
    "best_results": [
        {
            "query": {
                "x1": -0.60563414332291,
                "x2": -0.39549846316981974
            },
            "metrics": [
                {
                    "name": "outcome",
                    "value": 30.01267772917927
                }
            ]
        }
    ]
}