{
    "date": "04/11/2022 13:59:49",
    "basic_params": {
        "active_variables": [
            "x1",
            "x2"
        ],
        "default_query": {},
        "metric": "basic",
        "n_trials": 1
    },
    "objective_function": {
        "name": "Goldstein",
        "params": {}
    },
    "optimizer": {
        "name": "BBO-LP(LCB)",
        "params": {
            "lower_bound": [
                -2.0,
                -2.0
            ],
            "upper_bound": [
                2.0,
                2.0
            ],
            "invert_metric": false,
            "bopt_params": {
                "n_init_samples": 15,
                "n_iterations": 45,
                "n_iter_relearn": 5,
                "verbose_level": 1,
                "n_parallel_samples": 3,
                "par_type": "PAR_BBO",
                "crit_name": "cLP(cLCB)",
                "n_crit_params": 3,
                "crit_params": [
                    3,
                    1,
                    1.0
                ]
            }
        }
    },
    "iterations": [
        [
            {
                "query": {
                    "x1": 0.9067252050464352,
                    "x2": 0.3324623602752883
                },
                "metrics": {
                    "outcome": 1121.002868860474
                },
                "metadata": {
                    "trials": 1
                }
            }
        ],
        [
            {
                "query": {
                    "x1": -0.10434488592048496,
                    "x2": -1.950745301383237
                },
                "metrics": {
                    "outcome": 52617.896929237715
                },
                "metadata": {
                    "trials": 1
                }
            }
        ],
        [
            {
                "query": {
                    "x1": -0.8700450245911877,
                    "x2": 1.5200934072956445
                },
                "metrics": {
                    "outcome": 297488.59131290554
                },
                "metadata": {
                    "trials": 1
                }
            }
        ],
        [
            {
                "query": {
                    "x1": -1.850410964898765,
                    "x2": -1.0210353097567957
                },
                "metrics": {
                    "outcome": 12378.689662150688
                },
                "metadata": {
                    "trials": 1
                }
            }
        ],
        [
            {
                "query": {
                    "x1": 0.9724645209809144,
                    "x2": -0.2677706417938073
                },
                "metrics": {
                    "outcome": 158.5597501944166
                },
                "metadata": {
                    "trials": 1
                }
            }
        ],
        [
            {
                "query": {
                    "x1": -0.20823410724600167,
                    "x2": -1.3444654100884994
                },
                "metrics": {
                    "outcome": 341.75848458858417
                },
                "metadata": {
                    "trials": 1
                }
            }
        ],
        [
            {
                "query": {
                    "x1": 1.3221182802071172,
                    "x2": 0.5480049055069687
                },
                "metrics": {
                    "outcome": 989.4298647623722
                },
                "metadata": {
                    "trials": 1
                }
            }
        ],
        [
            {
                "query": {
                    "x1": 0.6267020495608451,
                    "x2": -0.9233816532418131
                },
                "metrics": {
                    "outcome": 823.6640300383174
                },
                "metadata": {
                    "trials": 1
                }
            }
        ],
        [
            {
                "query": {
                    "x1": -0.4840349460641542,
                    "x2": -1.602603493258357
                },
                "metrics": {
                    "outcome": 3060.3289675185856
                },
                "metadata": {
                    "trials": 1
                }
            }
        ],
        [
            {
                "query": {
                    "x1": -1.1413382968554893,
                    "x2": 1.0527170862381658
                },
                "metrics": {
                    "outcome": 102867.51451468749
                },
                "metadata": {
                    "trials": 1
                }
            }
        ],
        [
            {
                "query": {
                    "x1": 0.31427494299908476,
                    "x2": 0.9160279961923758
                },
                "metrics": {
                    "outcome": 10496.529600205558
                },
                "metadata": {
                    "trials": 1
                }
            }
        ],
        [
            {
                "query": {
                    "x1": -1.5028857167810201,
                    "x2": 0.06948684056599941
                },
                "metrics": {
                    "outcome": 10136.867965192281
                },
                "metadata": {
                    "trials": 1
                }
            }
        ],
        [
            {
                "query": {
                    "x1": 1.8205620136732859,
                    "x2": -0.4060103265568613
                },
                "metrics": {
                    "outcome": 9136.50729317688
                },
                "metadata": {
                    "trials": 1
                }
            }
        ],
        [
            {
                "query": {
                    "x1": 1.5173146090780696,
                    "x2": 1.7978456761067112
                },
                "metrics": {
                    "outcome": 45257.44883753274
                },
                "metadata": {
                    "trials": 1
                }
            }
        ],
        [
            {
                "query": {
                    "x1": -1.218862624714772,
                    "x2": 1.2560379063089688
                },
                "metrics": {
                    "outcome": 187886.40984431884
                },
                "metadata": {
                    "trials": 1
                }
            }
        ],
        [
            {
                "query": {
                    "x1": 0.7979779942740053,
                    "x2": -0.07071067811865483
                },
                "metrics": {
                    "outcome": 843.7662290605695
                },
                "metadata": {
                    "trials": 1
                }
            },
            {
                "query": {
                    "x1": 0.7979779942740053,
                    "x2": -0.07071067811865483
                },
                "metrics": {
                    "outcome": 843.7662290605695
                },
                "metadata": {
                    "trials": 1
                }
            },
            {
                "query": {
                    "x1": 0.7979779942740053,
                    "x2": -0.07071067811865483
                },
                "metrics": {
                    "outcome": 843.7662290605695
                },
                "metadata": {
                    "trials": 1
                }
            }
        ],
        [
            {
                "query": {
                    "x1": 0.9294083885419964,
                    "x2": -0.23482102462847876
                },
                "metrics": {
                    "outcome": 264.1775570541007
                },
                "metadata": {
                    "trials": 1
                }
            },
            {
                "query": {
                    "x1": 0.9321185197444195,
                    "x2": -0.2300987218220778
                },
                "metrics": {
                    "outcome": 270.55435463956616
                },
                "metadata": {
                    "trials": 1
                }
            },
            {
                "query": {
                    "x1": 0.9272662649183232,
                    "x2": -0.23613230544441777
                },
                "metrics": {
                    "outcome": 264.1773164604101
                },
                "metadata": {
                    "trials": 1
                }
            }
        ],
        [
            {
                "query": {
                    "x1": 1.3442398841506913,
                    "x2": -0.012364985869845802
                },
                "metrics": {
                    "outcome": 169.3347551039236
                },
                "metadata": {
                    "trials": 1
                }
            },
            {
                "query": {
                    "x1": 1.3442398841506913,
                    "x2": -0.012364985869845802
                },
                "metrics": {
                    "outcome": 169.3347551039236
                },
                "metadata": {
                    "trials": 1
                }
            },
            {
                "query": {
                    "x1": 1.3442398841506913,
                    "x2": -0.012364985869845802
                },
                "metrics": {
                    "outcome": 169.3347551039236
                },
                "metadata": {
                    "trials": 1
                }
            }
        ],
        [
            {
                "query": {
                    "x1": 0.9673379029033127,
                    "x2": -0.2717283552132006
                },
                "metrics": {
                    "outcome": 157.4544921198768
                },
                "metadata": {
                    "trials": 1
                }
            },
            {
                "query": {
                    "x1": 0.9673398021122082,
                    "x2": -0.27172740138282814
                },
                "metrics": {
                    "outcome": 157.45417588780523
                },
                "metadata": {
                    "trials": 1
                }
            },
            {
                "query": {
                    "x1": 0.9673308399538065,
                    "x2": -0.2717295405196041
                },
                "metrics": {
                    "outcome": 157.4590173011571
                },
                "metadata": {
                    "trials": 1
                }
            }
        ],
        [
            {
                "query": {
                    "x1": 0.9537329915307291,
                    "x2": -0.27628370531255464
                },
                "metrics": {
                    "outcome": 163.02369328536778
                },
                "metadata": {
                    "trials": 1
                }
            },
            {
                "query": {
                    "x1": 0.9536596235077117,
                    "x2": -0.2762662755139518
                },
                "metrics": {
                    "outcome": 163.11594167578642
                },
                "metadata": {
                    "trials": 1
                }
            },
            {
                "query": {
                    "x1": 0.953356369499859,
                    "x2": -0.2764055759037849
                },
                "metrics": {
                    "outcome": 163.18614123600932
                },
                "metadata": {
                    "trials": 1
                }
            }
        ],
        [
            {
                "query": {
                    "x1": 1.3273469707001464,
                    "x2": -0.0005533304631306635
                },
                "metrics": {
                    "outcome": 206.71081804584364
                },
                "metadata": {
                    "trials": 1
                }
            },
            {
                "query": {
                    "x1": 1.3273469707001464,
                    "x2": -0.0005533304631306635
                },
                "metrics": {
                    "outcome": 206.71081804584364
                },
                "metadata": {
                    "trials": 1
                }
            },
            {
                "query": {
                    "x1": 1.3273469707001464,
                    "x2": -0.0005533304631306635
                },
                "metrics": {
                    "outcome": 206.71081804584364
                },
                "metadata": {
                    "trials": 1
                }
            }
        ],
        [
            {
                "query": {
                    "x1": 0.9890522777106172,
                    "x2": -0.26834140330006884
                },
                "metrics": {
                    "outcome": 143.84434129739464
                },
                "metadata": {
                    "trials": 1
                }
            },
            {
                "query": {
                    "x1": 0.9890556967003175,
                    "x2": -0.26834120591651467
                },
                "metrics": {
                    "outcome": 143.84188036465122
                },
                "metadata": {
                    "trials": 1
                }
            },
            {
                "query": {
                    "x1": 0.9890549532955282,
                    "x2": -0.26834126061816743
                },
                "metrics": {
                    "outcome": 143.84240045221952
                },
                "metadata": {
                    "trials": 1
                }
            }
        ],
        [
            {
                "query": {
                    "x1": 1.034741772314506,
                    "x2": -0.2550765176760552
                },
                "metrics": {
                    "outcome": 126.14097945932939
                },
                "metadata": {
                    "trials": 1
                }
            },
            {
                "query": {
                    "x1": 1.0274608518856714,
                    "x2": -0.25879966940505605
                },
                "metrics": {
                    "outcome": 127.02911122945491
                },
                "metadata": {
                    "trials": 1
                }
            },
            {
                "query": {
                    "x1": 1.0342405886278345,
                    "x2": -0.25531930814513726
                },
                "metrics": {
                    "outcome": 126.21588588884016
                },
                "metadata": {
                    "trials": 1
                }
            }
        ],
        [
            {
                "query": {
                    "x1": 1.06870397045599,
                    "x2": -0.24098717577938733
                },
                "metrics": {
                    "outcome": 119.03842600408998
                },
                "metadata": {
                    "trials": 1
                }
            },
            {
                "query": {
                    "x1": 1.068655348238515,
                    "x2": -0.24099754706006893
                },
                "metrics": {
                    "outcome": 119.0567137623348
                },
                "metadata": {
                    "trials": 1
                }
            },
            {
                "query": {
                    "x1": 1.0687105918530375,
                    "x2": -0.240985251804543
                },
                "metrics": {
                    "outcome": 119.03639086511781
                },
                "metadata": {
                    "trials": 1
                }
            }
        ],
        [
            {
                "query": {
                    "x1": 1.1052024656711614,
                    "x2": -0.20618557958873418
                },
                "metrics": {
                    "outcome": 130.0371324003195
                },
                "metadata": {
                    "trials": 1
                }
            },
            {
                "query": {
                    "x1": 1.1138958714759535,
                    "x2": -0.20036425327701424
                },
                "metrics": {
                    "outcome": 130.19874935228256
                },
                "metadata": {
                    "trials": 1
                }
            },
            {
                "query": {
                    "x1": 1.1187543039823273,
                    "x2": -0.2032208062552141
                },
                "metrics": {
                    "outcome": 124.1144628120322
                },
                "metadata": {
                    "trials": 1
                }
            }
        ],
        [
            {
                "query": {
                    "x1": 1.0995591864321073,
                    "x2": -0.2341168717572748
                },
                "metrics": {
                    "outcome": 109.15869356165383
                },
                "metadata": {
                    "trials": 1
                }
            },
            {
                "query": {
                    "x1": 1.0997010013179476,
                    "x2": -0.23407135283208547
                },
                "metrics": {
                    "outcome": 109.12940217329263
                },
                "metadata": {
                    "trials": 1
                }
            },
            {
                "query": {
                    "x1": 1.0996968516367107,
                    "x2": -0.23407391104738284
                },
                "metrics": {
                    "outcome": 109.12945933334306
                },
                "metadata": {
                    "trials": 1
                }
            }
        ],
        [
            {
                "query": {
                    "x1": 1.1310716714901918,
                    "x2": -0.2270698395500732
                },
                "metrics": {
                    "outcome": 102.3388598844415
                },
                "metadata": {
                    "trials": 1
                }
            },
            {
                "query": {
                    "x1": 1.131068686011698,
                    "x2": -0.22707097687910704
                },
                "metrics": {
                    "outcome": 102.33915626215182
                },
                "metadata": {
                    "trials": 1
                }
            },
            {
                "query": {
                    "x1": 1.131079898847319,
                    "x2": -0.2270678755488147
                },
                "metrics": {
                    "outcome": 102.33758559340406
                },
                "metadata": {
                    "trials": 1
                }
            }
        ],
        [
            {
                "query": {
                    "x1": 1.151746386192471,
                    "x2": -0.21910665644060967
                },
                "metrics": {
                    "outcome": 100.61502127327725
                },
                "metadata": {
                    "trials": 1
                }
            },
            {
                "query": {
                    "x1": 1.1506250727590306,
                    "x2": -0.21913761984837743
                },
                "metrics": {
                    "outcome": 100.8075589269865
                },
                "metadata": {
                    "trials": 1
                }
            },
            {
                "query": {
                    "x1": 1.151866194597726,
                    "x2": -0.21899113423755057
                },
                "metrics": {
                    "outcome": 100.62584944274741
                },
                "metadata": {
                    "trials": 1
                }
            }
        ],
        [
            {
                "query": {
                    "x1": 1.1575647676554381,
                    "x2": -0.21621419731216696
                },
                "metrics": {
                    "outcome": 100.39989758274336
                },
                "metadata": {
                    "trials": 1
                }
            },
            {
                "query": {
                    "x1": 1.1575470234846197,
                    "x2": -0.21621774027876084
                },
                "metrics": {
                    "outcome": 100.4018775137726
                },
                "metadata": {
                    "trials": 1
                }
            },
            {
                "query": {
                    "x1": 1.1575828517174518,
                    "x2": -0.216249091126002
                },
                "metrics": {
                    "outcome": 100.38810003251174
                },
                "metadata": {
                    "trials": 1
                }
            }
        ],
        [
            {
                "query": {
                    "x1": 1.160451517503244,
                    "x2": -0.21469771412708738
                },
                "metrics": {
                    "outcome": 100.31813281157838
                },
                "metadata": {
                    "trials": 1
                }
            },
            {
                "query": {
                    "x1": 1.1604652552375376,
                    "x2": -0.21468736171915737
                },
                "metrics": {
                    "outcome": 100.31851964625994
                },
                "metadata": {
                    "trials": 1
                }
            },
            {
                "query": {
                    "x1": 1.1605835113387601,
                    "x2": -0.21463880429981308
                },
                "metrics": {
                    "outcome": 100.31187634195192
                },
                "metadata": {
                    "trials": 1
                }
            }
        ],
        [
            {
                "query": {
                    "x1": 1.1622929967260025,
                    "x2": -0.21370668550807181
                },
                "metrics": {
                    "outcome": 100.27262629433679
                },
                "metadata": {
                    "trials": 1
                }
            },
            {
                "query": {
                    "x1": 1.1623928698843922,
                    "x2": -0.2136525448135269
                },
                "metrics": {
                    "outcome": 100.27026698131338
                },
                "metadata": {
                    "trials": 1
                }
            },
            {
                "query": {
                    "x1": 1.1622701365809243,
                    "x2": -0.21370840197158358
                },
                "metrics": {
                    "outcome": 100.27574247544564
                },
                "metadata": {
                    "trials": 1
                }
            }
        ],
        [
            {
                "query": {
                    "x1": 1.163583669008717,
                    "x2": -0.21297908941036847
                },
                "metrics": {
                    "outcome": 100.24888274651612
                },
                "metadata": {
                    "trials": 1
                }
            },
            {
                "query": {
                    "x1": 1.1635411814488226,
                    "x2": -0.2129827662858419
                },
                "metrics": {
                    "outcome": 100.25450133841943
                },
                "metadata": {
                    "trials": 1
                }
            },
            {
                "query": {
                    "x1": 1.163573884596056,
                    "x2": -0.21298688831592538
                },
                "metrics": {
                    "outcome": 100.2485185205638
                },
                "metadata": {
                    "trials": 1
                }
            }
        ],
        [
            {
                "query": {
                    "x1": 1.16449220348402,
                    "x2": -0.21250014520375582
                },
                "metrics": {
                    "outcome": 100.22435200436342
                },
                "metadata": {
                    "trials": 1
                }
            },
            {
                "query": {
                    "x1": 1.164547071238771,
                    "x2": -0.21243945712116097
                },
                "metrics": {
                    "outcome": 100.23036647613917
                },
                "metadata": {
                    "trials": 1
                }
            },
            {
                "query": {
                    "x1": 1.164459092567482,
                    "x2": -0.21249886405970564
                },
                "metrics": {
                    "outcome": 100.2296634757906
                },
                "metadata": {
                    "trials": 1
                }
            }
        ],
        [
            {
                "query": {
                    "x1": 1.165494874093803,
                    "x2": -0.2119053519619296
                },
                "metrics": {
                    "outcome": 100.21293835335005
                },
                "metadata": {
                    "trials": 1
                }
            },
            {
                "query": {
                    "x1": 1.165398676428608,
                    "x2": -0.21192712374579759
                },
                "metrics": {
                    "outcome": 100.22231579753803
                },
                "metadata": {
                    "trials": 1
                }
            },
            {
                "query": {
                    "x1": 1.1654162418468337,
                    "x2": -0.211943272108148
                },
                "metrics": {
                    "outcome": 100.21588063077446
                },
                "metadata": {
                    "trials": 1
                }
            }
        ],
        [
            {
                "query": {
                    "x1": 1.1661001849367363,
                    "x2": -0.2115540674487686
                },
                "metrics": {
                    "outcome": 100.20419055578643
                },
                "metadata": {
                    "trials": 1
                }
            },
            {
                "query": {
                    "x1": 1.1660207490648782,
                    "x2": -0.21165299360589018
                },
                "metrics": {
                    "outcome": 100.19305453480925
                },
                "metadata": {
                    "trials": 1
                }
            },
            {
                "query": {
                    "x1": 1.166116080159005,
                    "x2": -0.2115468084293186
                },
                "metrics": {
                    "outcome": 100.20350288135529
                },
                "metadata": {
                    "trials": 1
                }
            }
        ],
        [
            {
                "query": {
                    "x1": 1.1668634287687571,
                    "x2": -0.2111154428323916
                },
                "metrics": {
                    "outcome": 100.19214005248682
                },
                "metadata": {
                    "trials": 1
                }
            },
            {
                "query": {
                    "x1": 1.1668379405111744,
                    "x2": -0.21112639514375675
                },
                "metrics": {
                    "outcome": 100.19339822722476
                },
                "metadata": {
                    "trials": 1
                }
            },
            {
                "query": {
                    "x1": 1.1668163939528369,
                    "x2": -0.21115040463922208
                },
                "metrics": {
                    "outcome": 100.19104724118783
                },
                "metadata": {
                    "trials": 1
                }
            }
        ],
        [
            {
                "query": {
                    "x1": 1.1674538966751933,
                    "x2": -0.21079163982018367
                },
                "metrics": {
                    "outcome": 100.17923593747113
                },
                "metadata": {
                    "trials": 1
                }
            },
            {
                "query": {
                    "x1": 1.1674799183708329,
                    "x2": -0.21076076895065343
                },
                "metrics": {
                    "outcome": 100.18248731090704
                },
                "metadata": {
                    "trials": 1
                }
            },
            {
                "query": {
                    "x1": 1.1674981119653074,
                    "x2": -0.21075294014769264
                },
                "metrics": {
                    "outcome": 100.18159509149397
                },
                "metadata": {
                    "trials": 1
                }
            }
        ],
        [
            {
                "query": {
                    "x1": 1.1681174525143958,
                    "x2": -0.21038705719704232
                },
                "metrics": {
                    "outcome": 100.1740839005089
                },
                "metadata": {
                    "trials": 1
                }
            },
            {
                "query": {
                    "x1": 1.168124987774572,
                    "x2": -0.21038545784373874
                },
                "metrics": {
                    "outcome": 100.17333894829298
                },
                "metadata": {
                    "trials": 1
                }
            },
            {
                "query": {
                    "x1": 1.1681212100880556,
                    "x2": -0.2103871548596461
                },
                "metrics": {
                    "outcome": 100.17350731743004
                },
                "metadata": {
                    "trials": 1
                }
            }
        ],
        [
            {
                "query": {
                    "x1": 1.1687575602251759,
                    "x2": -0.21001464573062978
                },
                "metrics": {
                    "outcome": 100.1649810413714
                },
                "metadata": {
                    "trials": 1
                }
            },
            {
                "query": {
                    "x1": 1.1687417304199954,
                    "x2": -0.21002592066563963
                },
                "metrics": {
                    "outcome": 100.16473558521359
                },
                "metadata": {
                    "trials": 1
                }
            },
            {
                "query": {
                    "x1": 1.1684311833884684,
                    "x2": -0.2101906285147761
                },
                "metrics": {
                    "outcome": 100.17280389424644
                },
                "metadata": {
                    "trials": 1
                }
            }
        ],
        [
            {
                "query": {
                    "x1": 1.1698604030431103,
                    "x2": -0.20938101102384032
                },
                "metrics": {
                    "outcome": 100.14744849660605
                },
                "metadata": {
                    "trials": 1
                }
            },
            {
                "query": {
                    "x1": 1.1693085474316187,
                    "x2": -0.20969003694615762
                },
                "metrics": {
                    "outcome": 100.1580492462333
                },
                "metadata": {
                    "trials": 1
                }
            },
            {
                "query": {
                    "x1": 1.1693311470139416,
                    "x2": -0.20967480217706957
                },
                "metrics": {
                    "outcome": 100.15820042795168
                },
                "metadata": {
                    "trials": 1
                }
            }
        ],
        [
            {
                "query": {
                    "x1": 1.1700484638224116,
                    "x2": -0.20925082192169686
                },
                "metrics": {
                    "outcome": 100.14945195429702
                },
                "metadata": {
                    "trials": 1
                }
            },
            {
                "query": {
                    "x1": 1.1700402039081035,
                    "x2": -0.20925745065361268
                },
                "metrics": {
                    "outcome": 100.14915845233263
                },
                "metadata": {
                    "trials": 1
                }
            },
            {
                "query": {
                    "x1": 1.1699326448191876,
                    "x2": -0.20932226767653161
                },
                "metrics": {
                    "outcome": 100.15019156747353
                },
                "metadata": {
                    "trials": 1
                }
            }
        ],
        [
            {
                "query": {
                    "x1": 1.1706934805440512,
                    "x2": -0.2088999476507576
                },
                "metrics": {
                    "outcome": 100.1347331735748
                },
                "metadata": {
                    "trials": 1
                }
            },
            {
                "query": {
                    "x1": 1.1706983803797675,
                    "x2": -0.20886603868754383
                },
                "metrics": {
                    "outcome": 100.14163526610741
                },
                "metadata": {
                    "trials": 1
                }
            },
            {
                "query": {
                    "x1": 1.1707041314415032,
                    "x2": -0.20886514929122857
                },
                "metrics": {
                    "outcome": 100.14100054337858
                },
                "metadata": {
                    "trials": 1
                }
            }
        ],
        [
            {
                "query": {
                    "x1": 1.171423774910565,
                    "x2": -0.2084382778369953
                },
                "metrics": {
                    "outcome": 100.13248865069085
                },
                "metadata": {
                    "trials": 1
                }
            },
            {
                "query": {
                    "x1": 1.171379890532069,
                    "x2": -0.20843662918761585
                },
                "metrics": {
                    "outcome": 100.13920748735521
                },
                "metadata": {
                    "trials": 1
                }
            },
            {
                "query": {
                    "x1": 1.1714799072454438,
                    "x2": -0.2083992633538425
                },
                "metrics": {
                    "outcome": 100.13310129872745
                },
                "metadata": {
                    "trials": 1
                }
            }
        ],
        [
            {
                "query": {
                    "x1": 1.1731076627191674,
                    "x2": -0.20742621195052457
                },
                "metrics": {
                    "outcome": 100.11532802373526
                },
                "metadata": {
                    "trials": 1
                }
            },
            {
                "query": {
                    "x1": 1.1722816708573212,
                    "x2": -0.2079112193059054
                },
                "metrics": {
                    "outcome": 100.12632826133624
                },
                "metadata": {
                    "trials": 1
                }
            },
            {
                "query": {
                    "x1": 1.172221195184226,
                    "x2": -0.20794810032350552
                },
                "metrics": {
                    "outcome": 100.12682671801205
                },
                "metadata": {
                    "trials": 1
                }
            }
        ],
        [
            {
                "query": {
                    "x1": 1.1732997608034288,
                    "x2": -0.20729207212612177
                },
                "metrics": {
                    "outcome": 100.11748146852067
                },
                "metadata": {
                    "trials": 1
                }
            },
            {
                "query": {
                    "x1": 1.1729028729621778,
                    "x2": -0.2075876261549745
                },
                "metrics": {
                    "outcome": 100.108957699693
                },
                "metadata": {
                    "trials": 1
                }
            },
            {
                "query": {
                    "x1": 1.174056260073017,
                    "x2": -0.2068394060137302
                },
                "metrics": {
                    "outcome": 100.1091945314956
                },
                "metadata": {
                    "trials": 1
                }
            }
        ],
        [
            {
                "query": {
                    "x1": 1.174570664044484,
                    "x2": -0.20651713483351464
                },
                "metrics": {
                    "outcome": 100.10670311058573
                },
                "metadata": {
                    "trials": 1
                }
            },
            {
                "query": {
                    "x1": 1.1745059784546874,
                    "x2": -0.20656919542794694
                },
                "metrics": {
                    "outcome": 100.10448567496677
                },
                "metadata": {
                    "trials": 1
                }
            },
            {
                "query": {
                    "x1": 1.1747675845585492,
                    "x2": -0.2063958645093138
                },
                "metrics": {
                    "outcome": 100.10527701588813
                },
                "metadata": {
                    "trials": 1
                }
            }
        ],
        [
            {
                "query": {
                    "x1": 1.1759040894140402,
                    "x2": -0.20569315343258787
                },
                "metrics": {
                    "outcome": 100.09755083908182
                },
                "metadata": {
                    "trials": 1
                }
            },
            {
                "query": {
                    "x1": 1.1759290205666275,
                    "x2": -0.20564538364131457
                },
                "metrics": {
                    "outcome": 100.10444818434499
                },
                "metadata": {
                    "trials": 1
                }
            },
            {
                "query": {
                    "x1": 1.176090961734877,
                    "x2": -0.20560776507488399
                },
                "metrics": {
                    "outcome": 100.08969761749908
                },
                "metadata": {
                    "trials": 1
                }
            }
        ],
        [
            {
                "query": {
                    "x1": 1.2151337622681466,
                    "x2": -0.17541534922905822
                },
                "metrics": {
                    "outcome": 101.13541054475947
                },
                "metadata": {
                    "trials": 1
                }
            },
            {
                "query": {
                    "x1": 1.2101272480287584,
                    "x2": -0.18026525470733668
                },
                "metrics": {
                    "outcome": 100.73118025113943
                },
                "metadata": {
                    "trials": 1
                }
            },
            {
                "query": {
                    "x1": 1.177564365665813,
                    "x2": -0.20463337953242422
                },
                "metrics": {
                    "outcome": 100.0931138762706
                },
                "metadata": {
                    "trials": 1
                }
            }
        ],
        [
            {
                "query": {
                    "x1": 1.1765399408765171,
                    "x2": -0.20531766542765095
                },
                "metrics": {
                    "outcome": 100.08930523727477
                },
                "metadata": {
                    "trials": 1
                }
            },
            {
                "query": {
                    "x1": 1.1764130319117667,
                    "x2": -0.20539425517188659
                },
                "metrics": {
                    "outcome": 100.09059550407805
                },
                "metadata": {
                    "trials": 1
                }
            },
            {
                "query": {
                    "x1": 1.1763753806883712,
                    "x2": -0.20541227079349644
                },
                "metrics": {
                    "outcome": 100.09200128351686
                },
                "metadata": {
                    "trials": 1
                }
            }
        ],
        [
            {
                "query": {
                    "x1": 1.1768976589565097,
                    "x2": -0.20509068412794473
                },
                "metrics": {
                    "outcome": 100.08806405044905
                },
                "metadata": {
                    "trials": 1
                }
            },
            {
                "query": {
                    "x1": 1.1769182903420696,
                    "x2": -0.2050788303169
                },
                "metrics": {
                    "outcome": 100.08772347513904
                },
                "metadata": {
                    "trials": 1
                }
            },
            {
                "query": {
                    "x1": 1.1768980526286197,
                    "x2": -0.2050924136808967
                },
                "metrics": {
                    "outcome": 100.08763347531857
                },
                "metadata": {
                    "trials": 1
                }
            }
        ],
        [
            {
                "query": {
                    "x1": 1.1773722080245417,
                    "x2": -0.20484533791053305
                },
                "metrics": {
                    "outcome": 100.07434026266452
                },
                "metadata": {
                    "trials": 1
                }
            },
            {
                "query": {
                    "x1": 1.177054282655872,
                    "x2": -0.20497197559170033
                },
                "metrics": {
                    "outcome": 100.09170599941328
                },
                "metadata": {
                    "trials": 1
                }
            },
            {
                "query": {
                    "x1": 1.1773104436261912,
                    "x2": -0.20483435368142033
                },
                "metrics": {
                    "outcome": 100.08539270061351
                },
                "metadata": {
                    "trials": 1
                }
            }
        ],
        [
            {
                "query": {
                    "x1": 1.1779472093443468,
                    "x2": -0.20444686479301333
                },
                "metrics": {
                    "outcome": 100.0795100168304
                },
                "metadata": {
                    "trials": 1
                }
            },
            {
                "query": {
                    "x1": 1.1777632926152037,
                    "x2": -0.20454086000401506
                },
                "metrics": {
                    "outcome": 100.08508612655785
                },
                "metadata": {
                    "trials": 1
                }
            },
            {
                "query": {
                    "x1": 1.1777222873165463,
                    "x2": -0.20458142781380517
                },
                "metrics": {
                    "outcome": 100.08209208736092
                },
                "metadata": {
                    "trials": 1
                }
            }
        ],
        [
            {
                "query": {
                    "x1": 1.1780313837206196,
                    "x2": -0.20438192196292926
                },
                "metrics": {
                    "outcome": 100.08168718291576
                },
                "metadata": {
                    "trials": 1
                }
            },
            {
                "query": {
                    "x1": 1.1786248690849366,
                    "x2": -0.20401949349685622
                },
                "metrics": {
                    "outcome": 100.0764163277035
                },
                "metadata": {
                    "trials": 1
                }
            },
            {
                "query": {
                    "x1": 1.1776735329852954,
                    "x2": -0.2046394755519434
                },
                "metrics": {
                    "outcome": 100.0764211110997
                },
                "metadata": {
                    "trials": 1
                }
            }
        ],
        [
            {
                "query": {
                    "x1": 1.1785742864604543,
                    "x2": -0.2040544948905041
                },
                "metrics": {
                    "outcome": 100.0759831235397
                },
                "metadata": {
                    "trials": 1
                }
            },
            {
                "query": {
                    "x1": 1.177432181922602,
                    "x2": -0.20484348496975868
                },
                "metrics": {
                    "outcome": 100.06634563404891
                },
                "metadata": {
                    "trials": 1
                }
            },
            {
                "query": {
                    "x1": 1.1783458699289007,
                    "x2": -0.2041876741890689
                },
                "metrics": {
                    "outcome": 100.07937335021268
                },
                "metadata": {
                    "trials": 1
                }
            }
        ],
        [
            {
                "query": {
                    "x1": 1.1781630961778986,
                    "x2": -0.2042907327367598
                },
                "metrics": {
                    "outcome": 100.08284150294006
                },
                "metadata": {
                    "trials": 1
                }
            },
            {
                "query": {
                    "x1": 1.1787145874662825,
                    "x2": -0.20388250243165262
                },
                "metrics": {
                    "outcome": 100.0933506307917
                },
                "metadata": {
                    "trials": 1
                }
            },
            {
                "query": {
                    "x1": 1.1786542954639634,
                    "x2": -0.20399505889617786
                },
                "metrics": {
                    "outcome": 100.0775440553751
                },
                "metadata": {
                    "trials": 1
                }
            }
        ],
        [
            {
                "query": {
                    "x1": 1.1787129677582198,
                    "x2": -0.20395738345560543
                },
                "metrics": {
                    "outcome": 100.077416702113
                },
                "metadata": {
                    "trials": 1
                }
            },
            {
                "query": {
                    "x1": 1.1788529436799209,
                    "x2": -0.2038855175574199
                },
                "metrics": {
                    "outcome": 100.07323974495065
                },
                "metadata": {
                    "trials": 1
                }
            },
            {
                "query": {
                    "x1": 1.1786244864886237,
                    "x2": -0.2039812659758098
                },
                "metrics": {
                    "outcome": 100.08470506862109
                },
                "metadata": {
                    "trials": 1
                }
            }
        ],
        [
            {
                "query": {
                    "x1": 1.1788787550265454,
                    "x2": -0.20385776348901508
                },
                "metrics": {
                    "outcome": 100.0755838069936
                },
                "metadata": {
                    "trials": 1
                }
            },
            {
                "query": {
                    "x1": 1.1793733374416662,
                    "x2": -0.2035438990985461
                },
                "metrics": {
                    "outcome": 100.0736722496419
                },
                "metadata": {
                    "trials": 1
                }
            },
            {
                "query": {
                    "x1": 1.1789563351498713,
                    "x2": -0.20380876842840157
                },
                "metrics": {
                    "outcome": 100.07523580408903
                },
                "metadata": {
                    "trials": 1
                }
            }
        ],
        [
            {
                "query": {
                    "x1": 1.17806151250287,
                    "x2": -0.2043369942772415
                },
                "metrics": {
                    "outcome": 100.08715100939435
                },
                "metadata": {
                    "trials": 1
                }
            },
            {
                "query": {
                    "x1": 1.1791318530842418,
                    "x2": -0.20370040187530036
                },
                "metrics": {
                    "outcome": 100.07391231279753
                },
                "metadata": {
                    "trials": 1
                }
            },
            {
                "query": {
                    "x1": 1.179175351823893,
                    "x2": -0.20365869860087749
                },
                "metrics": {
                    "outcome": 100.07677106765567
                },
                "metadata": {
                    "trials": 1
                }
            }
        ],
        [
            {
                "query": {
                    "x1": 1.1777247400309054,
                    "x2": -0.20425909726854585
                },
                "metrics": {
                    "outcome": 100.15239112542433
                },
                "metadata": {
                    "trials": 1
                }
            },
            {
                "query": {
                    "x1": 1.1792473573715214,
                    "x2": -0.20361495308856492
                },
                "metrics": {
                    "outcome": 100.07607237209697
                },
                "metadata": {
                    "trials": 1
                }
            },
            {
                "query": {
                    "x1": 1.1792640827430336,
                    "x2": -0.20361511291401535
                },
                "metrics": {
                    "outcome": 100.07369489837265
                },
                "metadata": {
                    "trials": 1
                }
            }
        ],
        [
            {
                "query": {
                    "x1": 1.1787144981975288,
                    "x2": -0.20396710291152131
                },
                "metrics": {
                    "outcome": 100.07511261271327
                },
                "metadata": {
                    "trials": 1
                }
            },
            {
                "query": {
                    "x1": 1.1791406701523983,
                    "x2": -0.20370486052622727
                },
                "metrics": {
                    "outcome": 100.07172185049978
                },
                "metadata": {
                    "trials": 1
                }
            },
            {
                "query": {
                    "x1": 1.1792006461969518,
                    "x2": -0.20365352162294426
                },
                "metrics": {
                    "outcome": 100.07433783530907
                },
                "metadata": {
                    "trials": 1
                }
            }
        ]
    ],
    "best_results": [
        {
            "query": {
                "x1": 1.177432181922602,
                "x2": -0.20484348496975868
            },
            "metrics": [
                {
                    "name": "outcome",
                    "value": 100.06634563404891
                }
            ]
        }
    ]
}