{
    "date": "05/11/2022 12:05:40",
    "basic_params": {
        "active_variables": [
            "x1",
            "x2"
        ],
        "default_query": {},
        "metric": "basic",
        "n_trials": 1
    },
    "objective_function": {
        "name": "Branin",
        "params": {}
    },
    "optimizer": {
        "name": "BBO-LP(LCBa)-FoD",
        "params": {
            "lower_bound": [
                -5.0,
                0.0
            ],
            "upper_bound": [
                10.0,
                15.0
            ],
            "invert_metric": false,
            "bopt_params": {
                "n_init_samples": 12,
                "n_iterations": 23,
                "n_iter_relearn": 5,
                "verbose_level": 0,
                "n_parallel_samples": 6,
                "fixed_dataset_size": 50,
                "par_type": "PAR_BBO",
                "crit_name": "cLP(cLCBa)",
                "n_crit_params": 3,
                "crit_params": [
                    6,
                    1,
                    5.0
                ]
            }
        }
    },
    "iterations": [
        [
            {
                "query": {
                    "x1": 2.8834037206252097,
                    "x2": 8.941913377784658
                },
                "metrics": {
                    "outcome": 42.40837176152803
                },
                "metadata": {
                    "trials": 1
                }
            }
        ],
        [
            {
                "query": {
                    "x1": -4.095518440881278,
                    "x2": 13.089250797929708
                },
                "metrics": {
                    "outcome": 6.9919477198698345
                },
                "metadata": {
                    "trials": 1
                }
            }
        ],
        [
            {
                "query": {
                    "x1": 5.75673709041439,
                    "x2": 14.012119661492761
                },
                "metrics": {
                    "outcome": 184.53331234795073
                },
                "metadata": {
                    "trials": 1
                }
            }
        ],
        [
            {
                "query": {
                    "x1": 4.366133519215509,
                    "x2": 4.411395059141796
                },
                "metrics": {
                    "outcome": 15.137644261501904
                },
                "metadata": {
                    "trials": 1
                }
            }
        ],
        [
            {
                "query": {
                    "x1": -3.62224233453162,
                    "x2": 6.3113169829011895
                },
                "metrics": {
                    "outcome": 52.58897012034702
                },
                "metadata": {
                    "trials": 1
                }
            }
        ],
        [
            {
                "query": {
                    "x1": -1.790896894526668,
                    "x2": 2.289628981379792
                },
                "metrics": {
                    "outcome": 56.554313983516145
                },
                "metadata": {
                    "trials": 1
                }
            }
        ],
        [
            {
                "query": {
                    "x1": 2.1886680476018228,
                    "x2": 6.215537067328114
                },
                "metrics": {
                    "outcome": 13.924385432917866
                },
                "metadata": {
                    "trials": 1
                }
            }
        ],
        [
            {
                "query": {
                    "x1": 9.901063419238199,
                    "x2": 0.6400849219062366
                },
                "metrics": {
                    "outcome": 6.601215755161285
                },
                "metadata": {
                    "trials": 1
                }
            }
        ],
        [
            {
                "query": {
                    "x1": 8.162098978355061,
                    "x2": 11.742330242414027
                },
                "metrics": {
                    "outcome": 109.6332127484804
                },
                "metadata": {
                    "trials": 1
                }
            }
        ],
        [
            {
                "query": {
                    "x1": -0.3849255689419806,
                    "x2": 3.2226959615945816
                },
                "metrics": {
                    "outcome": 30.521270593451916
                },
                "metadata": {
                    "trials": 1
                }
            }
        ],
        [
            {
                "query": {
                    "x1": 0.029538183007389307,
                    "x2": 7.645677323162089
                },
                "metrics": {
                    "outcome": 22.462737816685767
                },
                "metadata": {
                    "trials": 1
                }
            }
        ],
        [
            {
                "query": {
                    "x1": 7.300727969268337,
                    "x2": 10.563140736485366
                },
                "metrics": {
                    "outcome": 101.47961828695101
                },
                "metadata": {
                    "trials": 1
                }
            }
        ],
        [
            {
                "query": {
                    "x1": -5.0,
                    "x2": 15.0
                },
                "metrics": {
                    "outcome": 17.508299515778166
                },
                "metadata": {
                    "trials": 1
                }
            },
            {
                "query": {
                    "x1": -5.0,
                    "x2": 15.0
                },
                "metrics": {
                    "outcome": 17.508299515778166
                },
                "metadata": {
                    "trials": 1
                }
            },
            {
                "query": {
                    "x1": -5.0,
                    "x2": 15.0
                },
                "metrics": {
                    "outcome": 17.508299515778166
                },
                "metadata": {
                    "trials": 1
                }
            },
            {
                "query": {
                    "x1": -5.0,
                    "x2": 15.0
                },
                "metrics": {
                    "outcome": 17.508299515778166
                },
                "metadata": {
                    "trials": 1
                }
            },
            {
                "query": {
                    "x1": -5.0,
                    "x2": 15.0
                },
                "metrics": {
                    "outcome": 17.508299515778166
                },
                "metadata": {
                    "trials": 1
                }
            },
            {
                "query": {
                    "x1": -5.0,
                    "x2": 15.0
                },
                "metrics": {
                    "outcome": 17.508299515778166
                },
                "metadata": {
                    "trials": 1
                }
            }
        ],
        [
            {
                "query": {
                    "x1": 3.1262883964263963,
                    "x2": 0.0
                },
                "metrics": {
                    "outcome": 5.629222689792681
                },
                "metadata": {
                    "trials": 1
                }
            },
            {
                "query": {
                    "x1": 3.1353032270536936,
                    "x2": 0.0
                },
                "metrics": {
                    "outcome": 5.596066777066892
                },
                "metadata": {
                    "trials": 1
                }
            },
            {
                "query": {
                    "x1": 3.1169824094855656,
                    "x2": 0.0
                },
                "metrics": {
                    "outcome": 5.664473396408564
                },
                "metadata": {
                    "trials": 1
                }
            },
            {
                "query": {
                    "x1": 3.1101321717387975,
                    "x2": 0.0
                },
                "metrics": {
                    "outcome": 5.691086982744271
                },
                "metadata": {
                    "trials": 1
                }
            },
            {
                "query": {
                    "x1": 3.14229631480144,
                    "x2": 0.0
                },
                "metrics": {
                    "outcome": 5.57101848410729
                },
                "metadata": {
                    "trials": 1
                }
            },
            {
                "query": {
                    "x1": 3.122133747776312,
                    "x2": 0.0
                },
                "metrics": {
                    "outcome": 5.644831747902525
                },
                "metadata": {
                    "trials": 1
                }
            }
        ],
        [
            {
                "query": {
                    "x1": 5.879719704354972,
                    "x2": 0.0
                },
                "metrics": {
                    "outcome": 20.05919698941122
                },
                "metadata": {
                    "trials": 1
                }
            },
            {
                "query": {
                    "x1": 5.90373620841574,
                    "x2": 0.0
                },
                "metrics": {
                    "outcome": 20.14349402178734
                },
                "metadata": {
                    "trials": 1
                }
            },
            {
                "query": {
                    "x1": 5.85574830402483,
                    "x2": 0.0
                },
                "metrics": {
                    "outcome": 19.970314505197308
                },
                "metadata": {
                    "trials": 1
                }
            },
            {
                "query": {
                    "x1": 5.925283329047016,
                    "x2": 0.0
                },
                "metrics": {
                    "outcome": 20.215032038531113
                },
                "metadata": {
                    "trials": 1
                }
            },
            {
                "query": {
                    "x1": 5.835002264795154,
                    "x2": 0.0
                },
                "metrics": {
                    "outcome": 19.889607848828597
                },
                "metadata": {
                    "trials": 1
                }
            },
            {
                "query": {
                    "x1": 5.816231466899993,
                    "x2": 0.0
                },
                "metrics": {
                    "outcome": 19.813593139048656
                },
                "metadata": {
                    "trials": 1
                }
            }
        ],
        [
            {
                "query": {
                    "x1": -2.119955188107758,
                    "x2": 15.0
                },
                "metrics": {
                    "outcome": 30.444089400499156
                },
                "metadata": {
                    "trials": 1
                }
            },
            {
                "query": {
                    "x1": -2.0870167503989836,
                    "x2": 15.0
                },
                "metrics": {
                    "outcome": 31.431108913636375
                },
                "metadata": {
                    "trials": 1
                }
            },
            {
                "query": {
                    "x1": -2.152799396007751,
                    "x2": 15.0
                },
                "metrics": {
                    "outcome": 29.472378577866984
                },
                "metadata": {
                    "trials": 1
                }
            },
            {
                "query": {
                    "x1": -2.1818021775189123,
                    "x2": 15.0
                },
                "metrics": {
                    "outcome": 28.62500729341425
                },
                "metadata": {
                    "trials": 1
                }
            },
            {
                "query": {
                    "x1": -2.056941652124679,
                    "x2": 15.0
                },
                "metrics": {
                    "outcome": 32.342927435294044
                },
                "metadata": {
                    "trials": 1
                }
            },
            {
                "query": {
                    "x1": -2.1350707323736255,
                    "x2": 14.975768817344619
                },
                "metrics": {
                    "outcome": 29.75295942015973
                },
                "metadata": {
                    "trials": 1
                }
            }
        ],
        [
            {
                "query": {
                    "x1": -3.236259217745313,
                    "x2": 13.014231782582442
                },
                "metrics": {
                    "outcome": 0.7015604389256875
                },
                "metadata": {
                    "trials": 1
                }
            },
            {
                "query": {
                    "x1": -3.2360873141245063,
                    "x2": 13.012098331309227
                },
                "metrics": {
                    "outcome": 0.6996551026784488
                },
                "metadata": {
                    "trials": 1
                }
            },
            {
                "query": {
                    "x1": -3.2364661960802987,
                    "x2": 13.016780826617179
                },
                "metrics": {
                    "outcome": 0.7038425062825926
                },
                "metadata": {
                    "trials": 1
                }
            },
            {
                "query": {
                    "x1": -3.2359457283107242,
                    "x2": 13.010342400058008
                },
                "metrics": {
                    "outcome": 0.6980917034358036
                },
                "metadata": {
                    "trials": 1
                }
            },
            {
                "query": {
                    "x1": -3.2365937488030276,
                    "x2": 13.018347877250411
                },
                "metrics": {
                    "outcome": 0.7052492934550738
                },
                "metadata": {
                    "trials": 1
                }
            },
            {
                "query": {
                    "x1": -3.235533036809863,
                    "x2": 13.015254192530644
                },
                "metrics": {
                    "outcome": 0.7037557630352111
                },
                "metadata": {
                    "trials": 1
                }
            }
        ],
        [
            {
                "query": {
                    "x1": -3.1257556084015756,
                    "x2": 12.70349857190655
                },
                "metrics": {
                    "outcome": 0.6167383636266397
                },
                "metadata": {
                    "trials": 1
                }
            },
            {
                "query": {
                    "x1": -3.1243904152420803,
                    "x2": 12.720887517386828
                },
                "metrics": {
                    "outcome": 0.6366625135917019
                },
                "metadata": {
                    "trials": 1
                }
            },
            {
                "query": {
                    "x1": -3.127065531836752,
                    "x2": 12.686122538811432
                },
                "metrics": {
                    "outcome": 0.5978231701560119
                },
                "metadata": {
                    "trials": 1
                }
            },
            {
                "query": {
                    "x1": -3.139183251159799,
                    "x2": 12.713037763002907
                },
                "metrics": {
                    "outcome": 0.594897976126699
                },
                "metadata": {
                    "trials": 1
                }
            },
            {
                "query": {
                    "x1": -3.1230785618088834,
                    "x2": 12.737049541498584
                },
                "metrics": {
                    "outcome": 0.6560742742317984
                },
                "metadata": {
                    "trials": 1
                }
            },
            {
                "query": {
                    "x1": -3.1282279524910788,
                    "x2": 12.66905549251664
                },
                "metrics": {
                    "outcome": 0.580349559578778
                },
                "metadata": {
                    "trials": 1
                }
            }
        ],
        [
            {
                "query": {
                    "x1": -3.2409557526008896,
                    "x2": 12.303037262698824
                },
                "metrics": {
                    "outcome": 0.49020668701179204
                },
                "metadata": {
                    "trials": 1
                }
            },
            {
                "query": {
                    "x1": -3.2425900823771716,
                    "x2": 12.314067889719881
                },
                "metrics": {
                    "outcome": 0.4888318859368326
                },
                "metadata": {
                    "trials": 1
                }
            },
            {
                "query": {
                    "x1": -3.2393148820923576,
                    "x2": 12.292027190772354
                },
                "metrics": {
                    "outcome": 0.4916849231057565
                },
                "metadata": {
                    "trials": 1
                }
            },
            {
                "query": {
                    "x1": -3.2377014766701553,
                    "x2": 12.28126796542074
                },
                "metrics": {
                    "outcome": 0.4932299689234547
                },
                "metadata": {
                    "trials": 1
                }
            },
            {
                "query": {
                    "x1": -3.236085406356404,
                    "x2": 12.270553557126092
                },
                "metrics": {
                    "outcome": 0.49486753312878307
                },
                "metadata": {
                    "trials": 1
                }
            },
            {
                "query": {
                    "x1": -3.2296096599245168,
                    "x2": 12.289576685954097
                },
                "metrics": {
                    "outcome": 0.47424133187871753
                },
                "metadata": {
                    "trials": 1
                }
            }
        ],
        [
            {
                "query": {
                    "x1": 2.972097947631112,
                    "x2": 15.0
                },
                "metrics": {
                    "outcome": 159.02109239150428
                },
                "metadata": {
                    "trials": 1
                }
            },
            {
                "query": {
                    "x1": 2.8013388949786284,
                    "x2": 15.0
                },
                "metrics": {
                    "outcome": 155.81878363265633
                },
                "metadata": {
                    "trials": 1
                }
            },
            {
                "query": {
                    "x1": 3.1428041615798605,
                    "x2": 15.0
                },
                "metrics": {
                    "outcome": 162.3475607756861
                },
                "metadata": {
                    "trials": 1
                }
            },
            {
                "query": {
                    "x1": 2.906317495534605,
                    "x2": 14.84196416919912
                },
                "metrics": {
                    "outcome": 153.8360105525225
                },
                "metadata": {
                    "trials": 1
                }
            },
            {
                "query": {
                    "x1": 3.0786087852419826,
                    "x2": 14.840976030573163
                },
                "metrics": {
                    "outcome": 157.07581908916282
                },
                "metadata": {
                    "trials": 1
                }
            },
            {
                "query": {
                    "x1": 2.7332654254896402,
                    "x2": 14.84185666695914
                },
                "metrics": {
                    "outcome": 150.68390283860225
                },
                "metadata": {
                    "trials": 1
                }
            }
        ],
        [
            {
                "query": {
                    "x1": -5.0,
                    "x2": 0.9751241514957498
                },
                "metrics": {
                    "outcome": 275.56034367733315
                },
                "metadata": {
                    "trials": 1
                }
            },
            {
                "query": {
                    "x1": -4.999638105972372,
                    "x2": 0.911751018262107
                },
                "metrics": {
                    "outcome": 277.5819027807604
                },
                "metadata": {
                    "trials": 1
                }
            },
            {
                "query": {
                    "x1": -5.0,
                    "x2": 1.0373080760798308
                },
                "metrics": {
                    "outcome": 273.5479296296512
                },
                "metadata": {
                    "trials": 1
                }
            },
            {
                "query": {
                    "x1": -5.0,
                    "x2": 0.8501361438294897
                },
                "metrics": {
                    "outcome": 279.6286357672351
                },
                "metadata": {
                    "trials": 1
                }
            },
            {
                "query": {
                    "x1": -5.0,
                    "x2": 1.0982213713417475
                },
                "metrics": {
                    "outcome": 271.5841343107469
                },
                "metadata": {
                    "trials": 1
                }
            },
            {
                "query": {
                    "x1": -5.0,
                    "x2": 0.7889457172992695
                },
                "metrics": {
                    "outcome": 281.6317434133968
                },
                "metadata": {
                    "trials": 1
                }
            }
        ],
        [
            {
                "query": {
                    "x1": 10.0,
                    "x2": 8.189019547203698
                },
                "metrics": {
                    "outcome": 28.838389501221513
                },
                "metadata": {
                    "trials": 1
                }
            },
            {
                "query": {
                    "x1": 9.999623903184546,
                    "x2": 8.229541993232981
                },
                "metrics": {
                    "outcome": 29.262271869141735
                },
                "metadata": {
                    "trials": 1
                }
            },
            {
                "query": {
                    "x1": 10.0,
                    "x2": 8.148531421412969
                },
                "metrics": {
                    "outcome": 28.420080852043284
                },
                "metadata": {
                    "trials": 1
                }
            },
            {
                "query": {
                    "x1": 10.0,
                    "x2": 8.108896004108194
                },
                "metrics": {
                    "outcome": 28.01375780812181
                },
                "metadata": {
                    "trials": 1
                }
            },
            {
                "query": {
                    "x1": 10.0,
                    "x2": 8.269204699804261
                },
                "metrics": {
                    "outcome": 29.676509656719112
                },
                "metadata": {
                    "trials": 1
                }
            },
            {
                "query": {
                    "x1": 9.99962441932367,
                    "x2": 8.308360434609876
                },
                "metrics": {
                    "outcome": 30.09244292291651
                },
                "metadata": {
                    "trials": 1
                }
            }
        ],
        [
            {
                "query": {
                    "x1": -2.000835845079776,
                    "x2": 9.184677719410475
                },
                "metrics": {
                    "outcome": 6.264022492814096
                },
                "metadata": {
                    "trials": 1
                }
            },
            {
                "query": {
                    "x1": -2.0112423630331864,
                    "x2": 9.217315988644847
                },
                "metrics": {
                    "outcome": 6.162485032909564
                },
                "metadata": {
                    "trials": 1
                }
            },
            {
                "query": {
                    "x1": -1.989250251222861,
                    "x2": 9.152333376809558
                },
                "metrics": {
                    "outcome": 6.37367087316218
                },
                "metadata": {
                    "trials": 1
                }
            },
            {
                "query": {
                    "x1": -1.9674094992182507,
                    "x2": 9.1800484956496
                },
                "metrics": {
                    "outcome": 6.494331549578757
                },
                "metadata": {
                    "trials": 1
                }
            },
            {
                "query": {
                    "x1": -2.034039840896072,
                    "x2": 9.190256091783239
                },
                "metrics": {
                    "outcome": 6.047413461344934
                },
                "metadata": {
                    "trials": 1
                }
            },
            {
                "query": {
                    "x1": -1.978141714498506,
                    "x2": 9.212449978837299
                },
                "metrics": {
                    "outcome": 6.390702241498584
                },
                "metadata": {
                    "trials": 1
                }
            }
        ],
        [
            {
                "query": {
                    "x1": 3.075725038262558,
                    "x2": 5.912834512063307
                },
                "metrics": {
                    "outcome": 13.277435361762624
                },
                "metadata": {
                    "trials": 1
                }
            },
            {
                "query": {
                    "x1": 3.1032539775442416,
                    "x2": 5.939141690631774
                },
                "metrics": {
                    "outcome": 13.611284830165015
                },
                "metadata": {
                    "trials": 1
                }
            },
            {
                "query": {
                    "x1": 3.048423138359702,
                    "x2": 5.886217949510982
                },
                "metrics": {
                    "outcome": 12.952996783861227
                },
                "metadata": {
                    "trials": 1
                }
            },
            {
                "query": {
                    "x1": 3.0219950248741263,
                    "x2": 5.859924570553467
                },
                "metrics": {
                    "outcome": 12.645233964721957
                },
                "metadata": {
                    "trials": 1
                }
            },
            {
                "query": {
                    "x1": 3.11075959593226,
                    "x2": 5.903160748224458
                },
                "metrics": {
                    "outcome": 13.391213127969715
                },
                "metadata": {
                    "trials": 1
                }
            },
            {
                "query": {
                    "x1": 3.067649354504338,
                    "x2": 5.94828261761154
                },
                "metrics": {
                    "outcome": 13.491706693216862
                },
                "metadata": {
                    "trials": 1
                }
            }
        ],
        [
            {
                "query": {
                    "x1": 8.00321451772855,
                    "x2": 0.0
                },
                "metrics": {
                    "outcome": 10.934554615463906
                },
                "metadata": {
                    "trials": 1
                }
            },
            {
                "query": {
                    "x1": 8.041451947217771,
                    "x2": 0.0
                },
                "metrics": {
                    "outcome": 10.629501724841786
                },
                "metadata": {
                    "trials": 1
                }
            },
            {
                "query": {
                    "x1": 7.965038959277262,
                    "x2": 0.0
                },
                "metrics": {
                    "outcome": 11.243016294483024
                },
                "metadata": {
                    "trials": 1
                }
            },
            {
                "query": {
                    "x1": 8.078938975844851,
                    "x2": 0.0
                },
                "metrics": {
                    "outcome": 10.334783138643926
                },
                "metadata": {
                    "trials": 1
                }
            },
            {
                "query": {
                    "x1": 7.927672537032274,
                    "x2": 0.0
                },
                "metrics": {
                    "outcome": 11.548167578138646
                },
                "metadata": {
                    "trials": 1
                }
            },
            {
                "query": {
                    "x1": 8.115979296266444,
                    "x2": 0.0
                },
                "metrics": {
                    "outcome": 10.048331550612282
                },
                "metadata": {
                    "trials": 1
                }
            }
        ],
        [
            {
                "query": {
                    "x1": 2.3250717328884454,
                    "x2": 0.0
                },
                "metrics": {
                    "outcome": 12.412251256336713
                },
                "metadata": {
                    "trials": 1
                }
            },
            {
                "query": {
                    "x1": -4.9999999999999885,
                    "x2": 15.0
                },
                "metrics": {
                    "outcome": 17.508299515777917
                },
                "metadata": {
                    "trials": 1
                }
            },
            {
                "query": {
                    "x1": -5.0,
                    "x2": 14.967721683509673
                },
                "metrics": {
                    "outcome": 17.650549994669596
                },
                "metadata": {
                    "trials": 1
                }
            },
            {
                "query": {
                    "x1": -4.969037348246892,
                    "x2": 15.0
                },
                "metrics": {
                    "outcome": 16.839870740387752
                },
                "metadata": {
                    "trials": 1
                }
            },
            {
                "query": {
                    "x1": -5.0,
                    "x2": 14.935560823750661
                },
                "metrics": {
                    "outcome": 17.794355261281638
                },
                "metadata": {
                    "trials": 1
                }
            },
            {
                "query": {
                    "x1": -4.96914133512875,
                    "x2": 14.967868701719851
                },
                "metrics": {
                    "outcome": 16.977979166078807
                },
                "metadata": {
                    "trials": 1
                }
            }
        ],
        [
            {
                "query": {
                    "x1": 10.0,
                    "x2": 15.0
                },
                "metrics": {
                    "outcome": 145.87219087939556
                },
                "metadata": {
                    "trials": 1
                }
            },
            {
                "query": {
                    "x1": 9.96796376814807,
                    "x2": 15.0
                },
                "metrics": {
                    "outcome": 146.46946375114254
                },
                "metadata": {
                    "trials": 1
                }
            },
            {
                "query": {
                    "x1": 9.935969234072012,
                    "x2": 15.0
                },
                "metrics": {
                    "outcome": 147.06999464519393
                },
                "metadata": {
                    "trials": 1
                }
            },
            {
                "query": {
                    "x1": 10.0,
                    "x2": 14.9695990758621
                },
                "metrics": {
                    "outcome": 145.14367268333567
                },
                "metadata": {
                    "trials": 1
                }
            },
            {
                "query": {
                    "x1": 9.904018947396354,
                    "x2": 15.0
                },
                "metrics": {
                    "outcome": 147.67382768877195
                },
                "metadata": {
                    "trials": 1
                }
            },
            {
                "query": {
                    "x1": 9.967935089991036,
                    "x2": 14.96958965439731
                },
                "metrics": {
                    "outcome": 145.7393297246612
                },
                "metadata": {
                    "trials": 1
                }
            }
        ],
        [
            {
                "query": {
                    "x1": -4.999999999999505,
                    "x2": 9.342515412386357
                },
                "metrics": {
                    "outcome": 74.26534102830924
                },
                "metadata": {
                    "trials": 1
                }
            },
            {
                "query": {
                    "x1": -5.0,
                    "x2": 9.318183273508378
                },
                "metrics": {
                    "outcome": 74.64769677159822
                },
                "metadata": {
                    "trials": 1
                }
            },
            {
                "query": {
                    "x1": -5.0,
                    "x2": 9.366815313026015
                },
                "metrics": {
                    "outcome": 73.88467363115885
                },
                "metadata": {
                    "trials": 1
                }
            },
            {
                "query": {
                    "x1": -5.0,
                    "x2": 9.295292060453006
                },
                "metrics": {
                    "outcome": 75.0084907759187
                },
                "metadata": {
                    "trials": 1
                }
            },
            {
                "query": {
                    "x1": -5.0,
                    "x2": 9.389637751142027
                },
                "metrics": {
                    "outcome": 73.52822670586804
                },
                "metadata": {
                    "trials": 1
                }
            },
            {
                "query": {
                    "x1": -5.0,
                    "x2": 9.27323819243838
                },
                "metrics": {
                    "outcome": 75.35707839326352
                },
                "metadata": {
                    "trials": 1
                }
            }
        ],
        [
            {
                "query": {
                    "x1": -2.878600495897126,
                    "x2": 15.0
                },
                "metrics": {
                    "outcome": 11.937803501636555
                },
                "metadata": {
                    "trials": 1
                }
            },
            {
                "query": {
                    "x1": -2.8786083126010222,
                    "x2": 15.0
                },
                "metrics": {
                    "outcome": 11.93766175538089
                },
                "metadata": {
                    "trials": 1
                }
            },
            {
                "query": {
                    "x1": -2.8785848637973928,
                    "x2": 15.0
                },
                "metrics": {
                    "outcome": 11.93808697380916
                },
                "metadata": {
                    "trials": 1
                }
            },
            {
                "query": {
                    "x1": -2.878624376150198,
                    "x2": 15.0
                },
                "metrics": {
                    "outcome": 11.937370466326188
                },
                "metadata": {
                    "trials": 1
                }
            },
            {
                "query": {
                    "x1": -2.8785706156360056,
                    "x2": 15.0
                },
                "metrics": {
                    "outcome": 11.938345353599681
                },
                "metadata": {
                    "trials": 1
                }
            },
            {
                "query": {
                    "x1": -2.8785623791459596,
                    "x2": 15.0
                },
                "metrics": {
                    "outcome": 11.938494717918024
                },
                "metadata": {
                    "trials": 1
                }
            }
        ],
        [
            {
                "query": {
                    "x1": 3.0047168538206517,
                    "x2": 15.0
                },
                "metrics": {
                    "outcome": 159.64700957111222
                },
                "metadata": {
                    "trials": 1
                }
            },
            {
                "query": {
                    "x1": 3.009483430927034,
                    "x2": 14.999621469851828
                },
                "metrics": {
                    "outcome": 159.72930567631795
                },
                "metadata": {
                    "trials": 1
                }
            },
            {
                "query": {
                    "x1": 3.0001668405441464,
                    "x2": 14.99962592027784
                },
                "metrics": {
                    "outcome": 159.5499886858334
                },
                "metadata": {
                    "trials": 1
                }
            },
            {
                "query": {
                    "x1": 3.013773226024801,
                    "x2": 14.999623901261078
                },
                "metrics": {
                    "outcome": 159.81211085149047
                },
                "metadata": {
                    "trials": 1
                }
            },
            {
                "query": {
                    "x1": 2.99576225579201,
                    "x2": 14.999622657918753
                },
                "metrics": {
                    "outcome": 159.46520861778663
                },
                "metadata": {
                    "trials": 1
                }
            },
            {
                "query": {
                    "x1": 3.007066980515976,
                    "x2": 14.999623821032829
                },
                "metrics": {
                    "outcome": 159.68279028442157
                },
                "metadata": {
                    "trials": 1
                }
            }
        ],
        [
            {
                "query": {
                    "x1": -4.99965849864522,
                    "x2": 2.610395217100317
                },
                "metrics": {
                    "outcome": 225.17980455955544
                },
                "metadata": {
                    "trials": 1
                }
            },
            {
                "query": {
                    "x1": -4.999617297091852,
                    "x2": 2.620670226742491
                },
                "metrics": {
                    "outcome": 224.87653335841136
                },
                "metadata": {
                    "trials": 1
                }
            },
            {
                "query": {
                    "x1": -4.999613941905283,
                    "x2": 2.5999683486031198
                },
                "metrics": {
                    "outcome": 225.47971879464384
                },
                "metadata": {
                    "trials": 1
                }
            },
            {
                "query": {
                    "x1": -4.992064602269981,
                    "x2": 2.615434068020479
                },
                "metrics": {
                    "outcome": 224.32554967843623
                },
                "metadata": {
                    "trials": 1
                }
            },
            {
                "query": {
                    "x1": -4.999593186431929,
                    "x2": 2.6305847881925186
                },
                "metrics": {
                    "outcome": 224.5855630686049
                },
                "metadata": {
                    "trials": 1
                }
            },
            {
                "query": {
                    "x1": -4.999642103338634,
                    "x2": 2.5899850048958273
                },
                "metrics": {
                    "outcome": 225.77368782933226
                },
                "metadata": {
                    "trials": 1
                }
            }
        ],
        [
            {
                "query": {
                    "x1": -1.0076719887194936,
                    "x2": 0.0
                },
                "metrics": {
                    "outcome": 74.95510812168354
                },
                "metadata": {
                    "trials": 1
                }
            },
            {
                "query": {
                    "x1": -1.0052208564437297,
                    "x2": 0.00036480646549240327
                },
                "metrics": {
                    "outcome": 74.89916547112264
                },
                "metadata": {
                    "trials": 1
                }
            },
            {
                "query": {
                    "x1": -1.0101143372141603,
                    "x2": 0.00037851549488332974
                },
                "metrics": {
                    "outcome": 74.99940582192463
                },
                "metadata": {
                    "trials": 1
                }
            },
            {
                "query": {
                    "x1": -1.0122065994125298,
                    "x2": 0.00037494976555099577
                },
                "metrics": {
                    "outcome": 75.0424525325075
                },
                "metadata": {
                    "trials": 1
                }
            },
            {
                "query": {
                    "x1": -1.00313034748975,
                    "x2": 0.0003752781669246637
                },
                "metrics": {
                    "outcome": 74.85613175368226
                },
                "metadata": {
                    "trials": 1
                }
            },
            {
                "query": {
                    "x1": -1.0065225671786302,
                    "x2": 0.00037495327637127664
                },
                "metrics": {
                    "outcome": 74.92571646366994
                },
                "metadata": {
                    "trials": 1
                }
            }
        ],
        [
            {
                "query": {
                    "x1": 6.49779908761276,
                    "x2": 8.648717650513888
                },
                "metrics": {
                    "outcome": 76.17216173935729
                },
                "metadata": {
                    "trials": 1
                }
            },
            {
                "query": {
                    "x1": 6.49779908761276,
                    "x2": 8.648717650513888
                },
                "metrics": {
                    "outcome": 76.17216173935729
                },
                "metadata": {
                    "trials": 1
                }
            },
            {
                "query": {
                    "x1": 6.49779908761276,
                    "x2": 8.648717650513888
                },
                "metrics": {
                    "outcome": 76.17216173935729
                },
                "metadata": {
                    "trials": 1
                }
            },
            {
                "query": {
                    "x1": 6.49779908761276,
                    "x2": 8.648717650513888
                },
                "metrics": {
                    "outcome": 76.17216173935729
                },
                "metadata": {
                    "trials": 1
                }
            },
            {
                "query": {
                    "x1": 6.49779908761276,
                    "x2": 8.648717650513888
                },
                "metrics": {
                    "outcome": 76.17216173935729
                },
                "metadata": {
                    "trials": 1
                }
            },
            {
                "query": {
                    "x1": 6.49779908761276,
                    "x2": 8.648717650513888
                },
                "metrics": {
                    "outcome": 76.17216173935729
                },
                "metadata": {
                    "trials": 1
                }
            }
        ],
        [
            {
                "query": {
                    "x1": -0.3424878656915409,
                    "x2": 9.831808673029746
                },
                "metrics": {
                    "outcome": 29.74760710879729
                },
                "metadata": {
                    "trials": 1
                }
            },
            {
                "query": {
                    "x1": -0.3424878656915409,
                    "x2": 9.831808673029746
                },
                "metrics": {
                    "outcome": 29.74760710879729
                },
                "metadata": {
                    "trials": 1
                }
            },
            {
                "query": {
                    "x1": -0.3424878656915409,
                    "x2": 9.831808673029746
                },
                "metrics": {
                    "outcome": 29.74760710879729
                },
                "metadata": {
                    "trials": 1
                }
            },
            {
                "query": {
                    "x1": -0.3424878656915409,
                    "x2": 9.831808673029746
                },
                "metrics": {
                    "outcome": 29.74760710879729
                },
                "metadata": {
                    "trials": 1
                }
            },
            {
                "query": {
                    "x1": -0.3424878656915409,
                    "x2": 9.831808673029746
                },
                "metrics": {
                    "outcome": 29.74760710879729
                },
                "metadata": {
                    "trials": 1
                }
            },
            {
                "query": {
                    "x1": -0.3424878656915409,
                    "x2": 9.831808673029746
                },
                "metrics": {
                    "outcome": 29.74760710879729
                },
                "metadata": {
                    "trials": 1
                }
            }
        ],
        [
            {
                "query": {
                    "x1": 10.0,
                    "x2": 0.0
                },
                "metrics": {
                    "outcome": 10.960889035651505
                },
                "metadata": {
                    "trials": 1
                }
            },
            {
                "query": {
                    "x1": 10.0,
                    "x2": 0.0
                },
                "metrics": {
                    "outcome": 10.960889035651505
                },
                "metadata": {
                    "trials": 1
                }
            },
            {
                "query": {
                    "x1": 10.0,
                    "x2": 0.0
                },
                "metrics": {
                    "outcome": 10.960889035651505
                },
                "metadata": {
                    "trials": 1
                }
            },
            {
                "query": {
                    "x1": 10.0,
                    "x2": 0.0
                },
                "metrics": {
                    "outcome": 10.960889035651505
                },
                "metadata": {
                    "trials": 1
                }
            },
            {
                "query": {
                    "x1": 10.0,
                    "x2": 0.0
                },
                "metrics": {
                    "outcome": 10.960889035651505
                },
                "metadata": {
                    "trials": 1
                }
            },
            {
                "query": {
                    "x1": 10.0,
                    "x2": 0.0
                },
                "metrics": {
                    "outcome": 10.960889035651505
                },
                "metadata": {
                    "trials": 1
                }
            }
        ]
    ],
    "best_results": [
        {
            "query": {
                "x1": -3.2296096599245168,
                "x2": 12.289576685954097
            },
            "metrics": [
                {
                    "name": "outcome",
                    "value": 0.47424133187871753
                }
            ]
        }
    ]
}