{
    "date": "05/11/2022 12:05:17",
    "basic_params": {
        "active_variables": [
            "x1",
            "x2"
        ],
        "default_query": {},
        "metric": "basic",
        "n_trials": 1
    },
    "objective_function": {
        "name": "Branin",
        "params": {}
    },
    "optimizer": {
        "name": "BBO-LP(LCBa)-FoD",
        "params": {
            "lower_bound": [
                -5.0,
                0.0
            ],
            "upper_bound": [
                10.0,
                15.0
            ],
            "invert_metric": false,
            "bopt_params": {
                "n_init_samples": 12,
                "n_iterations": 23,
                "n_iter_relearn": 5,
                "verbose_level": 0,
                "n_parallel_samples": 6,
                "fixed_dataset_size": 50,
                "par_type": "PAR_BBO",
                "crit_name": "cLP(cLCBa)",
                "n_crit_params": 3,
                "crit_params": [
                    6,
                    1,
                    5.0
                ]
            }
        }
    },
    "iterations": [
        [
            {
                "query": {
                    "x1": 8.318071149697062,
                    "x2": 1.0201155062532052
                },
                "metrics": {
                    "outcome": 6.163837477917633
                },
                "metadata": {
                    "trials": 1
                }
            }
        ],
        [
            {
                "query": {
                    "x1": -1.4465137678780593,
                    "x2": 12.74494548997609
                },
                "metrics": {
                    "outcome": 28.59957248030035
                },
                "metadata": {
                    "trials": 1
                }
            }
        ],
        [
            {
                "query": {
                    "x1": -0.3842280525714159,
                    "x2": 8.952742110122927
                },
                "metrics": {
                    "outcome": 24.29439633294938
                },
                "metadata": {
                    "trials": 1
                }
            }
        ],
        [
            {
                "query": {
                    "x1": -4.115925021760631,
                    "x2": 1.8738116262829863
                },
                "metrics": {
                    "outcome": 170.12431014664642
                },
                "metadata": {
                    "trials": 1
                }
            }
        ],
        [
            {
                "query": {
                    "x1": 4.200232645962387,
                    "x2": 4.236709997639991
                },
                "metrics": {
                    "outcome": 12.277323000325069
                },
                "metadata": {
                    "trials": 1
                }
            }
        ],
        [
            {
                "query": {
                    "x1": 7.364039203966968,
                    "x2": 11.601859842485283
                },
                "metrics": {
                    "outcome": 120.94943045880751
                },
                "metadata": {
                    "trials": 1
                }
            }
        ],
        [
            {
                "query": {
                    "x1": 8.798832877655514,
                    "x2": 2.8004716758732684
                },
                "metrics": {
                    "outcome": 2.8629287515175657
                },
                "metadata": {
                    "trials": 1
                }
            }
        ],
        [
            {
                "query": {
                    "x1": 2.1689020286430605,
                    "x2": 6.593558135500643
                },
                "metrics": {
                    "outcome": 16.411533694499013
                },
                "metadata": {
                    "trials": 1
                }
            }
        ],
        [
            {
                "query": {
                    "x1": 3.6396041358239017,
                    "x2": 7.6999053632607675
                },
                "metrics": {
                    "outcome": 34.987003394005825
                },
                "metadata": {
                    "trials": 1
                }
            }
        ],
        [
            {
                "query": {
                    "x1": 0.04265823867172003,
                    "x2": 5.130513103795238
                },
                "metrics": {
                    "outcome": 20.236307559202164
                },
                "metadata": {
                    "trials": 1
                }
            }
        ],
        [
            {
                "query": {
                    "x1": 5.772174524026923,
                    "x2": 13.816899957600981
                },
                "metrics": {
                    "outcome": 179.65101482682903
                },
                "metadata": {
                    "trials": 1
                }
            }
        ],
        [
            {
                "query": {
                    "x1": -2.565302499278914,
                    "x2": 10.507350269472227
                },
                "metrics": {
                    "outcome": 2.1298515878497195
                },
                "metadata": {
                    "trials": 1
                }
            }
        ],
        [
            {
                "query": {
                    "x1": -3.7385260979270307,
                    "x2": 11.436679241282999
                },
                "metrics": {
                    "outcome": 7.435868655876823
                },
                "metadata": {
                    "trials": 1
                }
            },
            {
                "query": {
                    "x1": -3.738719506573921,
                    "x2": 11.437032800931366
                },
                "metrics": {
                    "outcome": 7.4375670511041285
                },
                "metadata": {
                    "trials": 1
                }
            },
            {
                "query": {
                    "x1": -3.7381953080239336,
                    "x2": 11.436074534636777
                },
                "metrics": {
                    "outcome": 7.432964784786736
                },
                "metadata": {
                    "trials": 1
                }
            },
            {
                "query": {
                    "x1": -3.738996607918109,
                    "x2": 11.43753974526917
                },
                "metrics": {
                    "outcome": 7.439999236738815
                },
                "metadata": {
                    "trials": 1
                }
            },
            {
                "query": {
                    "x1": -3.737952192464316,
                    "x2": 11.435629855188223
                },
                "metrics": {
                    "outcome": 7.430832431075277
                },
                "metadata": {
                    "trials": 1
                }
            },
            {
                "query": {
                    "x1": -3.739214818767821,
                    "x2": 11.437938698533788
                },
                "metrics": {
                    "outcome": 7.441916253689442
                },
                "metadata": {
                    "trials": 1
                }
            }
        ],
        [
            {
                "query": {
                    "x1": 10.0,
                    "x2": 2.5545942519343843
                },
                "metrics": {
                    "outcome": 2.1441694627194883
                },
                "metadata": {
                    "trials": 1
                }
            },
            {
                "query": {
                    "x1": 10.0,
                    "x2": 2.5839241580204733
                },
                "metrics": {
                    "outcome": 2.11872885468237
                },
                "metadata": {
                    "trials": 1
                }
            },
            {
                "query": {
                    "x1": 10.0,
                    "x2": 2.525227930133022
                },
                "metrics": {
                    "outcome": 2.1713653498753587
                },
                "metadata": {
                    "trials": 1
                }
            },
            {
                "query": {
                    "x1": 10.0,
                    "x2": 2.498170784054263
                },
                "metrics": {
                    "outcome": 2.1979493881243464
                },
                "metadata": {
                    "trials": 1
                }
            },
            {
                "query": {
                    "x1": 10.0,
                    "x2": 2.6106317460134374
                },
                "metrics": {
                    "outcome": 2.097059458028408
                },
                "metadata": {
                    "trials": 1
                }
            },
            {
                "query": {
                    "x1": 10.0,
                    "x2": 2.472418480761603
                },
                "metrics": {
                    "outcome": 2.2246113643776226
                },
                "metadata": {
                    "trials": 1
                }
            }
        ],
        [
            {
                "query": {
                    "x1": 3.5669604602417113,
                    "x2": 0.0
                },
                "metrics": {
                    "outcome": 5.121262060427521
                },
                "metadata": {
                    "trials": 1
                }
            },
            {
                "query": {
                    "x1": 3.6509774362408294,
                    "x2": 0.0
                },
                "metrics": {
                    "outcome": 5.269885234215749
                },
                "metadata": {
                    "trials": 1
                }
            },
            {
                "query": {
                    "x1": 3.4833075282450334,
                    "x2": 0.0
                },
                "metrics": {
                    "outcome": 5.048005918594775
                },
                "metadata": {
                    "trials": 1
                }
            },
            {
                "query": {
                    "x1": 3.7314429411061187,
                    "x2": 0.0
                },
                "metrics": {
                    "outcome": 5.479813869476093
                },
                "metadata": {
                    "trials": 1
                }
            },
            {
                "query": {
                    "x1": 3.4029476330670025,
                    "x2": 0.0
                },
                "metrics": {
                    "outcome": 5.050384691745278
                },
                "metadata": {
                    "trials": 1
                }
            },
            {
                "query": {
                    "x1": 3.8098585351576713,
                    "x2": 0.0
                },
                "metrics": {
                    "outcome": 5.744996491952222
                },
                "metadata": {
                    "trials": 1
                }
            }
        ],
        [
            {
                "query": {
                    "x1": -2.833761863041903,
                    "x2": 10.246967501955899
                },
                "metrics": {
                    "outcome": 2.5405088539432406
                },
                "metadata": {
                    "trials": 1
                }
            },
            {
                "query": {
                    "x1": -2.837281710316648,
                    "x2": 10.26237695560357
                },
                "metrics": {
                    "outcome": 2.5115755306946204
                },
                "metadata": {
                    "trials": 1
                }
            },
            {
                "query": {
                    "x1": -2.8301675671306588,
                    "x2": 10.231604214073919
                },
                "metrics": {
                    "outcome": 2.5693144737556324
                },
                "metadata": {
                    "trials": 1
                }
            },
            {
                "query": {
                    "x1": -2.8472249715520226,
                    "x2": 10.251254962538756
                },
                "metrics": {
                    "outcome": 2.573179101906552
                },
                "metadata": {
                    "trials": 1
                }
            },
            {
                "query": {
                    "x1": -2.8235059216255625,
                    "x2": 10.256674312200873
                },
                "metrics": {
                    "outcome": 2.484754376706224
                },
                "metadata": {
                    "trials": 1
                }
            },
            {
                "query": {
                    "x1": -2.840334823613533,
                    "x2": 10.276291170823283
                },
                "metrics": {
                    "outcome": 2.4852516114828056
                },
                "metadata": {
                    "trials": 1
                }
            }
        ],
        [
            {
                "query": {
                    "x1": 9.527556375442419,
                    "x2": 3.308285894308839
                },
                "metrics": {
                    "outcome": 1.0039192580274534
                },
                "metadata": {
                    "trials": 1
                }
            },
            {
                "query": {
                    "x1": 9.530806229376307,
                    "x2": 3.3328663733229753
                },
                "metrics": {
                    "outcome": 1.0400639604057424
                },
                "metadata": {
                    "trials": 1
                }
            },
            {
                "query": {
                    "x1": 9.524533144091734,
                    "x2": 3.2837026073539297
                },
                "metrics": {
                    "outcome": 0.9687451441397492
                },
                "metadata": {
                    "trials": 1
                }
            },
            {
                "query": {
                    "x1": 9.521899226743727,
                    "x2": 3.2605611095027025
                },
                "metrics": {
                    "outcome": 0.9365299940939753
                },
                "metadata": {
                    "trials": 1
                }
            },
            {
                "query": {
                    "x1": 9.534216342625419,
                    "x2": 3.3565350508661145
                },
                "metrics": {
                    "outcome": 1.0757618022039175
                },
                "metadata": {
                    "trials": 1
                }
            },
            {
                "query": {
                    "x1": 9.50780733238264,
                    "x2": 3.2984474430074164
                },
                "metrics": {
                    "outcome": 0.9972523256709174
                },
                "metadata": {
                    "trials": 1
                }
            }
        ],
        [
            {
                "query": {
                    "x1": 9.420494419006612,
                    "x2": 2.5732111085832696
                },
                "metrics": {
                    "outcome": 0.4083431698511024
                },
                "metadata": {
                    "trials": 1
                }
            },
            {
                "query": {
                    "x1": 9.418480869511475,
                    "x2": 2.560722566769721
                },
                "metrics": {
                    "outcome": 0.40636404565078976
                },
                "metadata": {
                    "trials": 1
                }
            },
            {
                "query": {
                    "x1": 9.4225320590928,
                    "x2": 2.585691297589006
                },
                "metrics": {
                    "outcome": 0.41058698196899535
                },
                "metadata": {
                    "trials": 1
                }
            },
            {
                "query": {
                    "x1": 9.424432749363811,
                    "x2": 2.5971659440489567
                },
                "metrics": {
                    "outcome": 0.41288367655369385
                },
                "metadata": {
                    "trials": 1
                }
            },
            {
                "query": {
                    "x1": 9.416552182046786,
                    "x2": 2.54857405268648
                },
                "metrics": {
                    "outcome": 0.404693094664081
                },
                "metadata": {
                    "trials": 1
                }
            },
            {
                "query": {
                    "x1": 9.431034565485335,
                    "x2": 2.5778433872594633
                },
                "metrics": {
                    "outcome": 0.40759339521366833
                },
                "metadata": {
                    "trials": 1
                }
            }
        ],
        [
            {
                "query": {
                    "x1": 9.413586202721397,
                    "x2": 2.394571114282263
                },
                "metrics": {
                    "outcome": 0.4035303605252949
                },
                "metadata": {
                    "trials": 1
                }
            },
            {
                "query": {
                    "x1": 9.416143765785232,
                    "x2": 2.4012190789664256
                },
                "metrics": {
                    "outcome": 0.4026685086049895
                },
                "metadata": {
                    "trials": 1
                }
            },
            {
                "query": {
                    "x1": 9.411299050646424,
                    "x2": 2.3880306189989384
                },
                "metrics": {
                    "outcome": 0.4044784593270414
                },
                "metadata": {
                    "trials": 1
                }
            },
            {
                "query": {
                    "x1": 9.41840083729537,
                    "x2": 2.407410962937837
                },
                "metrics": {
                    "outcome": 0.4019533176829544
                },
                "metadata": {
                    "trials": 1
                }
            },
            {
                "query": {
                    "x1": 9.409190353535008,
                    "x2": 2.3815022765875766
                },
                "metrics": {
                    "outcome": 0.4055149099981552
                },
                "metadata": {
                    "trials": 1
                }
            },
            {
                "query": {
                    "x1": 9.42008323771339,
                    "x2": 2.3955727349090217
                },
                "metrics": {
                    "outcome": 0.40368889786133266
                },
                "metadata": {
                    "trials": 1
                }
            }
        ],
        [
            {
                "query": {
                    "x1": -5.0,
                    "x2": 1.1250000597497374e-15
                },
                "metrics": {
                    "outcome": 308.12909601160663
                },
                "metadata": {
                    "trials": 1
                }
            },
            {
                "query": {
                    "x1": -5.0,
                    "x2": 0.10131814595301862
                },
                "metrics": {
                    "outcome": 304.656578503921
                },
                "metadata": {
                    "trials": 1
                }
            },
            {
                "query": {
                    "x1": -4.900987324319001,
                    "x2": 0.0
                },
                "metrics": {
                    "outcome": 297.51615611753954
                },
                "metadata": {
                    "trials": 1
                }
            },
            {
                "query": {
                    "x1": -5.0,
                    "x2": 0.20333745941498851
                },
                "metrics": {
                    "outcome": 301.18077394860836
                },
                "metadata": {
                    "trials": 1
                }
            },
            {
                "query": {
                    "x1": -4.900273711388556,
                    "x2": 0.10242748803097193
                },
                "metrics": {
                    "outcome": 293.9887058900809
                },
                "metadata": {
                    "trials": 1
                }
            },
            {
                "query": {
                    "x1": -4.800930358995483,
                    "x2": 0.0
                },
                "metrics": {
                    "outcome": 287.02305069303765
                },
                "metadata": {
                    "trials": 1
                }
            }
        ],
        [
            {
                "query": {
                    "x1": 1.1840149550780614,
                    "x2": 7.510142143669175
                },
                "metrics": {
                    "outcome": 23.948319373415103
                },
                "metadata": {
                    "trials": 1
                }
            },
            {
                "query": {
                    "x1": 1.1873906619049261,
                    "x2": 7.535529893973764
                },
                "metrics": {
                    "outcome": 24.110210853915905
                },
                "metadata": {
                    "trials": 1
                }
            },
            {
                "query": {
                    "x1": 1.1804355781584022,
                    "x2": 7.4847802358645605
                },
                "metrics": {
                    "outcome": 23.788439934792493
                },
                "metadata": {
                    "trials": 1
                }
            },
            {
                "query": {
                    "x1": 1.1904204289537814,
                    "x2": 7.560510079933984
                },
                "metrics": {
                    "outcome": 24.271319433498263
                },
                "metadata": {
                    "trials": 1
                }
            },
            {
                "query": {
                    "x1": 1.1767406496350334,
                    "x2": 7.459896889920138
                },
                "metrics": {
                    "outcome": 23.633393281851674
                },
                "metadata": {
                    "trials": 1
                }
            },
            {
                "query": {
                    "x1": 1.2029764243289947,
                    "x2": 7.494667903194011
                },
                "metrics": {
                    "outcome": 23.836058923248054
                },
                "metadata": {
                    "trials": 1
                }
            }
        ],
        [
            {
                "query": {
                    "x1": 7.3244406319958415,
                    "x2": 14.999604526887069
                },
                "metrics": {
                    "outcome": 203.2643556762359
                },
                "metadata": {
                    "trials": 1
                }
            },
            {
                "query": {
                    "x1": 7.295409383231664,
                    "x2": 14.999614524156637
                },
                "metrics": {
                    "outcome": 203.74000130739026
                },
                "metadata": {
                    "trials": 1
                }
            },
            {
                "query": {
                    "x1": 7.3533784664279995,
                    "x2": 14.99959385611588
                },
                "metrics": {
                    "outcome": 202.78035597452066
                },
                "metadata": {
                    "trials": 1
                }
            },
            {
                "query": {
                    "x1": 7.38189614449557,
                    "x2": 14.999632503635777
                },
                "metrics": {
                    "outcome": 202.29530420422947
                },
                "metadata": {
                    "trials": 1
                }
            },
            {
                "query": {
                    "x1": 7.266831048780915,
                    "x2": 14.999634141627052
                },
                "metrics": {
                    "outcome": 204.19860686273122
                },
                "metadata": {
                    "trials": 1
                }
            },
            {
                "query": {
                    "x1": 7.4102375308266435,
                    "x2": 14.999614700986701
                },
                "metrics": {
                    "outcome": 201.80264396751141
                },
                "metadata": {
                    "trials": 1
                }
            }
        ],
        [
            {
                "query": {
                    "x1": -2.2162395888014665,
                    "x2": 12.895260083672442
                },
                "metrics": {
                    "outcome": 11.69577741470576
                },
                "metadata": {
                    "trials": 1
                }
            },
            {
                "query": {
                    "x1": -2.233071696530454,
                    "x2": 12.920787416364044
                },
                "metrics": {
                    "outcome": 11.507820823680998
                },
                "metadata": {
                    "trials": 1
                }
            },
            {
                "query": {
                    "x1": -2.199241801972585,
                    "x2": 12.869867599870616
                },
                "metrics": {
                    "outcome": 11.889199168936063
                },
                "metadata": {
                    "trials": 1
                }
            },
            {
                "query": {
                    "x1": -2.2025536927831357,
                    "x2": 12.921529310814503
                },
                "metrics": {
                    "outcome": 12.109817402577157
                },
                "metadata": {
                    "trials": 1
                }
            },
            {
                "query": {
                    "x1": -2.245725149041389,
                    "x2": 12.893131316878808
                },
                "metrics": {
                    "outcome": 11.11540809384339
                },
                "metadata": {
                    "trials": 1
                }
            },
            {
                "query": {
                    "x1": -2.228726277460421,
                    "x2": 12.867678898872294
                },
                "metrics": {
                    "outcome": 11.304804394705084
                },
                "metadata": {
                    "trials": 1
                }
            }
        ],
        [
            {
                "query": {
                    "x1": 7.598983550871955,
                    "x2": 0.00037637840201834425
                },
                "metrics": {
                    "outcome": 14.285752372169123
                },
                "metadata": {
                    "trials": 1
                }
            },
            {
                "query": {
                    "x1": 7.593250782255334,
                    "x2": 0.02782520402922432
                },
                "metrics": {
                    "outcome": 14.25910139321127
                },
                "metadata": {
                    "trials": 1
                }
            },
            {
                "query": {
                    "x1": 7.587694465405605,
                    "x2": 0.05495986411553162
                },
                "metrics": {
                    "outcome": 14.233496931127435
                },
                "metadata": {
                    "trials": 1
                }
            },
            {
                "query": {
                    "x1": 7.582223710724163,
                    "x2": 0.08186192022361163
                },
                "metrics": {
                    "outcome": 14.209421880862728
                },
                "metadata": {
                    "trials": 1
                }
            },
            {
                "query": {
                    "x1": 7.5768353415378815,
                    "x2": 0.10858150268153681
                },
                "metrics": {
                    "outcome": 14.186731436219366
                },
                "metadata": {
                    "trials": 1
                }
            },
            {
                "query": {
                    "x1": 7.57150850698274,
                    "x2": 0.13514301632003764
                },
                "metrics": {
                    "outcome": 14.165502992379732
                },
                "metadata": {
                    "trials": 1
                }
            }
        ],
        [
            {
                "query": {
                    "x1": 2.9265263053601327,
                    "x2": 0.0
                },
                "metrics": {
                    "outcome": 6.6152141564014535
                },
                "metadata": {
                    "trials": 1
                }
            },
            {
                "query": {
                    "x1": 2.899568809709873,
                    "x2": 0.0
                },
                "metrics": {
                    "outcome": 6.785122687018765
                },
                "metadata": {
                    "trials": 1
                }
            },
            {
                "query": {
                    "x1": 2.9534351167863147,
                    "x2": 0.0003751183270392769
                },
                "metrics": {
                    "outcome": 6.45251929336785
                },
                "metadata": {
                    "trials": 1
                }
            },
            {
                "query": {
                    "x1": 2.87317064845982,
                    "x2": 0.0
                },
                "metrics": {
                    "outcome": 6.959969577730974
                },
                "metadata": {
                    "trials": 1
                }
            },
            {
                "query": {
                    "x1": 2.9797423961655802,
                    "x2": 0.00037512688223657404
                },
                "metrics": {
                    "outcome": 6.303697884721318
                },
                "metadata": {
                    "trials": 1
                }
            },
            {
                "query": {
                    "x1": 2.847103886820288,
                    "x2": 0.0003751234267885208
                },
                "metrics": {
                    "outcome": 7.138931948297801
                },
                "metadata": {
                    "trials": 1
                }
            }
        ],
        [
            {
                "query": {
                    "x1": -3.977919334371573,
                    "x2": 10.953747830273956
                },
                "metrics": {
                    "outcome": 15.271406109001402
                },
                "metadata": {
                    "trials": 1
                }
            },
            {
                "query": {
                    "x1": -3.972522326338236,
                    "x2": 10.929342609225932
                },
                "metrics": {
                    "outcome": 15.303438163573794
                },
                "metadata": {
                    "trials": 1
                }
            },
            {
                "query": {
                    "x1": -3.9834867475422335,
                    "x2": 10.97811079754801
                },
                "metrics": {
                    "outcome": 15.244379629434269
                },
                "metadata": {
                    "trials": 1
                }
            },
            {
                "query": {
                    "x1": -3.967611507239281,
                    "x2": 10.905448079822762
                },
                "metrics": {
                    "outcome": 15.344595892296446
                },
                "metadata": {
                    "trials": 1
                }
            },
            {
                "query": {
                    "x1": -3.9891054584843184,
                    "x2": 11.001840681591375
                },
                "metrics": {
                    "outcome": 15.223389508205251
                },
                "metadata": {
                    "trials": 1
                }
            },
            {
                "query": {
                    "x1": -3.94998793378533,
                    "x2": 10.922454468529752
                },
                "metrics": {
                    "outcome": 14.790819103739057
                },
                "metadata": {
                    "trials": 1
                }
            }
        ],
        [
            {
                "query": {
                    "x1": 10.0,
                    "x2": 6.670834732501605
                },
                "metrics": {
                    "outcome": 15.396470619560903
                },
                "metadata": {
                    "trials": 1
                }
            },
            {
                "query": {
                    "x1": 9.999999999962306,
                    "x2": 6.696262066767195
                },
                "metrics": {
                    "outcome": 15.583645895344349
                },
                "metadata": {
                    "trials": 1
                }
            },
            {
                "query": {
                    "x1": 9.999624660457478,
                    "x2": 6.645460129233214
                },
                "metrics": {
                    "outcome": 15.211725339653
                },
                "metadata": {
                    "trials": 1
                }
            },
            {
                "query": {
                    "x1": 9.999624611093944,
                    "x2": 6.721124737973026
                },
                "metrics": {
                    "outcome": 15.768724137793455
                },
                "metadata": {
                    "trials": 1
                }
            },
            {
                "query": {
                    "x1": 9.999624959373623,
                    "x2": 6.620670521530082
                },
                "metrics": {
                    "outcome": 15.031728350343421
                },
                "metadata": {
                    "trials": 1
                }
            },
            {
                "query": {
                    "x1": 10.0,
                    "x2": 6.745662621530898
                },
                "metrics": {
                    "outcome": 15.95098898750159
                },
                "metadata": {
                    "trials": 1
                }
            }
        ],
        [
            {
                "query": {
                    "x1": 5.328204326019597,
                    "x2": 6.292763161057873
                },
                "metrics": {
                    "outcome": 41.61097468824792
                },
                "metadata": {
                    "trials": 1
                }
            },
            {
                "query": {
                    "x1": 5.324463071023464,
                    "x2": 6.267089748901516
                },
                "metrics": {
                    "outcome": 41.311940883232765
                },
                "metadata": {
                    "trials": 1
                }
            },
            {
                "query": {
                    "x1": 5.331606232442715,
                    "x2": 6.318467426684002
                },
                "metrics": {
                    "outcome": 41.90821426558164
                },
                "metadata": {
                    "trials": 1
                }
            },
            {
                "query": {
                    "x1": 5.3080951872891315,
                    "x2": 6.308006012446821
                },
                "metrics": {
                    "outcome": 41.56334228477889
                },
                "metadata": {
                    "trials": 1
                }
            },
            {
                "query": {
                    "x1": 5.304521098133993,
                    "x2": 6.282450666964848
                },
                "metrics": {
                    "outcome": 41.266034767567845
                },
                "metadata": {
                    "trials": 1
                }
            },
            {
                "query": {
                    "x1": 5.320513599557545,
                    "x2": 6.2420212358058444
                },
                "metrics": {
                    "outcome": 41.01821124595051
                },
                "metadata": {
                    "trials": 1
                }
            }
        ],
        [
            {
                "query": {
                    "x1": -2.204151814309406,
                    "x2": 10.957269838994465
                },
                "metrics": {
                    "outcome": 4.992052245267724
                },
                "metadata": {
                    "trials": 1
                }
            },
            {
                "query": {
                    "x1": -2.204151814309406,
                    "x2": 10.957269838994465
                },
                "metrics": {
                    "outcome": 4.992052245267724
                },
                "metadata": {
                    "trials": 1
                }
            },
            {
                "query": {
                    "x1": -2.204151814309406,
                    "x2": 10.957269838994465
                },
                "metrics": {
                    "outcome": 4.992052245267724
                },
                "metadata": {
                    "trials": 1
                }
            },
            {
                "query": {
                    "x1": -2.204151814309406,
                    "x2": 10.957269838994465
                },
                "metrics": {
                    "outcome": 4.992052245267724
                },
                "metadata": {
                    "trials": 1
                }
            },
            {
                "query": {
                    "x1": -2.204151814309406,
                    "x2": 10.957269838994465
                },
                "metrics": {
                    "outcome": 4.992052245267724
                },
                "metadata": {
                    "trials": 1
                }
            },
            {
                "query": {
                    "x1": -2.204151814309406,
                    "x2": 10.957269838994465
                },
                "metrics": {
                    "outcome": 4.992052245267724
                },
                "metadata": {
                    "trials": 1
                }
            }
        ],
        [
            {
                "query": {
                    "x1": -4.999630254335283,
                    "x2": 3.0845023817107156
                },
                "metrics": {
                    "outcome": 211.58087215528687
                },
                "metadata": {
                    "trials": 1
                }
            },
            {
                "query": {
                    "x1": -4.9996240424855065,
                    "x2": 3.072311342543456
                },
                "metrics": {
                    "outcome": 211.92428897616676
                },
                "metadata": {
                    "trials": 1
                }
            },
            {
                "query": {
                    "x1": -4.999614467928267,
                    "x2": 3.0964184489713524
                },
                "metrics": {
                    "outcome": 211.24351033288363
                },
                "metadata": {
                    "trials": 1
                }
            },
            {
                "query": {
                    "x1": -4.999623947253669,
                    "x2": 3.06088882546733
                },
                "metrics": {
                    "outcome": 212.2468448175528
                },
                "metadata": {
                    "trials": 1
                }
            },
            {
                "query": {
                    "x1": -4.999623849257497,
                    "x2": 3.1077319828226235
                },
                "metrics": {
                    "outcome": 210.92567481056508
                },
                "metadata": {
                    "trials": 1
                }
            },
            {
                "query": {
                    "x1": -4.999623833668994,
                    "x2": 3.0498889451720954
                },
                "metrics": {
                    "outcome": 212.55771063679612
                },
                "metadata": {
                    "trials": 1
                }
            }
        ],
        [
            {
                "query": {
                    "x1": 2.0500399821101647,
                    "x2": 15.0
                },
                "metrics": {
                    "outcome": 142.92658911380616
                },
                "metadata": {
                    "trials": 1
                }
            },
            {
                "query": {
                    "x1": 2.057036964971684,
                    "x2": 14.999624866681215
                },
                "metrics": {
                    "outcome": 143.03234543960295
                },
                "metadata": {
                    "trials": 1
                }
            },
            {
                "query": {
                    "x1": 2.043033323429591,
                    "x2": 15.0
                },
                "metrics": {
                    "outcome": 142.81190670052334
                },
                "metadata": {
                    "trials": 1
                }
            },
            {
                "query": {
                    "x1": 2.0632340455591054,
                    "x2": 14.99962487325893
                },
                "metrics": {
                    "outcome": 143.13382690712143
                },
                "metadata": {
                    "trials": 1
                }
            },
            {
                "query": {
                    "x1": 2.0368395631321023,
                    "x2": 15.0
                },
                "metrics": {
                    "outcome": 142.71055323252452
                },
                "metadata": {
                    "trials": 1
                }
            },
            {
                "query": {
                    "x1": 2.0689475845788525,
                    "x2": 15.0
                },
                "metrics": {
                    "outcome": 143.23622199794588
                },
                "metadata": {
                    "trials": 1
                }
            }
        ],
        [
            {
                "query": {
                    "x1": 9.999999999999988,
                    "x2": 14.999999999999996
                },
                "metrics": {
                    "outcome": 145.87219087939567
                },
                "metadata": {
                    "trials": 1
                }
            },
            {
                "query": {
                    "x1": 9.995281318137375,
                    "x2": 15.0
                },
                "metrics": {
                    "outcome": 145.9599149516704
                },
                "metadata": {
                    "trials": 1
                }
            },
            {
                "query": {
                    "x1": 9.990415635886322,
                    "x2": 15.0
                },
                "metrics": {
                    "outcome": 146.05046150298503
                },
                "metadata": {
                    "trials": 1
                }
            },
            {
                "query": {
                    "x1": 9.998019308608617,
                    "x2": 15.0
                },
                "metrics": {
                    "outcome": 145.90900312028265
                },
                "metadata": {
                    "trials": 1
                }
            },
            {
                "query": {
                    "x1": 9.985520856232794,
                    "x2": 15.0
                },
                "metrics": {
                    "outcome": 146.14164176951218
                },
                "metadata": {
                    "trials": 1
                }
            },
            {
                "query": {
                    "x1": 9.980638780556436,
                    "x2": 15.0
                },
                "metrics": {
                    "outcome": 146.23267795447006
                },
                "metadata": {
                    "trials": 1
                }
            }
        ],
        [
            {
                "query": {
                    "x1": -3.0398069265139664,
                    "x2": 14.999999999999993
                },
                "metrics": {
                    "outcome": 9.258253915922875
                },
                "metadata": {
                    "trials": 1
                }
            },
            {
                "query": {
                    "x1": -3.0341582548116333,
                    "x2": 15.0
                },
                "metrics": {
                    "outcome": 9.343780730880221
                },
                "metadata": {
                    "trials": 1
                }
            },
            {
                "query": {
                    "x1": -3.0455011019561704,
                    "x2": 15.0
                },
                "metrics": {
                    "outcome": 9.172661994643896
                },
                "metadata": {
                    "trials": 1
                }
            },
            {
                "query": {
                    "x1": -3.029547343499703,
                    "x2": 14.999624968602637
                },
                "metrics": {
                    "outcome": 9.411806578017552
                },
                "metadata": {
                    "trials": 1
                }
            },
            {
                "query": {
                    "x1": -3.0501168462539594,
                    "x2": 15.0
                },
                "metrics": {
                    "outcome": 9.103740743566584
                },
                "metadata": {
                    "trials": 1
                }
            },
            {
                "query": {
                    "x1": -3.0425273807818356,
                    "x2": 15.0
                },
                "metrics": {
                    "outcome": 9.217283250354775
                },
                "metadata": {
                    "trials": 1
                }
            }
        ],
        [
            {
                "query": {
                    "x1": 9.999999999999988,
                    "x2": 0.0
                },
                "metrics": {
                    "outcome": 10.960889035651364
                },
                "metadata": {
                    "trials": 1
                }
            },
            {
                "query": {
                    "x1": 9.99650030369373,
                    "x2": 0.0
                },
                "metrics": {
                    "outcome": 10.921824735237017
                },
                "metadata": {
                    "trials": 1
                }
            },
            {
                "query": {
                    "x1": 9.99275597664347,
                    "x2": 0.0
                },
                "metrics": {
                    "outcome": 10.880187007574452
                },
                "metadata": {
                    "trials": 1
                }
            },
            {
                "query": {
                    "x1": 10.0,
                    "x2": 0.0012373185083040486
                },
                "metrics": {
                    "outcome": 10.95345933903408
                },
                "metadata": {
                    "trials": 1
                }
            },
            {
                "query": {
                    "x1": 9.988997361450549,
                    "x2": 0.0
                },
                "metrics": {
                    "outcome": 10.838554010073617
                },
                "metadata": {
                    "trials": 1
                }
            },
            {
                "query": {
                    "x1": 9.99815810592196,
                    "x2": 0.0
                },
                "metrics": {
                    "outcome": 10.940311765076865
                },
                "metadata": {
                    "trials": 1
                }
            }
        ],
        [
            {
                "query": {
                    "x1": 6.631364187030709,
                    "x2": 0.0
                },
                "metrics": {
                    "outcome": 20.29549518335057
                },
                "metadata": {
                    "trials": 1
                }
            },
            {
                "query": {
                    "x1": 6.631364187030709,
                    "x2": 0.0
                },
                "metrics": {
                    "outcome": 20.29549518335057
                },
                "metadata": {
                    "trials": 1
                }
            },
            {
                "query": {
                    "x1": 6.631364187030709,
                    "x2": 0.0
                },
                "metrics": {
                    "outcome": 20.29549518335057
                },
                "metadata": {
                    "trials": 1
                }
            },
            {
                "query": {
                    "x1": 6.631364187030709,
                    "x2": 0.0
                },
                "metrics": {
                    "outcome": 20.29549518335057
                },
                "metadata": {
                    "trials": 1
                }
            },
            {
                "query": {
                    "x1": 6.631364187030709,
                    "x2": 0.0
                },
                "metrics": {
                    "outcome": 20.29549518335057
                },
                "metadata": {
                    "trials": 1
                }
            },
            {
                "query": {
                    "x1": 6.631364187030709,
                    "x2": 0.0
                },
                "metrics": {
                    "outcome": 20.29549518335057
                },
                "metadata": {
                    "trials": 1
                }
            }
        ]
    ],
    "best_results": [
        {
            "query": {
                "x1": 9.41840083729537,
                "x2": 2.407410962937837
            },
            "metrics": [
                {
                    "name": "outcome",
                    "value": 0.4019533176829544
                }
            ]
        }
    ]
}