{
    "date": "26/10/2022 19:15:53",
    "basic_params": {
        "active_variables": [
            "x1",
            "x2"
        ],
        "default_query": {},
        "metric": "basic",
        "n_trials": 1
    },
    "objective_function": {
        "name": "Branin",
        "params": {}
    },
    "optimizer": {
        "name": "BBO-LP",
        "params": {
            "lower_bound": [
                -5.0,
                0.0
            ],
            "upper_bound": [
                10.0,
                15.0
            ],
            "invert_metric": false,
            "bopt_params": {
                "n_init_samples": 15,
                "n_iterations": 45,
                "verbose_level": 1,
                "n_parallel_samples": 3,
                "par_type": "PAR_BBO",
                "crit_name": "cLP(cLCB)",
                "n_crit_params": 4,
                "crit_params": [
                    3,
                    1,
                    1.0
                ]
            }
        }
    },
    "iterations": [
        [
            {
                "query": {
                    "x1": 4.437115260632709,
                    "x2": 11.157210740959272
                },
                "metrics": {
                    "outcome": 101.00951571302534
                },
                "metadata": {
                    "trials": 1
                }
            }
        ],
        [
            {
                "query": {
                    "x1": -4.728648358723149,
                    "x2": 13.268684902461246
                },
                "metrics": {
                    "outcome": 20.0520066636622
                },
                "metadata": {
                    "trials": 1
                }
            }
        ],
        [
            {
                "query": {
                    "x1": -0.5221849679946899,
                    "x2": 4.542691653827205
                },
                "metrics": {
                    "outcome": 23.721649815068943
                },
                "metadata": {
                    "trials": 1
                }
            }
        ],
        [
            {
                "query": {
                    "x1": -2.304301696131006,
                    "x2": 14.375460612820461
                },
                "metrics": {
                    "outcome": 19.748935624811622
                },
                "metadata": {
                    "trials": 1
                }
            }
        ],
        [
            {
                "query": {
                    "x1": 5.3263516270089895,
                    "x2": 7.078195888083428
                },
                "metrics": {
                    "outcome": 50.22846408462802
                },
                "metadata": {
                    "trials": 1
                }
            }
        ],
        [
            {
                "query": {
                    "x1": 7.257526415633038,
                    "x2": 9.027732548536733
                },
                "metrics": {
                    "outcome": 75.82992635384251
                },
                "metadata": {
                    "trials": 1
                }
            }
        ],
        [
            {
                "query": {
                    "x1": -1.3356030064169317,
                    "x2": 10.469583296915516
                },
                "metrics": {
                    "outcome": 16.7043080092687
                },
                "metadata": {
                    "trials": 1
                }
            }
        ],
        [
            {
                "query": {
                    "x1": 9.366565806791186,
                    "x2": 12.555032260715961
                },
                "metrics": {
                    "outcome": 103.00466867871113
                },
                "metadata": {
                    "trials": 1
                }
            }
        ],
        [
            {
                "query": {
                    "x1": 8.929359137546271,
                    "x2": 8.174280537292361
                },
                "metrics": {
                    "outcome": 38.58529507885047
                },
                "metadata": {
                    "trials": 1
                }
            }
        ],
        [
            {
                "query": {
                    "x1": -3.312978064408526,
                    "x2": 5.247296903748065
                },
                "metrics": {
                    "outcome": 55.94243742083448
                },
                "metadata": {
                    "trials": 1
                }
            }
        ],
        [
            {
                "query": {
                    "x1": 1.0274363704957068,
                    "x2": 6.503778891870752
                },
                "metrics": {
                    "outcome": 18.974939457646933
                },
                "metadata": {
                    "trials": 1
                }
            }
        ],
        [
            {
                "query": {
                    "x1": 6.207192668458447,
                    "x2": 3.6499232242349535
                },
                "metrics": {
                    "outcome": 26.085043211662764
                },
                "metadata": {
                    "trials": 1
                }
            }
        ],
        [
            {
                "query": {
                    "x1": 3.1190927899442613,
                    "x2": 2.775141555815935
                },
                "metrics": {
                    "outcome": 0.6331524120993883
                },
                "metadata": {
                    "trials": 1
                }
            }
        ],
        [
            {
                "query": {
                    "x1": 2.431313675828278,
                    "x2": 1.3078581299632788
                },
                "metrics": {
                    "outcome": 5.236004033903432
                },
                "metadata": {
                    "trials": 1
                }
            }
        ],
        [
            {
                "query": {
                    "x1": 0.05671133543364704,
                    "x2": 0.4134423774667084
                },
                "metrics": {
                    "outcome": 49.80054283519009
                },
                "metadata": {
                    "trials": 1
                }
            }
        ],
        [
            {
                "query": {
                    "x1": 3.4198610637186295,
                    "x2": 1.436424742725942
                },
                "metrics": {
                    "outcome": 1.1661347809596219
                },
                "metadata": {
                    "trials": 1
                }
            },
            {
                "query": {
                    "x1": 3.4247888941290974,
                    "x2": 1.4107021353125213
                },
                "metrics": {
                    "outcome": 1.2078274266290983
                },
                "metadata": {
                    "trials": 1
                }
            },
            {
                "query": {
                    "x1": 3.414976724795782,
                    "x2": 1.4620781388117334
                },
                "metrics": {
                    "outcome": 1.1258224539269062
                },
                "metadata": {
                    "trials": 1
                }
            }
        ],
        [
            {
                "query": {
                    "x1": 3.096381265423057,
                    "x2": 2.229748198884327
                },
                "metrics": {
                    "outcome": 0.41422388021705814
                },
                "metadata": {
                    "trials": 1
                }
            },
            {
                "query": {
                    "x1": 3.09806634884049,
                    "x2": 2.2138162134758237
                },
                "metrics": {
                    "outcome": 0.41607770542494293
                },
                "metadata": {
                    "trials": 1
                }
            },
            {
                "query": {
                    "x1": 3.094690617322545,
                    "x2": 2.245658967049098
                },
                "metrics": {
                    "outcome": 0.4128295214255857
                },
                "metadata": {
                    "trials": 1
                }
            }
        ],
        [
            {
                "query": {
                    "x1": 3.2012785084324147,
                    "x2": 2.307097447809444
                },
                "metrics": {
                    "outcome": 0.4210982774295857
                },
                "metadata": {
                    "trials": 1
                }
            },
            {
                "query": {
                    "x1": 3.202576513252181,
                    "x2": 2.2880894051632015
                },
                "metrics": {
                    "outcome": 0.4193572655443045
                },
                "metadata": {
                    "trials": 1
                }
            },
            {
                "query": {
                    "x1": 3.1995314402640425,
                    "x2": 2.3260705946101212
                },
                "metrics": {
                    "outcome": 0.423181200230923
                },
                "metadata": {
                    "trials": 1
                }
            }
        ],
        [
            {
                "query": {
                    "x1": 3.1385103222359714,
                    "x2": 2.290230774951662
                },
                "metrics": {
                    "outcome": 0.39809747160739484
                },
                "metadata": {
                    "trials": 1
                }
            },
            {
                "query": {
                    "x1": 3.139549131456439,
                    "x2": 2.284527552668108
                },
                "metrics": {
                    "outcome": 0.3979703449505507
                },
                "metadata": {
                    "trials": 1
                }
            },
            {
                "query": {
                    "x1": 3.1374772379351317,
                    "x2": 2.2959234637319987
                },
                "metrics": {
                    "outcome": 0.398282380361346
                },
                "metadata": {
                    "trials": 1
                }
            }
        ],
        [
            {
                "query": {
                    "x1": 3.14133003452112,
                    "x2": 2.2776950486003735
                },
                "metrics": {
                    "outcome": 0.3978938901170306
                },
                "metadata": {
                    "trials": 1
                }
            },
            {
                "query": {
                    "x1": 3.140519755228608,
                    "x2": 2.281647333773326
                },
                "metrics": {
                    "outcome": 0.3979266459016664
                },
                "metadata": {
                    "trials": 1
                }
            },
            {
                "query": {
                    "x1": 3.1420833596825055,
                    "x2": 2.2737686345436208
                },
                "metrics": {
                    "outcome": 0.3978892341048894
                },
                "metadata": {
                    "trials": 1
                }
            }
        ],
        [
            {
                "query": {
                    "x1": 3.140569687010853,
                    "x2": 2.280796436818924
                },
                "metrics": {
                    "outcome": 0.3979173671649683
                },
                "metadata": {
                    "trials": 1
                }
            },
            {
                "query": {
                    "x1": 3.1397654759479092,
                    "x2": 2.28420983551361
                },
                "metrics": {
                    "outcome": 0.3979639842893974
                },
                "metadata": {
                    "trials": 1
                }
            },
            {
                "query": {
                    "x1": 3.141327669066417,
                    "x2": 2.2774220967017627
                },
                "metrics": {
                    "outcome": 0.3978926030056673
                },
                "metadata": {
                    "trials": 1
                }
            }
        ],
        [
            {
                "query": {
                    "x1": 3.138779927539087,
                    "x2": 2.287879329436159
                },
                "metrics": {
                    "outcome": 0.3980395053760333
                },
                "metadata": {
                    "trials": 1
                }
            },
            {
                "query": {
                    "x1": 3.139587904424314,
                    "x2": 2.284608795285408
                },
                "metrics": {
                    "outcome": 0.39797137293624907
                },
                "metadata": {
                    "trials": 1
                }
            },
            {
                "query": {
                    "x1": 3.1404030094248707,
                    "x2": 2.281370876969331
                },
                "metrics": {
                    "outcome": 0.39792377802623946
                },
                "metadata": {
                    "trials": 1
                }
            }
        ],
        [
            {
                "query": {
                    "x1": 3.142269306775521,
                    "x2": 2.273478924494191
                },
                "metrics": {
                    "outcome": 0.397890542862946
                },
                "metadata": {
                    "trials": 1
                }
            },
            {
                "query": {
                    "x1": 3.141608672727717,
                    "x2": 2.276657931441674
                },
                "metrics": {
                    "outcome": 0.39789014927836064
                },
                "metadata": {
                    "trials": 1
                }
            },
            {
                "query": {
                    "x1": 3.142854009458361,
                    "x2": 2.270351147034102
                },
                "metrics": {
                    "outcome": 0.39790843129827813
                },
                "metadata": {
                    "trials": 1
                }
            }
        ],
        [
            {
                "query": {
                    "x1": 3.138577174566464,
                    "x2": 2.2886000229818704
                },
                "metrics": {
                    "outcome": 0.3980575137370259
                },
                "metadata": {
                    "trials": 1
                }
            },
            {
                "query": {
                    "x1": 3.139284819912101,
                    "x2": 2.2856035502619343
                },
                "metrics": {
                    "outcome": 0.39799042276844077
                },
                "metadata": {
                    "trials": 1
                }
            },
            {
                "query": {
                    "x1": 3.137948571421459,
                    "x2": 2.291510626140319
                },
                "metrics": {
                    "outcome": 0.39813790046443565
                },
                "metadata": {
                    "trials": 1
                }
            }
        ],
        [
            {
                "query": {
                    "x1": 3.1426157621547652,
                    "x2": 2.271925160597942
                },
                "metrics": {
                    "outcome": 0.3978975683974397
                },
                "metadata": {
                    "trials": 1
                }
            },
            {
                "query": {
                    "x1": 3.1420408336220014,
                    "x2": 2.274907425229125
                },
                "metrics": {
                    "outcome": 0.39788838810168237
                },
                "metadata": {
                    "trials": 1
                }
            },
            {
                "query": {
                    "x1": 3.1431363058399544,
                    "x2": 2.268970770234361
                },
                "metrics": {
                    "outcome": 0.39792208542330343
                },
                "metadata": {
                    "trials": 1
                }
            }
        ],
        [
            {
                "query": {
                    "x1": 3.1424331254831994,
                    "x2": 2.2727104563959784
                },
                "metrics": {
                    "outcome": 0.39789341972308456
                },
                "metadata": {
                    "trials": 1
                }
            },
            {
                "query": {
                    "x1": 3.141864258954575,
                    "x2": 2.275493004595335
                },
                "metrics": {
                    "outcome": 0.397888208656882
                },
                "metadata": {
                    "trials": 1
                }
            },
            {
                "query": {
                    "x1": 3.142942717670195,
                    "x2": 2.2699685437654815
                },
                "metrics": {
                    "outcome": 0.3979119395865194
                },
                "metadata": {
                    "trials": 1
                }
            }
        ],
        [
            {
                "query": {
                    "x1": 3.142231561833123,
                    "x2": 2.2735833753383794
                },
                "metrics": {
                    "outcome": 0.3978901610321284
                },
                "metadata": {
                    "trials": 1
                }
            },
            {
                "query": {
                    "x1": 3.1416534224361037,
                    "x2": 2.2762402364688255
                },
                "metrics": {
                    "outcome": 0.39788903344297566
                },
                "metadata": {
                    "trials": 1
                }
            },
            {
                "query": {
                    "x1": 3.142740150622185,
                    "x2": 2.270992357292937
                },
                "metrics": {
                    "outcome": 0.3979033698297094
                },
                "metadata": {
                    "trials": 1
                }
            }
        ],
        [
            {
                "query": {
                    "x1": 3.1394753040539367,
                    "x2": 2.2850403053928314
                },
                "metrics": {
                    "outcome": 0.39797924846144994
                },
                "metadata": {
                    "trials": 1
                }
            },
            {
                "query": {
                    "x1": 3.1400805417732354,
                    "x2": 2.282459410037789
                },
                "metrics": {
                    "outcome": 0.3979377721539912
                },
                "metadata": {
                    "trials": 1
                }
            },
            {
                "query": {
                    "x1": 3.1389343674085683,
                    "x2": 2.2875535474395106
                },
                "metrics": {
                    "outcome": 0.39803110517957485
                },
                "metadata": {
                    "trials": 1
                }
            }
        ],
        [
            {
                "query": {
                    "x1": 3.1424729904544826,
                    "x2": 2.272506472454315
                },
                "metrics": {
                    "outcome": 0.39789434408459634
                },
                "metadata": {
                    "trials": 1
                }
            },
            {
                "query": {
                    "x1": 3.1419432803810725,
                    "x2": 2.2750719830899104
                },
                "metrics": {
                    "outcome": 0.3978880672733176
                },
                "metadata": {
                    "trials": 1
                }
            },
            {
                "query": {
                    "x1": 3.1429446257736426,
                    "x2": 2.2699823482379013
                },
                "metrics": {
                    "outcome": 0.3979118428860051
                },
                "metadata": {
                    "trials": 1
                }
            }
        ],
        [
            {
                "query": {
                    "x1": 3.1423170738134676,
                    "x2": 2.2731815888311004
                },
                "metrics": {
                    "outcome": 0.3978914485957521
                },
                "metadata": {
                    "trials": 1
                }
            },
            {
                "query": {
                    "x1": 3.141778499065344,
                    "x2": 2.275663400659968
                },
                "metrics": {
                    "outcome": 0.39788817694780754
                },
                "metadata": {
                    "trials": 1
                }
            },
            {
                "query": {
                    "x1": 3.1430705204339944,
                    "x2": 2.270730570723564
                },
                "metrics": {
                    "outcome": 0.39790756050087595
                },
                "metadata": {
                    "trials": 1
                }
            }
        ],
        [
            {
                "query": {
                    "x1": 3.1396573894578843,
                    "x2": 2.284289526540574
                },
                "metrics": {
                    "outcome": 0.39796586429731917
                },
                "metadata": {
                    "trials": 1
                }
            },
            {
                "query": {
                    "x1": 3.140220184900013,
                    "x2": 2.281864254715375
                },
                "metrics": {
                    "outcome": 0.3979299680520221
                },
                "metadata": {
                    "trials": 1
                }
            },
            {
                "query": {
                    "x1": 3.1391555074613127,
                    "x2": 2.28665356682092
                },
                "metrics": {
                    "outcome": 0.39801097925272444
                },
                "metadata": {
                    "trials": 1
                }
            }
        ],
        [
            {
                "query": {
                    "x1": 3.1424763889612777,
                    "x2": 2.2724692423387425
                },
                "metrics": {
                    "outcome": 0.3978944990439448
                },
                "metadata": {
                    "trials": 1
                }
            },
            {
                "query": {
                    "x1": 3.14197297800942,
                    "x2": 2.27488143545611
                },
                "metrics": {
                    "outcome": 0.39788808387630503
                },
                "metadata": {
                    "trials": 1
                }
            },
            {
                "query": {
                    "x1": 3.1429222824448253,
                    "x2": 2.270099827481664
                },
                "metrics": {
                    "outcome": 0.3979107720368802
                },
                "metadata": {
                    "trials": 1
                }
            }
        ],
        [
            {
                "query": {
                    "x1": 3.1423489259507473,
                    "x2": 2.2730216199271434
                },
                "metrics": {
                    "outcome": 0.3978920320823853
                },
                "metadata": {
                    "trials": 1
                }
            },
            {
                "query": {
                    "x1": 3.1418374830369515,
                    "x2": 2.2753746467300933
                },
                "metrics": {
                    "outcome": 0.3978879653831626
                },
                "metadata": {
                    "trials": 1
                }
            },
            {
                "query": {
                    "x1": 3.1399329222225685,
                    "x2": 2.2831660358790384
                },
                "metrics": {
                    "outcome": 0.3979477983185209
                },
                "metadata": {
                    "trials": 1
                }
            }
        ],
        [
            {
                "query": {
                    "x1": 3.142393621944228,
                    "x2": 2.2728205520410047
                },
                "metrics": {
                    "outcome": 0.3978928555262833
                },
                "metadata": {
                    "trials": 1
                }
            },
            {
                "query": {
                    "x1": 3.1418915823684976,
                    "x2": 2.275145268191769
                },
                "metrics": {
                    "outcome": 0.3978879299151945
                },
                "metadata": {
                    "trials": 1
                }
            },
            {
                "query": {
                    "x1": 3.139879979969077,
                    "x2": 2.283374639311863
                },
                "metrics": {
                    "outcome": 0.39795098254533556
                },
                "metadata": {
                    "trials": 1
                }
            }
        ],
        [
            {
                "query": {
                    "x1": 3.1424294198854295,
                    "x2": 2.2726589906813115
                },
                "metrics": {
                    "outcome": 0.39789357048961094
                },
                "metadata": {
                    "trials": 1
                }
            },
            {
                "query": {
                    "x1": 3.1419357269233092,
                    "x2": 2.2749559705025706
                },
                "metrics": {
                    "outcome": 0.3978879727648863
                },
                "metadata": {
                    "trials": 1
                }
            },
            {
                "query": {
                    "x1": 3.139856117990522,
                    "x2": 2.283465494702509
                },
                "metrics": {
                    "outcome": 0.3979523997936383
                },
                "metadata": {
                    "trials": 1
                }
            }
        ],
        [
            {
                "query": {
                    "x1": 3.142458458467699,
                    "x2": 2.272527407259647
                },
                "metrics": {
                    "outcome": 0.3978941876356803
                },
                "metadata": {
                    "trials": 1
                }
            },
            {
                "query": {
                    "x1": 3.141973410817222,
                    "x2": 2.274799239469907
                },
                "metrics": {
                    "outcome": 0.3978880630143067
                },
                "metadata": {
                    "trials": 1
                }
            },
            {
                "query": {
                    "x1": 3.1398501171773407,
                    "x2": 2.2834849144075466
                },
                "metrics": {
                    "outcome": 0.397952709832035
                },
                "metadata": {
                    "trials": 1
                }
            }
        ],
        [
            {
                "query": {
                    "x1": 3.142482385725419,
                    "x2": 2.2724175087143665
                },
                "metrics": {
                    "outcome": 0.3978947256498859
                },
                "metadata": {
                    "trials": 1
                }
            },
            {
                "query": {
                    "x1": 3.1420043629995327,
                    "x2": 2.2746645635155227
                },
                "metrics": {
                    "outcome": 0.397888171737911
                },
                "metadata": {
                    "trials": 1
                }
            },
            {
                "query": {
                    "x1": 3.1398540415610707,
                    "x2": 2.2834653488208483
                },
                "metrics": {
                    "outcome": 0.3979524093232065
                },
                "metadata": {
                    "trials": 1
                }
            }
        ],
        [
            {
                "query": {
                    "x1": 3.142500505439191,
                    "x2": 2.2723328721522527
                },
                "metrics": {
                    "outcome": 0.3978951533482942
                },
                "metadata": {
                    "trials": 1
                }
            },
            {
                "query": {
                    "x1": 3.1420139183643876,
                    "x2": 2.274571230380928
                },
                "metrics": {
                    "outcome": 0.3978882197975686
                },
                "metadata": {
                    "trials": 1
                }
            },
            {
                "query": {
                    "x1": 3.1398640677600707,
                    "x2": 2.283422296005551
                },
                "metrics": {
                    "outcome": 0.39795174276992107
                },
                "metadata": {
                    "trials": 1
                }
            }
        ],
        [
            {
                "query": {
                    "x1": 3.14251723153542,
                    "x2": 2.272256521021217
                },
                "metrics": {
                    "outcome": 0.3978955525889951
                },
                "metadata": {
                    "trials": 1
                }
            },
            {
                "query": {
                    "x1": 3.139877829242824,
                    "x2": 2.2833617888496143
                },
                "metrics": {
                    "outcome": 0.39795081362433926
                },
                "metadata": {
                    "trials": 1
                }
            },
            {
                "query": {
                    "x1": 3.1420525847808047,
                    "x2": 2.2744577513658935
                },
                "metrics": {
                    "outcome": 0.3978884070362305
                },
                "metadata": {
                    "trials": 1
                }
            }
        ],
        [
            {
                "query": {
                    "x1": 3.14252949641919,
                    "x2": 2.2721980388626664
                },
                "metrics": {
                    "outcome": 0.3978958624778901
                },
                "metadata": {
                    "trials": 1
                }
            },
            {
                "query": {
                    "x1": 3.1398936739750045,
                    "x2": 2.283295646934019
                },
                "metrics": {
                    "outcome": 0.3979498013370453
                },
                "metadata": {
                    "trials": 1
                }
            },
            {
                "query": {
                    "x1": 3.142071002850791,
                    "x2": 2.2743776032633938
                },
                "metrics": {
                    "outcome": 0.3978885184888874
                },
                "metadata": {
                    "trials": 1
                }
            }
        ],
        [
            {
                "query": {
                    "x1": 3.1425398616411826,
                    "x2": 2.2721492702254196
                },
                "metrics": {
                    "outcome": 0.39789612645811623
                },
                "metadata": {
                    "trials": 1
                }
            },
            {
                "query": {
                    "x1": 3.142002229449684,
                    "x2": 2.274257890362526
                },
                "metrics": {
                    "outcome": 0.3978883418104022
                },
                "metadata": {
                    "trials": 1
                }
            },
            {
                "query": {
                    "x1": 3.1399109767931037,
                    "x2": 2.2832203618564386
                },
                "metrics": {
                    "outcome": 0.3979486630133895
                },
                "metadata": {
                    "trials": 1
                }
            }
        ],
        [
            {
                "query": {
                    "x1": 3.142547910381241,
                    "x2": 2.272111256475818
                },
                "metrics": {
                    "outcome": 0.3978963350561955
                },
                "metadata": {
                    "trials": 1
                }
            },
            {
                "query": {
                    "x1": 3.139929926374963,
                    "x2": 2.283142019107637
                },
                "metrics": {
                    "outcome": 0.3979474846215947
                },
                "metadata": {
                    "trials": 1
                }
            },
            {
                "query": {
                    "x1": 3.142099471686935,
                    "x2": 2.274250264541415
                },
                "metrics": {
                    "outcome": 0.39788871663680503
                },
                "metadata": {
                    "trials": 1
                }
            }
        ],
        [
            {
                "query": {
                    "x1": 3.142554590469654,
                    "x2": 2.2720793510854667
                },
                "metrics": {
                    "outcome": 0.39789651172955764
                },
                "metadata": {
                    "trials": 1
                }
            },
            {
                "query": {
                    "x1": 3.139948941636881,
                    "x2": 2.283063819863612
                },
                "metrics": {
                    "outcome": 0.39794631936019265
                },
                "metadata": {
                    "trials": 1
                }
            },
            {
                "query": {
                    "x1": 3.1421114298941912,
                    "x2": 2.274199195016196
                },
                "metrics": {
                    "outcome": 0.39788880686024086
                },
                "metadata": {
                    "trials": 1
                }
            }
        ],
        [
            {
                "query": {
                    "x1": 3.142559580399995,
                    "x2": 2.272054344081125
                },
                "metrics": {
                    "outcome": 0.39789665005711505
                },
                "metadata": {
                    "trials": 1
                }
            },
            {
                "query": {
                    "x1": 3.142089323465809,
                    "x2": 2.2742588686350094
                },
                "metrics": {
                    "outcome": 0.397888667255053
                },
                "metadata": {
                    "trials": 1
                }
            },
            {
                "query": {
                    "x1": 3.1399686285645423,
                    "x2": 2.2829817147356417
                },
                "metrics": {
                    "outcome": 0.3979451096947102
                },
                "metadata": {
                    "trials": 1
                }
            }
        ],
        [
            {
                "query": {
                    "x1": 3.1425645886091527,
                    "x2": 2.272030284092012
                },
                "metrics": {
                    "outcome": 0.39789678543291096
                },
                "metadata": {
                    "trials": 1
                }
            },
            {
                "query": {
                    "x1": 3.1419899347837354,
                    "x2": 2.2741340278776416
                },
                "metrics": {
                    "outcome": 0.39788842481579323
                },
                "metadata": {
                    "trials": 1
                }
            },
            {
                "query": {
                    "x1": 3.1399864928155523,
                    "x2": 2.282906461098394
                },
                "metrics": {
                    "outcome": 0.397944012972026
                },
                "metadata": {
                    "trials": 1
                }
            }
        ],
        [
            {
                "query": {
                    "x1": 3.142568965687799,
                    "x2": 2.272008914920016
                },
                "metrics": {
                    "outcome": 0.39789690613289785
                },
                "metadata": {
                    "trials": 1
                }
            },
            {
                "query": {
                    "x1": 3.1400049022915013,
                    "x2": 2.282830924193429
                },
                "metrics": {
                    "outcome": 0.3979429203919995
                },
                "metadata": {
                    "trials": 1
                }
            },
            {
                "query": {
                    "x1": 3.1421827375931333,
                    "x2": 2.2740506024631095
                },
                "metrics": {
                    "outcome": 0.39788926882874165
                },
                "metadata": {
                    "trials": 1
                }
            }
        ],
        [
            {
                "query": {
                    "x1": 3.142571682069578,
                    "x2": 2.2719955317729212
                },
                "metrics": {
                    "outcome": 0.3978969820002298
                },
                "metadata": {
                    "trials": 1
                }
            },
            {
                "query": {
                    "x1": 3.142144545287392,
                    "x2": 2.274046587559372
                },
                "metrics": {
                    "outcome": 0.3978890936422239
                },
                "metadata": {
                    "trials": 1
                }
            },
            {
                "query": {
                    "x1": 3.1400230457075686,
                    "x2": 2.282756800315013
                },
                "metrics": {
                    "outcome": 0.39794185830607454
                },
                "metadata": {
                    "trials": 1
                }
            }
        ],
        [
            {
                "query": {
                    "x1": 3.142573119963682,
                    "x2": 2.2719860060352692
                },
                "metrics": {
                    "outcome": 0.39789703326961323
                },
                "metadata": {
                    "trials": 1
                }
            },
            {
                "query": {
                    "x1": 3.1421243770776233,
                    "x2": 2.2741515872839058
                },
                "metrics": {
                    "outcome": 0.39788890329661797
                },
                "metadata": {
                    "trials": 1
                }
            },
            {
                "query": {
                    "x1": 3.140040930979115,
                    "x2": 2.2826810324545646
                },
                "metrics": {
                    "outcome": 0.3979407865329012
                },
                "metadata": {
                    "trials": 1
                }
            }
        ],
        [
            {
                "query": {
                    "x1": 3.142575144747733,
                    "x2": 2.2719748831781184
                },
                "metrics": {
                    "outcome": 0.397897095382584
                },
                "metadata": {
                    "trials": 1
                }
            },
            {
                "query": {
                    "x1": 3.142155047447309,
                    "x2": 2.273994604008668
                },
                "metrics": {
                    "outcome": 0.39788919755826235
                },
                "metadata": {
                    "trials": 1
                }
            },
            {
                "query": {
                    "x1": 3.1400574752557233,
                    "x2": 2.2826117200848914
                },
                "metrics": {
                    "outcome": 0.397939814592414
                },
                "metadata": {
                    "trials": 1
                }
            }
        ],
        [
            {
                "query": {
                    "x1": 3.1425764694130542,
                    "x2": 2.271966913190498
                },
                "metrics": {
                    "outcome": 0.39789713927911485
                },
                "metadata": {
                    "trials": 1
                }
            },
            {
                "query": {
                    "x1": 3.1421598179132886,
                    "x2": 2.273971894264002
                },
                "metrics": {
                    "outcome": 0.39788924531855585
                },
                "metadata": {
                    "trials": 1
                }
            },
            {
                "query": {
                    "x1": 3.1400740592064693,
                    "x2": 2.282542900020578
                },
                "metrics": {
                    "outcome": 0.3979388577172891
                },
                "metadata": {
                    "trials": 1
                }
            }
        ],
        [
            {
                "query": {
                    "x1": 3.142576241352627,
                    "x2": 2.2719656446009435
                },
                "metrics": {
                    "outcome": 0.3978971436819858
                },
                "metadata": {
                    "trials": 1
                }
            },
            {
                "query": {
                    "x1": 3.1421171091255733,
                    "x2": 2.273963748746381
                },
                "metrics": {
                    "outcome": 0.3978890717644248
                },
                "metadata": {
                    "trials": 1
                }
            },
            {
                "query": {
                    "x1": 3.1400903599178793,
                    "x2": 2.282475213624929
                },
                "metrics": {
                    "outcome": 0.3979379253176756
                },
                "metadata": {
                    "trials": 1
                }
            }
        ],
        [
            {
                "query": {
                    "x1": 3.1425768614098892,
                    "x2": 2.2719610824839425
                },
                "metrics": {
                    "outcome": 0.3978971680529426
                },
                "metadata": {
                    "trials": 1
                }
            },
            {
                "query": {
                    "x1": 3.140105881427518,
                    "x2": 2.2824119603370243
                },
                "metrics": {
                    "outcome": 0.3979370604490793
                },
                "metadata": {
                    "trials": 1
                }
            },
            {
                "query": {
                    "x1": 3.14216637137015,
                    "x2": 2.27393825418529
                },
                "metrics": {
                    "outcome": 0.3978893154569807
                },
                "metadata": {
                    "trials": 1
                }
            }
        ],
        [
            {
                "query": {
                    "x1": 3.1425771015949753,
                    "x2": 2.271958630765743
                },
                "metrics": {
                    "outcome": 0.3978971806156899
                },
                "metadata": {
                    "trials": 1
                }
            },
            {
                "query": {
                    "x1": 3.1401205640993712,
                    "x2": 2.282349303750112
                },
                "metrics": {
                    "outcome": 0.39793621426115244
                },
                "metadata": {
                    "trials": 1
                }
            },
            {
                "query": {
                    "x1": 3.142168951110234,
                    "x2": 2.2739231945387854
                },
                "metrics": {
                    "outcome": 0.3978893459035451
                },
                "metadata": {
                    "trials": 1
                }
            }
        ],
        [
            {
                "query": {
                    "x1": 3.142576911095553,
                    "x2": 2.271956842100843
                },
                "metrics": {
                    "outcome": 0.39789718762824045
                },
                "metadata": {
                    "trials": 1
                }
            },
            {
                "query": {
                    "x1": 3.1401348306397168,
                    "x2": 2.2822903000672365
                },
                "metrics": {
                    "outcome": 0.39793542215670996
                },
                "metadata": {
                    "trials": 1
                }
            },
            {
                "query": {
                    "x1": 3.142171915240363,
                    "x2": 2.2739075424108495
                },
                "metrics": {
                    "outcome": 0.397889379266946
                },
                "metadata": {
                    "trials": 1
                }
            }
        ],
        [
            {
                "query": {
                    "x1": 3.1425768178719444,
                    "x2": 2.271956381997217
                },
                "metrics": {
                    "outcome": 0.3978971891724168
                },
                "metadata": {
                    "trials": 1
                }
            },
            {
                "query": {
                    "x1": 3.1401488155470023,
                    "x2": 2.282232178257666
                },
                "metrics": {
                    "outcome": 0.3979346485790973
                },
                "metadata": {
                    "trials": 1
                }
            },
            {
                "query": {
                    "x1": 3.142174345030668,
                    "x2": 2.2738946576234644
                },
                "metrics": {
                    "outcome": 0.39788940701509823
                },
                "metadata": {
                    "trials": 1
                }
            }
        ],
        [
            {
                "query": {
                    "x1": 3.14257577295864,
                    "x2": 2.271959635103028
                },
                "metrics": {
                    "outcome": 0.39789716820798837
                },
                "metadata": {
                    "trials": 1
                }
            },
            {
                "query": {
                    "x1": 3.1401633932952624,
                    "x2": 2.282171910298935
                },
                "metrics": {
                    "outcome": 0.39793385280064975
                },
                "metadata": {
                    "trials": 1
                }
            },
            {
                "query": {
                    "x1": 3.142176144949687,
                    "x2": 2.27388616166237
                },
                "metrics": {
                    "outcome": 0.3978894263794608
                },
                "metadata": {
                    "trials": 1
                }
            }
        ],
        [
            {
                "query": {
                    "x1": 3.1425750000940056,
                    "x2": 2.2719606087664
                },
                "metrics": {
                    "outcome": 0.39789715922736946
                },
                "metadata": {
                    "trials": 1
                }
            },
            {
                "query": {
                    "x1": 3.140175980559608,
                    "x2": 2.282120603598262
                },
                "metrics": {
                    "outcome": 0.3979331799751016
                },
                "metadata": {
                    "trials": 1
                }
            },
            {
                "query": {
                    "x1": 3.142177681986958,
                    "x2": 2.2738752111488756
                },
                "metrics": {
                    "outcome": 0.39788944794767644
                },
                "metadata": {
                    "trials": 1
                }
            }
        ],
        [
            {
                "query": {
                    "x1": 3.142574030203134,
                    "x2": 2.2719634673219353
                },
                "metrics": {
                    "outcome": 0.3978971405283165
                },
                "metadata": {
                    "trials": 1
                }
            },
            {
                "query": {
                    "x1": 3.140187748999036,
                    "x2": 2.282069461662922
                },
                "metrics": {
                    "outcome": 0.3979325174909505
                },
                "metadata": {
                    "trials": 1
                }
            },
            {
                "query": {
                    "x1": 3.142179060790717,
                    "x2": 2.2738667416147265
                },
                "metrics": {
                    "outcome": 0.3978894656447096
                },
                "metadata": {
                    "trials": 1
                }
            }
        ],
        [
            {
                "query": {
                    "x1": 3.14257382190212,
                    "x2": 2.271962843079004
                },
                "metrics": {
                    "outcome": 0.39789714213966576
                },
                "metadata": {
                    "trials": 1
                }
            },
            {
                "query": {
                    "x1": 3.140199633345377,
                    "x2": 2.282018240120888
                },
                "metrics": {
                    "outcome": 0.39793185843550205
                },
                "metadata": {
                    "trials": 1
                }
            },
            {
                "query": {
                    "x1": 3.142181058158048,
                    "x2": 2.2738553236153285
                },
                "metrics": {
                    "outcome": 0.39788949033910725
                },
                "metadata": {
                    "trials": 1
                }
            }
        ],
        [
            {
                "query": {
                    "x1": 3.1425720790104616,
                    "x2": 2.2719699547433634
                },
                "metrics": {
                    "outcome": 0.3978970996246609
                },
                "metadata": {
                    "trials": 1
                }
            },
            {
                "query": {
                    "x1": 3.140212177833268,
                    "x2": 2.281968023379515
                },
                "metrics": {
                    "outcome": 0.39793121340789384
                },
                "metadata": {
                    "trials": 1
                }
            },
            {
                "query": {
                    "x1": 3.1421819044055646,
                    "x2": 2.2738516385740084
                },
                "metrics": {
                    "outcome": 0.39788949928261275
                },
                "metadata": {
                    "trials": 1
                }
            }
        ]
    ],
    "best_results": [
        {
            "query": {
                "x1": 3.1418915823684976,
                "x2": 2.275145268191769
            },
            "metrics": [
                {
                    "name": "outcome",
                    "value": 0.3978879299151945
                }
            ]
        }
    ]
}