{
    "date": "04/11/2022 14:03:46",
    "basic_params": {
        "active_variables": [
            "x1",
            "x2"
        ],
        "default_query": {},
        "metric": "basic",
        "n_trials": 1
    },
    "objective_function": {
        "name": "Beale",
        "params": {}
    },
    "optimizer": {
        "name": "BBO-LP(LCBa)",
        "params": {
            "lower_bound": [
                -4.5,
                -4.5
            ],
            "upper_bound": [
                4.5,
                4.5
            ],
            "invert_metric": false,
            "bopt_params": {
                "n_init_samples": 15,
                "n_iterations": 45,
                "n_iter_relearn": 5,
                "verbose_level": 1,
                "n_parallel_samples": 3,
                "par_type": "PAR_BBO",
                "crit_name": "cLP(cLCBa)",
                "n_crit_params": 3,
                "crit_params": [
                    3,
                    1,
                    5.0
                ]
            }
        }
    },
    "iterations": [
        [
            {
                "query": {
                    "x1": 0.4157165144104509,
                    "x2": -1.7602807647082952
                },
                "metrics": {
                    "outcome": 9.877140070331722
                },
                "metadata": {
                    "trials": 1
                }
            }
        ],
        [
            {
                "query": {
                    "x1": 0.07019647671841067,
                    "x2": -4.159452497167512
                },
                "metrics": {
                    "outcome": 19.049448427781147
                },
                "metadata": {
                    "trials": 1
                }
            }
        ],
        [
            {
                "query": {
                    "x1": 1.2221859706565734,
                    "x2": 2.105851024668664
                },
                "metrics": {
                    "outcome": 213.96343411160234
                },
                "metadata": {
                    "trials": 1
                }
            }
        ],
        [
            {
                "query": {
                    "x1": 2.2028429693542426,
                    "x2": -3.6643612835090607
                },
                "metrics": {
                    "outcome": 12611.16569402903
                },
                "metadata": {
                    "trials": 1
                }
            }
        ],
        [
            {
                "query": {
                    "x1": 1.5695380864664905,
                    "x2": -2.6291016463190315
                },
                "metrics": {
                    "outcome": 904.9945122242189
                },
                "metadata": {
                    "trials": 1
                }
            }
        ],
        [
            {
                "query": {
                    "x1": -3.880990827642381,
                    "x2": 0.7520931429695334
                },
                "metrics": {
                    "outcome": 45.122587390624766
                },
                "metadata": {
                    "trials": 1
                }
            }
        ],
        [
            {
                "query": {
                    "x1": -0.3572023236192763,
                    "x2": -0.11354007516056353
                },
                "metrics": {
                    "outcome": 19.271652729167506
                },
                "metadata": {
                    "trials": 1
                }
            }
        ],
        [
            {
                "query": {
                    "x1": -3.2889084964524953,
                    "x2": 4.180593408504501
                },
                "metrics": {
                    "outcome": 57718.22493033638
                },
                "metadata": {
                    "trials": 1
                }
            }
        ],
        [
            {
                "query": {
                    "x1": 3.743432486755774,
                    "x2": -1.490597369894385
                },
                "metrics": {
                    "outcome": 290.4661741073287
                },
                "metadata": {
                    "trials": 1
                }
            }
        ],
        [
            {
                "query": {
                    "x1": -2.101547174854204,
                    "x2": 1.4755289319902651
                },
                "metrics": {
                    "outcome": 4.4000946853491705
                },
                "metadata": {
                    "trials": 1
                }
            }
        ],
        [
            {
                "query": {
                    "x1": -1.0839513468090445,
                    "x2": -2.9822537070605906
                },
                "metrics": {
                    "outcome": 1127.212892830626
                },
                "metadata": {
                    "trials": 1
                }
            }
        ],
        [
            {
                "query": {
                    "x1": 3.192090455302969,
                    "x2": 2.938441564142704
                },
                "metrics": {
                    "outcome": 7235.408600335478
                },
                "metadata": {
                    "trials": 1
                }
            }
        ],
        [
            {
                "query": {
                    "x1": -1.7515845038462432,
                    "x2": 3.733395385835319
                },
                "metrics": {
                    "outcome": 7956.6060248048125
                },
                "metadata": {
                    "trials": 1
                }
            }
        ],
        [
            {
                "query": {
                    "x1": -4.450946644647047,
                    "x2": 1.8074315004050732
                },
                "metrics": {
                    "outcome": 434.66590642606985
                },
                "metadata": {
                    "trials": 1
                }
            }
        ],
        [
            {
                "query": {
                    "x1": 4.410185857163743,
                    "x2": -0.328814757009968
                },
                "metrics": {
                    "outcome": 25.617352560549335
                },
                "metadata": {
                    "trials": 1
                }
            }
        ],
        [
            {
                "query": {
                    "x1": -2.104481096159152,
                    "x2": 1.3811647513909069
                },
                "metrics": {
                    "outcome": 1.2672009899972356
                },
                "metadata": {
                    "trials": 1
                }
            },
            {
                "query": {
                    "x1": -2.0740455215698947,
                    "x2": 1.3696324770030852
                },
                "metrics": {
                    "outcome": 1.122229969546197
                },
                "metadata": {
                    "trials": 1
                }
            },
            {
                "query": {
                    "x1": -2.078369465988687,
                    "x2": 1.3766715291926577
                },
                "metrics": {
                    "outcome": 1.1833162455326798
                },
                "metadata": {
                    "trials": 1
                }
            }
        ],
        [
            {
                "query": {
                    "x1": -1.9990899157014432,
                    "x2": 1.2727357751355068
                },
                "metrics": {
                    "outcome": 2.1860941030272123
                },
                "metadata": {
                    "trials": 1
                }
            },
            {
                "query": {
                    "x1": -1.9900461662846332,
                    "x2": 1.2723408099652591
                },
                "metrics": {
                    "outcome": 2.221422457760002
                },
                "metadata": {
                    "trials": 1
                }
            },
            {
                "query": {
                    "x1": -2.026234112969121,
                    "x2": 1.273013957640896
                },
                "metrics": {
                    "outcome": 2.103630792643695
                },
                "metadata": {
                    "trials": 1
                }
            }
        ],
        [
            {
                "query": {
                    "x1": -2.0793337639511047,
                    "x2": 1.4379702249035935
                },
                "metrics": {
                    "outcome": 2.533563400527195
                },
                "metadata": {
                    "trials": 1
                }
            },
            {
                "query": {
                    "x1": -2.1080798975611836,
                    "x2": 1.3147920356346585
                },
                "metrics": {
                    "outcome": 1.212586100683183
                },
                "metadata": {
                    "trials": 1
                }
            },
            {
                "query": {
                    "x1": -2.085278481513428,
                    "x2": 1.4381185056855346
                },
                "metrics": {
                    "outcome": 2.5703026036439627
                },
                "metadata": {
                    "trials": 1
                }
            }
        ],
        [
            {
                "query": {
                    "x1": -2.140500688231641,
                    "x2": 1.3602163692479685
                },
                "metrics": {
                    "outcome": 1.1025686716586085
                },
                "metadata": {
                    "trials": 1
                }
            },
            {
                "query": {
                    "x1": -2.1333794168503313,
                    "x2": 1.3602824955468984
                },
                "metrics": {
                    "outcome": 1.0986701126618088
                },
                "metadata": {
                    "trials": 1
                }
            },
            {
                "query": {
                    "x1": -2.1725633866919516,
                    "x2": 1.3593770934577538
                },
                "metrics": {
                    "outcome": 1.11914301888316
                },
                "metadata": {
                    "trials": 1
                }
            }
        ],
        [
            {
                "query": {
                    "x1": -2.202627879584139,
                    "x2": 1.3639515412387793
                },
                "metrics": {
                    "outcome": 1.1934373181992222
                },
                "metadata": {
                    "trials": 1
                }
            },
            {
                "query": {
                    "x1": -2.1918446484109,
                    "x2": 1.3639681810222664
                },
                "metrics": {
                    "outcome": 1.180813907836051
                },
                "metadata": {
                    "trials": 1
                }
            },
            {
                "query": {
                    "x1": -2.2126019633088974,
                    "x2": 1.3641051394910377
                },
                "metrics": {
                    "outcome": 1.2077867399896425
                },
                "metadata": {
                    "trials": 1
                }
            }
        ],
        [
            {
                "query": {
                    "x1": -2.038361746428922,
                    "x2": 1.345776401079645
                },
                "metrics": {
                    "outcome": 1.0812465146535926
                },
                "metadata": {
                    "trials": 1
                }
            },
            {
                "query": {
                    "x1": -2.032911553864397,
                    "x2": 1.3458163932769391
                },
                "metrics": {
                    "outcome": 1.0846971132104912
                },
                "metadata": {
                    "trials": 1
                }
            },
            {
                "query": {
                    "x1": -2.0427891508665614,
                    "x2": 1.3457440994627037
                },
                "metrics": {
                    "outcome": 1.0785546118872038
                },
                "metadata": {
                    "trials": 1
                }
            }
        ],
        [
            {
                "query": {
                    "x1": -1.929540744038102,
                    "x2": 1.3563966179304163
                },
                "metrics": {
                    "outcome": 1.1241343547703002
                },
                "metadata": {
                    "trials": 1
                }
            },
            {
                "query": {
                    "x1": -1.9401788055050693,
                    "x2": 1.3563511097007863
                },
                "metrics": {
                    "outcome": 1.1155378947469403
                },
                "metadata": {
                    "trials": 1
                }
            },
            {
                "query": {
                    "x1": -1.937507892400181,
                    "x2": 1.356369490975612
                },
                "metrics": {
                    "outcome": 1.1176076498312286
                },
                "metadata": {
                    "trials": 1
                }
            }
        ],
        [
            {
                "query": {
                    "x1": -1.945047800665375,
                    "x2": 1.3412597993123363
                },
                "metrics": {
                    "outcome": 1.1987988202389335
                },
                "metadata": {
                    "trials": 1
                }
            },
            {
                "query": {
                    "x1": -1.9414596314199986,
                    "x2": 1.3412649586748682
                },
                "metrics": {
                    "outcome": 1.2035823183342702
                },
                "metadata": {
                    "trials": 1
                }
            },
            {
                "query": {
                    "x1": -1.935961223163563,
                    "x2": 1.341274892602839
                },
                "metrics": {
                    "outcome": 1.2110306453462858
                },
                "metadata": {
                    "trials": 1
                }
            }
        ],
        [
            {
                "query": {
                    "x1": -2.1107308820005435,
                    "x2": 1.350361936455288
                },
                "metrics": {
                    "outcome": 1.0534401635878374
                },
                "metadata": {
                    "trials": 1
                }
            },
            {
                "query": {
                    "x1": -2.10236792095349,
                    "x2": 1.3504070475018395
                },
                "metrics": {
                    "outcome": 1.053917178647163
                },
                "metadata": {
                    "trials": 1
                }
            },
            {
                "query": {
                    "x1": -2.1165416825248875,
                    "x2": 1.3497721760490284
                },
                "metrics": {
                    "outcome": 1.0523431222410693
                },
                "metadata": {
                    "trials": 1
                }
            }
        ],
        [
            {
                "query": {
                    "x1": -2.2004198470467697,
                    "x2": 1.350327278338252
                },
                "metrics": {
                    "outcome": 1.0745727534970821
                },
                "metadata": {
                    "trials": 1
                }
            },
            {
                "query": {
                    "x1": -2.2004773705318548,
                    "x2": 1.3500393088382188
                },
                "metrics": {
                    "outcome": 1.0729340204369504
                },
                "metadata": {
                    "trials": 1
                }
            },
            {
                "query": {
                    "x1": -2.170568963747334,
                    "x2": 1.350446901360037
                },
                "metrics": {
                    "outcome": 1.0628000225192595
                },
                "metadata": {
                    "trials": 1
                }
            }
        ],
        [
            {
                "query": {
                    "x1": -2.1191039025726837,
                    "x2": 1.3003292493210195
                },
                "metrics": {
                    "outcome": 1.3707644414618272
                },
                "metadata": {
                    "trials": 1
                }
            },
            {
                "query": {
                    "x1": -2.1197530724092943,
                    "x2": 1.3002427548095312
                },
                "metrics": {
                    "outcome": 1.3708147061929796
                },
                "metadata": {
                    "trials": 1
                }
            },
            {
                "query": {
                    "x1": -2.105376661985616,
                    "x2": 1.300241267528274
                },
                "metrics": {
                    "outcome": 1.397244035808518
                },
                "metadata": {
                    "trials": 1
                }
            }
        ],
        [
            {
                "query": {
                    "x1": -2.214651883283425,
                    "x2": 1.3509295493238156
                },
                "metrics": {
                    "outcome": 1.0862960342979338
                },
                "metadata": {
                    "trials": 1
                }
            },
            {
                "query": {
                    "x1": -2.212441203738515,
                    "x2": 1.3509349357785752
                },
                "metrics": {
                    "outcome": 1.0849901483265958
                },
                "metadata": {
                    "trials": 1
                }
            },
            {
                "query": {
                    "x1": -2.202923757974235,
                    "x2": 1.3509209595878051
                },
                "metrics": {
                    "outcome": 1.0794534642422402
                },
                "metadata": {
                    "trials": 1
                }
            }
        ],
        [
            {
                "query": {
                    "x1": -2.178703979981504,
                    "x2": 1.3508199705393604
                },
                "metrics": {
                    "outcome": 1.0675085696228082
                },
                "metadata": {
                    "trials": 1
                }
            },
            {
                "query": {
                    "x1": -2.1750616392931716,
                    "x2": 1.3509440792333791
                },
                "metrics": {
                    "outcome": 1.0667034367835746
                },
                "metadata": {
                    "trials": 1
                }
            },
            {
                "query": {
                    "x1": -2.2155627629634247,
                    "x2": 1.3509073051068219
                },
                "metrics": {
                    "outcome": 1.0867054762053514
                },
                "metadata": {
                    "trials": 1
                }
            }
        ],
        [
            {
                "query": {
                    "x1": -2.195252782648652,
                    "x2": 1.3509808222724562
                },
                "metrics": {
                    "outcome": 1.0758042667846381
                },
                "metadata": {
                    "trials": 1
                }
            },
            {
                "query": {
                    "x1": -2.191063236959437,
                    "x2": 1.3509226975622397
                },
                "metrics": {
                    "outcome": 1.0734279927431314
                },
                "metadata": {
                    "trials": 1
                }
            },
            {
                "query": {
                    "x1": -2.2067891880574915,
                    "x2": 1.351081436430702
                },
                "metrics": {
                    "outcome": 1.0826301527018587
                },
                "metadata": {
                    "trials": 1
                }
            }
        ],
        [
            {
                "query": {
                    "x1": -2.215497331840052,
                    "x2": 1.350897559723701
                },
                "metrics": {
                    "outcome": 1.0865986396880156
                },
                "metadata": {
                    "trials": 1
                }
            },
            {
                "query": {
                    "x1": -2.2036037619644806,
                    "x2": 1.3509028239583722
                },
                "metrics": {
                    "outcome": 1.0797117077134626
                },
                "metadata": {
                    "trials": 1
                }
            },
            {
                "query": {
                    "x1": -2.180514231926613,
                    "x2": 1.3508563492262553
                },
                "metrics": {
                    "outcome": 1.0684194215871634
                },
                "metadata": {
                    "trials": 1
                }
            }
        ],
        [
            {
                "query": {
                    "x1": -2.1971369843190285,
                    "x2": 1.3509184134691186
                },
                "metrics": {
                    "outcome": 1.0763900867543235
                },
                "metadata": {
                    "trials": 1
                }
            },
            {
                "query": {
                    "x1": -2.2073468403314687,
                    "x2": 1.3509186690579895
                },
                "metrics": {
                    "outcome": 1.0819020083405184
                },
                "metadata": {
                    "trials": 1
                }
            },
            {
                "query": {
                    "x1": -2.2143090761346147,
                    "x2": 1.3509078435747846
                },
                "metrics": {
                    "outcome": 1.085939264432597
                },
                "metadata": {
                    "trials": 1
                }
            }
        ],
        [
            {
                "query": {
                    "x1": -2.2088212453394105,
                    "x2": 1.3508974531045146
                },
                "metrics": {
                    "outcome": 1.082611014627779
                },
                "metadata": {
                    "trials": 1
                }
            },
            {
                "query": {
                    "x1": -2.196408110672794,
                    "x2": 1.350880801801945
                },
                "metrics": {
                    "outcome": 1.0757995557549176
                },
                "metadata": {
                    "trials": 1
                }
            },
            {
                "query": {
                    "x1": -2.1727136692407036,
                    "x2": 1.350901927194455
                },
                "metrics": {
                    "outcome": 1.0656272477632107
                },
                "metadata": {
                    "trials": 1
                }
            }
        ],
        [
            {
                "query": {
                    "x1": -2.211791692897116,
                    "x2": 1.3508968217247643
                },
                "metrics": {
                    "outcome": 1.08434827417171
                },
                "metadata": {
                    "trials": 1
                }
            },
            {
                "query": {
                    "x1": -2.1980228793373344,
                    "x2": 1.35088497775165
                },
                "metrics": {
                    "outcome": 1.0766449588916613
                },
                "metadata": {
                    "trials": 1
                }
            },
            {
                "query": {
                    "x1": -2.204430876294317,
                    "x2": 1.3509026462338465
                },
                "metrics": {
                    "outcome": 1.0801650177553994
                },
                "metadata": {
                    "trials": 1
                }
            }
        ],
        [
            {
                "query": {
                    "x1": -2.2223759171777817,
                    "x2": 1.3508943213104434
                },
                "metrics": {
                    "outcome": 1.090958434768604
                },
                "metadata": {
                    "trials": 1
                }
            },
            {
                "query": {
                    "x1": -2.1949829694813205,
                    "x2": 1.350915701518022
                },
                "metrics": {
                    "outcome": 1.0752904143183906
                },
                "metadata": {
                    "trials": 1
                }
            },
            {
                "query": {
                    "x1": -2.2089592188248948,
                    "x2": 1.3508964139761837
                },
                "metrics": {
                    "outcome": 1.0826840076831301
                },
                "metadata": {
                    "trials": 1
                }
            }
        ],
        [
            {
                "query": {
                    "x1": -2.2039289707642165,
                    "x2": 1.3508736120001652
                },
                "metrics": {
                    "outcome": 1.0797077738769172
                },
                "metadata": {
                    "trials": 1
                }
            },
            {
                "query": {
                    "x1": -2.190498325648256,
                    "x2": 1.3509140623511264
                },
                "metrics": {
                    "outcome": 1.0731129820546146
                },
                "metadata": {
                    "trials": 1
                }
            },
            {
                "query": {
                    "x1": -2.2026611211994034,
                    "x2": 1.350908346333549
                },
                "metrics": {
                    "outcome": 1.0792328559490763
                },
                "metadata": {
                    "trials": 1
                }
            }
        ],
        [
            {
                "query": {
                    "x1": -2.206170325913128,
                    "x2": 1.3478944649882632
                },
                "metrics": {
                    "outcome": 1.0637878767968882
                },
                "metadata": {
                    "trials": 1
                }
            },
            {
                "query": {
                    "x1": -2.21098894324402,
                    "x2": 1.3476273320693641
                },
                "metrics": {
                    "outcome": 1.0644192033297817
                },
                "metadata": {
                    "trials": 1
                }
            },
            {
                "query": {
                    "x1": -2.217553276970626,
                    "x2": 1.347724379995542
                },
                "metrics": {
                    "outcome": 1.0679106277447965
                },
                "metadata": {
                    "trials": 1
                }
            }
        ],
        [
            {
                "query": {
                    "x1": -2.213164385597756,
                    "x2": 1.3482617762176972
                },
                "metrics": {
                    "outcome": 1.0688834975691717
                },
                "metadata": {
                    "trials": 1
                }
            },
            {
                "query": {
                    "x1": -2.2227682413685805,
                    "x2": 1.3475407293677995
                },
                "metrics": {
                    "outcome": 1.069368616939887
                },
                "metadata": {
                    "trials": 1
                }
            },
            {
                "query": {
                    "x1": -2.2062957784597956,
                    "x2": 1.3477926270680403
                },
                "metrics": {
                    "outcome": 1.063313452605471
                },
                "metadata": {
                    "trials": 1
                }
            }
        ],
        [
            {
                "query": {
                    "x1": -2.2094481748044914,
                    "x2": 1.3477738562705444
                },
                "metrics": {
                    "outcome": 1.0645362231782398
                },
                "metadata": {
                    "trials": 1
                }
            },
            {
                "query": {
                    "x1": -2.2053471754945404,
                    "x2": 1.3478394974759365
                },
                "metrics": {
                    "outcome": 1.063166453878283
                },
                "metadata": {
                    "trials": 1
                }
            },
            {
                "query": {
                    "x1": -2.2101278793077803,
                    "x2": 1.3477675223810337
                },
                "metrics": {
                    "outcome": 1.064794471470339
                },
                "metadata": {
                    "trials": 1
                }
            }
        ],
        [
            {
                "query": {
                    "x1": -2.208966736474766,
                    "x2": 1.3476881514090948
                },
                "metrics": {
                    "outcome": 1.0638805788121668
                },
                "metadata": {
                    "trials": 1
                }
            },
            {
                "query": {
                    "x1": -2.2144410488144195,
                    "x2": 1.3476879064080816
                },
                "metrics": {
                    "outcome": 1.0662686259712444
                },
                "metadata": {
                    "trials": 1
                }
            },
            {
                "query": {
                    "x1": -2.212985538224056,
                    "x2": 1.3476366221684914
                },
                "metrics": {
                    "outcome": 1.065338309128955
                },
                "metadata": {
                    "trials": 1
                }
            }
        ],
        [
            {
                "query": {
                    "x1": -2.1987438559761,
                    "x2": 1.347830833876234
                },
                "metrics": {
                    "outcome": 1.0605622445141438
                },
                "metadata": {
                    "trials": 1
                }
            },
            {
                "query": {
                    "x1": -2.2017678626378214,
                    "x2": 1.3477808392967443
                },
                "metrics": {
                    "outcome": 1.0614565001236163
                },
                "metadata": {
                    "trials": 1
                }
            },
            {
                "query": {
                    "x1": -2.2060000921833547,
                    "x2": 1.3476823589060682
                },
                "metrics": {
                    "outcome": 1.0626284045929077
                },
                "metadata": {
                    "trials": 1
                }
            }
        ],
        [
            {
                "query": {
                    "x1": -4.5,
                    "x2": 0.22546494178473075
                },
                "metrics": {
                    "outcome": 117.41425102064926
                },
                "metadata": {
                    "trials": 1
                }
            },
            {
                "query": {
                    "x1": -4.445993257093552,
                    "x2": 0.22546147958583873
                },
                "metrics": {
                    "outcome": 115.58082946262607
                },
                "metadata": {
                    "trials": 1
                }
            },
            {
                "query": {
                    "x1": -4.44590513273909,
                    "x2": 0.2254647565621335
                },
                "metrics": {
                    "outcome": 115.57758892239809
                },
                "metadata": {
                    "trials": 1
                }
            }
        ],
        [
            {
                "query": {
                    "x1": -2.207662720251263,
                    "x2": 1.3497068694426142
                },
                "metrics": {
                    "outcome": 1.074574959615955
                },
                "metadata": {
                    "trials": 1
                }
            },
            {
                "query": {
                    "x1": -2.1827420587808075,
                    "x2": 1.3496402960830132
                },
                "metrics": {
                    "outcome": 1.0633237095077577
                },
                "metadata": {
                    "trials": 1
                }
            },
            {
                "query": {
                    "x1": -2.202529930285479,
                    "x2": 1.3498582169996922
                },
                "metrics": {
                    "outcome": 1.0728934875253773
                },
                "metadata": {
                    "trials": 1
                }
            }
        ],
        [
            {
                "query": {
                    "x1": -2.2127685091418505,
                    "x2": 1.3498271222719955
                },
                "metrics": {
                    "outcome": 1.0780138015898342
                },
                "metadata": {
                    "trials": 1
                }
            },
            {
                "query": {
                    "x1": -2.207120509429597,
                    "x2": 1.3498338583860567
                },
                "metrics": {
                    "outcome": 1.075054812677009
                },
                "metadata": {
                    "trials": 1
                }
            },
            {
                "query": {
                    "x1": -2.205080207689579,
                    "x2": 1.3498238912573726
                },
                "metrics": {
                    "outcome": 1.073957999953989
                },
                "metadata": {
                    "trials": 1
                }
            }
        ],
        [
            {
                "query": {
                    "x1": -2.211817703408021,
                    "x2": 1.3498610147290506
                },
                "metrics": {
                    "outcome": 1.0777065433360224
                },
                "metadata": {
                    "trials": 1
                }
            },
            {
                "query": {
                    "x1": -2.2083499471507553,
                    "x2": 1.349870316876971
                },
                "metrics": {
                    "outcome": 1.0759127377259508
                },
                "metadata": {
                    "trials": 1
                }
            },
            {
                "query": {
                    "x1": -2.1909909562529983,
                    "x2": 1.3496084679381912
                },
                "metrics": {
                    "outcome": 1.0663520663445418
                },
                "metadata": {
                    "trials": 1
                }
            }
        ],
        [
            {
                "query": {
                    "x1": -2.206190229545454,
                    "x2": 1.349829364361712
                },
                "metrics": {
                    "outcome": 1.0745517415906756
                },
                "metadata": {
                    "trials": 1
                }
            },
            {
                "query": {
                    "x1": -2.205939783576532,
                    "x2": 1.3499011591726076
                },
                "metrics": {
                    "outcome": 1.0748505642982664
                },
                "metadata": {
                    "trials": 1
                }
            },
            {
                "query": {
                    "x1": -2.197676656521535,
                    "x2": 1.3498491958839924
                },
                "metrics": {
                    "outcome": 1.070538698998755
                },
                "metadata": {
                    "trials": 1
                }
            }
        ],
        [
            {
                "query": {
                    "x1": 4.283118759533126,
                    "x2": 0.222830741376562
                },
                "metrics": {
                    "outcome": 9.252647763153364
                },
                "metadata": {
                    "trials": 1
                }
            },
            {
                "query": {
                    "x1": 4.283118759533126,
                    "x2": 0.222830741376562
                },
                "metrics": {
                    "outcome": 9.252647763153364
                },
                "metadata": {
                    "trials": 1
                }
            },
            {
                "query": {
                    "x1": 4.283118759533126,
                    "x2": 0.222830741376562
                },
                "metrics": {
                    "outcome": 9.252647763153364
                },
                "metadata": {
                    "trials": 1
                }
            }
        ],
        [
            {
                "query": {
                    "x1": -2.200687798716952,
                    "x2": 1.33246951398423
                },
                "metrics": {
                    "outcome": 1.0305265435691504
                },
                "metadata": {
                    "trials": 1
                }
            },
            {
                "query": {
                    "x1": -2.213678331131438,
                    "x2": 1.3307211233255778
                },
                "metrics": {
                    "outcome": 1.0279329202921272
                },
                "metadata": {
                    "trials": 1
                }
            },
            {
                "query": {
                    "x1": -2.2161728358395028,
                    "x2": 1.330395405463685
                },
                "metrics": {
                    "outcome": 1.027432578114782
                },
                "metadata": {
                    "trials": 1
                }
            }
        ],
        [
            {
                "query": {
                    "x1": -2.31427198834536,
                    "x2": 1.3176007560157537
                },
                "metrics": {
                    "outcome": 1.0095736138586862
                },
                "metadata": {
                    "trials": 1
                }
            },
            {
                "query": {
                    "x1": -2.3280796487596085,
                    "x2": 1.3163773045598468
                },
                "metrics": {
                    "outcome": 1.0064272460222996
                },
                "metadata": {
                    "trials": 1
                }
            },
            {
                "query": {
                    "x1": -2.3133986554295998,
                    "x2": 1.3176802838127566
                },
                "metrics": {
                    "outcome": 1.0097714887088314
                },
                "metadata": {
                    "trials": 1
                }
            }
        ],
        [
            {
                "query": {
                    "x1": -2.4311566191797227,
                    "x2": 1.3085364772305947
                },
                "metrics": {
                    "outcome": 0.9839388478206386
                },
                "metadata": {
                    "trials": 1
                }
            },
            {
                "query": {
                    "x1": -2.430107167408099,
                    "x2": 1.3086430866866259
                },
                "metrics": {
                    "outcome": 0.9841306079570382
                },
                "metadata": {
                    "trials": 1
                }
            },
            {
                "query": {
                    "x1": -2.4355798795631975,
                    "x2": 1.3080064192104128
                },
                "metrics": {
                    "outcome": 0.9831726446879737
                },
                "metadata": {
                    "trials": 1
                }
            }
        ],
        [
            {
                "query": {
                    "x1": -2.5374903909461937,
                    "x2": 1.2975181051445466
                },
                "metrics": {
                    "outcome": 0.9656163752549698
                },
                "metadata": {
                    "trials": 1
                }
            },
            {
                "query": {
                    "x1": -2.5248096861136737,
                    "x2": 1.300255355315235
                },
                "metrics": {
                    "outcome": 0.9670508223432677
                },
                "metadata": {
                    "trials": 1
                }
            },
            {
                "query": {
                    "x1": -2.540872322630296,
                    "x2": 1.2958273871243344
                },
                "metrics": {
                    "outcome": 0.9665797673310971
                },
                "metadata": {
                    "trials": 1
                }
            }
        ],
        [
            {
                "query": {
                    "x1": -2.6290905568335834,
                    "x2": 1.290654041548831
                },
                "metrics": {
                    "outcome": 0.9497234712688609
                },
                "metadata": {
                    "trials": 1
                }
            },
            {
                "query": {
                    "x1": -2.635330409506655,
                    "x2": 1.289930693076804
                },
                "metrics": {
                    "outcome": 0.9487615770933266
                },
                "metadata": {
                    "trials": 1
                }
            },
            {
                "query": {
                    "x1": -2.6415458299204126,
                    "x2": 1.289248808990087
                },
                "metrics": {
                    "outcome": 0.9478092989242144
                },
                "metadata": {
                    "trials": 1
                }
            }
        ],
        [
            {
                "query": {
                    "x1": -2.7332882554629387,
                    "x2": 1.2901612349111682
                },
                "metrics": {
                    "outcome": 0.9493620404212865
                },
                "metadata": {
                    "trials": 1
                }
            },
            {
                "query": {
                    "x1": -2.7359880852386516,
                    "x2": 1.2893786605582633
                },
                "metrics": {
                    "outcome": 0.9468286589972266
                },
                "metadata": {
                    "trials": 1
                }
            },
            {
                "query": {
                    "x1": -2.7420492534170506,
                    "x2": 1.2890740572460455
                },
                "metrics": {
                    "outcome": 0.9466983770581394
                },
                "metadata": {
                    "trials": 1
                }
            }
        ],
        [
            {
                "query": {
                    "x1": -2.8469624622573013,
                    "x2": 1.2732096461543438
                },
                "metrics": {
                    "outcome": 0.9169772839716206
                },
                "metadata": {
                    "trials": 1
                }
            },
            {
                "query": {
                    "x1": -2.8458364938435388,
                    "x2": 1.273294484165099
                },
                "metrics": {
                    "outcome": 0.91713511990807
                },
                "metadata": {
                    "trials": 1
                }
            },
            {
                "query": {
                    "x1": -2.840748030133761,
                    "x2": 1.2736725012180852
                },
                "metrics": {
                    "outcome": 0.9178492947918697
                },
                "metadata": {
                    "trials": 1
                }
            }
        ],
        [
            {
                "query": {
                    "x1": -2.9497066451228076,
                    "x2": 1.2501108395496923
                },
                "metrics": {
                    "outcome": 0.9644206629640215
                },
                "metadata": {
                    "trials": 1
                }
            },
            {
                "query": {
                    "x1": -2.9414385611196514,
                    "x2": 1.251054327085222
                },
                "metrics": {
                    "outcome": 0.962605518516599
                },
                "metadata": {
                    "trials": 1
                }
            },
            {
                "query": {
                    "x1": -2.947757415646933,
                    "x2": 1.250330760546266
                },
                "metrics": {
                    "outcome": 0.9640030008596785
                },
                "metadata": {
                    "trials": 1
                }
            }
        ],
        [
            {
                "query": {
                    "x1": -2.9579259799091466,
                    "x2": 1.2644593668516064
                },
                "metrics": {
                    "outcome": 0.9019201012871386
                },
                "metadata": {
                    "trials": 1
                }
            },
            {
                "query": {
                    "x1": -2.94930177105244,
                    "x2": 1.264850444191234
                },
                "metrics": {
                    "outcome": 0.9031041166164525
                },
                "metadata": {
                    "trials": 1
                }
            },
            {
                "query": {
                    "x1": -2.9425077575323457,
                    "x2": 1.2651786956825202
                },
                "metrics": {
                    "outcome": 0.9040554568972671
                },
                "metadata": {
                    "trials": 1
                }
            }
        ],
        [
            {
                "query": {
                    "x1": -3.0644144476267927,
                    "x2": 1.2573730979346598
                },
                "metrics": {
                    "outcome": 0.8883391841264686
                },
                "metadata": {
                    "trials": 1
                }
            },
            {
                "query": {
                    "x1": -3.0623655046774276,
                    "x2": 1.257525489829911
                },
                "metrics": {
                    "outcome": 0.888593801430321
                },
                "metadata": {
                    "trials": 1
                }
            },
            {
                "query": {
                    "x1": -3.0563411005354357,
                    "x2": 1.257973080165705
                },
                "metrics": {
                    "outcome": 0.8893444332290507
                },
                "metadata": {
                    "trials": 1
                }
            }
        ],
        [
            {
                "query": {
                    "x1": -3.164125067635193,
                    "x2": 1.2461157437647579
                },
                "metrics": {
                    "outcome": 0.8822116960134079
                },
                "metadata": {
                    "trials": 1
                }
            },
            {
                "query": {
                    "x1": -3.16214935628547,
                    "x2": 1.2467827695595108
                },
                "metrics": {
                    "outcome": 0.8811043094781368
                },
                "metadata": {
                    "trials": 1
                }
            },
            {
                "query": {
                    "x1": -3.1740327656658094,
                    "x2": 1.2453579100587069
                },
                "metrics": {
                    "outcome": 0.8813946700933198
                },
                "metadata": {
                    "trials": 1
                }
            }
        ],
        [
            {
                "query": {
                    "x1": -3.249572050396738,
                    "x2": 1.237557725575595
                },
                "metrics": {
                    "outcome": 0.8842476830077567
                },
                "metadata": {
                    "trials": 1
                }
            },
            {
                "query": {
                    "x1": -3.247526830638349,
                    "x2": 1.2379404993934022
                },
                "metrics": {
                    "outcome": 0.883293976389289
                },
                "metadata": {
                    "trials": 1
                }
            },
            {
                "query": {
                    "x1": -3.256990771863575,
                    "x2": 1.2362891758761139
                },
                "metrics": {
                    "outcome": 0.8874435037228263
                },
                "metadata": {
                    "trials": 1
                }
            }
        ],
        [
            {
                "query": {
                    "x1": -3.263066943209581,
                    "x2": 1.2458904027549824
                },
                "metrics": {
                    "outcome": 0.8658759831085863
                },
                "metadata": {
                    "trials": 1
                }
            },
            {
                "query": {
                    "x1": -3.2574760323466556,
                    "x2": 1.246225723689605
                },
                "metrics": {
                    "outcome": 0.8664848515063311
                },
                "metadata": {
                    "trials": 1
                }
            },
            {
                "query": {
                    "x1": -3.2559814136610568,
                    "x2": 1.2463191346051303
                },
                "metrics": {
                    "outcome": 0.8666515216169639
                },
                "metadata": {
                    "trials": 1
                }
            }
        ],
        [
            {
                "query": {
                    "x1": -3.3564969384015133,
                    "x2": 1.2391732355848424
                },
                "metrics": {
                    "outcome": 0.8550588489524367
                },
                "metadata": {
                    "trials": 1
                }
            },
            {
                "query": {
                    "x1": -3.3674144517514337,
                    "x2": 1.2384567277629719
                },
                "metrics": {
                    "outcome": 0.8538876542327825
                },
                "metadata": {
                    "trials": 1
                }
            },
            {
                "query": {
                    "x1": -3.357858820041508,
                    "x2": 1.2390773010495701
                },
                "metrics": {
                    "outcome": 0.8549101744309261
                },
                "metadata": {
                    "trials": 1
                }
            }
        ]
    ],
    "best_results": [
        {
            "query": {
                "x1": -3.3674144517514337,
                "x2": 1.2384567277629719
            },
            "metrics": [
                {
                    "name": "outcome",
                    "value": 0.8538876542327825
                }
            ]
        }
    ]
}