{
    "date": "09/11/2022 18:25:40",
    "basic_params": {
        "active_variables": [
            "x1",
            "x2"
        ],
        "default_query": {},
        "metric": "basic",
        "n_trials": 1
    },
    "objective_function": {
        "name": "Gramacy2D",
        "params": {}
    },
    "optimizer": {
        "name": "BO-MCMC-250",
        "params": {
            "lower_bound": [
                -2.0,
                -2.0
            ],
            "upper_bound": [
                6.0,
                6.0
            ],
            "invert_metric": false,
            "bopt_params": {
                "n_init_samples": 15,
                "n_iterations": 45,
                "n_iter_relearn": 5,
                "verbose_level": 0,
                "n_parallel_samples": 3,
                "par_type": "PAR_MCMC",
                "l_type": "L_MCMC",
                "burnout_mcmc_parallel": 250,
                "crit_name": "cEI"
            }
        }
    },
    "execution_time": 25.273656606674194,
    "best_results": [
        {
            "query": {
                "x1": -0.705818811014957,
                "x2": -3.227154731599846e-05
            },
            "metrics": [
                {
                    "name": "outcome",
                    "value": -0.42888051825460294
                }
            ]
        }
    ],
    "iterations": [
        [
            {
                "query": {
                    "x1": -0.7166282555709282,
                    "x2": -0.5417487837374211
                },
                "metrics": {
                    "outcome": -0.319740405187289
                },
                "metadata": {
                    "trials": 1
                }
            }
        ],
        [
            {
                "query": {
                    "x1": 4.845096963271499,
                    "x2": 3.581103261187673
                },
                "metrics": {
                    "outcome": 8.33166732584506e-16
                },
                "metadata": {
                    "trials": 1
                }
            }
        ],
        [
            {
                "query": {
                    "x1": -1.5615359487632912,
                    "x2": 0.463009682421883
                },
                "metrics": {
                    "outcome": -0.11001895983808753
                },
                "metadata": {
                    "trials": 1
                }
            }
        ],
        [
            {
                "query": {
                    "x1": 3.5959132747103775,
                    "x2": 5.64899888895452
                },
                "metrics": {
                    "outcome": 1.2057888974419899e-19
                },
                "metadata": {
                    "trials": 1
                }
            }
        ],
        [
            {
                "query": {
                    "x1": -0.9425339917341868,
                    "x2": 5.310674080252648
                },
                "metrics": {
                    "outcome": -2.1875745132534093e-13
                },
                "metadata": {
                    "trials": 1
                }
            }
        ],
        [
            {
                "query": {
                    "x1": 0.4293416117628417,
                    "x2": 4.407224465782444
                },
                "metrics": {
                    "outcome": 1.309704771370466e-09
                },
                "metadata": {
                    "trials": 1
                }
            }
        ],
        [
            {
                "query": {
                    "x1": 5.590209092820684,
                    "x2": -1.0927645420034726
                },
                "metrics": {
                    "outcome": 4.538678759070802e-14
                },
                "metadata": {
                    "trials": 1
                }
            }
        ],
        [
            {
                "query": {
                    "x1": 3.113985740145048,
                    "x2": 2.664098194117347
                },
                "metrics": {
                    "outcome": 1.58355570908703e-07
                },
                "metadata": {
                    "trials": 1
                }
            }
        ],
        [
            {
                "query": {
                    "x1": 0.04260146295030909,
                    "x2": -0.08973274938762188
                },
                "metrics": {
                    "outcome": 0.04218318758852442
                },
                "metadata": {
                    "trials": 1
                }
            }
        ],
        [
            {
                "query": {
                    "x1": 1.0229581514994304,
                    "x2": 1.767430699740847
                },
                "metrics": {
                    "outcome": 0.015802990580738085
                },
                "metadata": {
                    "trials": 1
                }
            }
        ],
        [
            {
                "query": {
                    "x1": 3.9965950112789868,
                    "x2": 4.0591220449656245
                },
                "metrics": {
                    "outcome": 3.229704326410844e-14
                },
                "metadata": {
                    "trials": 1
                }
            }
        ],
        [
            {
                "query": {
                    "x1": 2.474623980373144,
                    "x2": 0.7463959949711958
                },
                "metrics": {
                    "outcome": 0.0031048733043218648
                },
                "metadata": {
                    "trials": 1
                }
            }
        ],
        [
            {
                "query": {
                    "x1": 5.123215439543128,
                    "x2": -1.619673093656699
                },
                "metrics": {
                    "outcome": 1.4830874105250061e-12
                },
                "metadata": {
                    "trials": 1
                }
            }
        ],
        [
            {
                "query": {
                    "x1": 1.5663994760562976,
                    "x2": 2.8348571632057427
                },
                "metrics": {
                    "outcome": 4.3565596244151546e-05
                },
                "metadata": {
                    "trials": 1
                }
            }
        ],
        [
            {
                "query": {
                    "x1": 1.7791195781280598,
                    "x2": 1.5820158393432697
                },
                "metrics": {
                    "outcome": 0.0061461957469037334
                },
                "metadata": {
                    "trials": 1
                }
            }
        ],
        [
            {
                "query": {
                    "x1": -0.8202264655499181,
                    "x2": -1.4023183711881533
                },
                "metrics": {
                    "outcome": -0.05857524755452546
                },
                "metadata": {
                    "trials": 1
                }
            },
            {
                "query": {
                    "x1": -1.4880615863545166,
                    "x2": -1.1875298881885588
                },
                "metrics": {
                    "outcome": -0.03967316771901578
                },
                "metadata": {
                    "trials": 1
                }
            },
            {
                "query": {
                    "x1": -1.5797326955439992,
                    "x2": -1.3122789416096818
                },
                "metrics": {
                    "outcome": -0.02327499298368121
                },
                "metadata": {
                    "trials": 1
                }
            }
        ],
        [
            {
                "query": {
                    "x1": -1.5644953357248812,
                    "x2": 4.00256905107882
                },
                "metrics": {
                    "outcome": -1.491883450727294e-08
                },
                "metadata": {
                    "trials": 1
                }
            },
            {
                "query": {
                    "x1": 5.936988264322281,
                    "x2": 5.892739735543728
                },
                "metrics": {
                    "outcome": 2.4267272207862365e-30
                },
                "metadata": {
                    "trials": 1
                }
            },
            {
                "query": {
                    "x1": 5.584171381639652,
                    "x2": 0.6355648636020699
                },
                "metrics": {
                    "outcome": 1.0688994311310227e-13
                },
                "metadata": {
                    "trials": 1
                }
            }
        ],
        [
            {
                "query": {
                    "x1": 2.1725716870535194,
                    "x2": -1.1676422502935608
                },
                "metrics": {
                    "outcome": 0.004954076108707179
                },
                "metadata": {
                    "trials": 1
                }
            },
            {
                "query": {
                    "x1": -0.649536244177658,
                    "x2": 1.0137086157737891
                },
                "metrics": {
                    "outcome": -0.15243772432444655
                },
                "metadata": {
                    "trials": 1
                }
            },
            {
                "query": {
                    "x1": -1.4406445622444153,
                    "x2": 2.269160896539688
                },
                "metrics": {
                    "outcome": -0.0010494833295630732
                },
                "metadata": {
                    "trials": 1
                }
            }
        ],
        [
            {
                "query": {
                    "x1": 3.774819826398714,
                    "x2": 0.5515449769788199
                },
                "metrics": {
                    "outcome": 1.8047040696598297e-06
                },
                "metadata": {
                    "trials": 1
                }
            },
            {
                "query": {
                    "x1": -0.9401340881934674,
                    "x2": -0.48304291212650297
                },
                "metrics": {
                    "outcome": -0.30761221680260864
                },
                "metadata": {
                    "trials": 1
                }
            },
            {
                "query": {
                    "x1": -1.1175636838511416,
                    "x2": -0.5262350123880002
                },
                "metrics": {
                    "outcome": -0.24299343752946764
                },
                "metadata": {
                    "trials": 1
                }
            }
        ],
        [
            {
                "query": {
                    "x1": -0.9210651523992932,
                    "x2": -0.11933194194106855
                },
                "metrics": {
                    "outcome": -0.3887473502350261
                },
                "metadata": {
                    "trials": 1
                }
            },
            {
                "query": {
                    "x1": -0.8483373052706646,
                    "x2": -0.30660948361269846
                },
                "metrics": {
                    "outcome": -0.37600136112564253
                },
                "metadata": {
                    "trials": 1
                }
            },
            {
                "query": {
                    "x1": 5.935619526970905,
                    "x2": 2.237150086636561
                },
                "metrics": {
                    "outcome": 1.9907238369336052e-17
                },
                "metadata": {
                    "trials": 1
                }
            }
        ],
        [
            {
                "query": {
                    "x1": 2.9482183311482,
                    "x2": -1.5473950168501813
                },
                "metrics": {
                    "outcome": 4.5163485797647926e-05
                },
                "metadata": {
                    "trials": 1
                }
            },
            {
                "query": {
                    "x1": 3.0354788582950674,
                    "x2": -1.9708760363036233
                },
                "metrics": {
                    "outcome": 6.217671620183464e-06
                },
                "metadata": {
                    "trials": 1
                }
            },
            {
                "query": {
                    "x1": 1.3267686620565335,
                    "x2": 5.008126174964015
                },
                "metrics": {
                    "outcome": 2.9215802680337845e-12
                },
                "metadata": {
                    "trials": 1
                }
            }
        ],
        [
            {
                "query": {
                    "x1": 2.58346992996941,
                    "x2": 5.412175379759454
                },
                "metrics": {
                    "outcome": 6.199915711198459e-16
                },
                "metadata": {
                    "trials": 1
                }
            },
            {
                "query": {
                    "x1": -1.6662966428775607,
                    "x2": 5.840270842563916
                },
                "metrics": {
                    "outcome": -1.5946544327513955e-16
                },
                "metadata": {
                    "trials": 1
                }
            },
            {
                "query": {
                    "x1": 5.1182877785119025,
                    "x2": 4.942672997562792
                },
                "metrics": {
                    "outcome": 5.274088489491367e-22
                },
                "metadata": {
                    "trials": 1
                }
            }
        ],
        [
            {
                "query": {
                    "x1": -0.32006966592139374,
                    "x2": 5.758150494435933
                },
                "metrics": {
                    "outcome": -1.151215207251362e-15
                },
                "metadata": {
                    "trials": 1
                }
            },
            {
                "query": {
                    "x1": 2.341625892456146,
                    "x2": 4.2399818313863324
                },
                "metrics": {
                    "outcome": 1.5159445244184054e-10
                },
                "metadata": {
                    "trials": 1
                }
            },
            {
                "query": {
                    "x1": 5.829576804604209,
                    "x2": 4.3551309390322
                },
                "metrics": {
                    "outcome": 5.878316024101855e-23
                },
                "metadata": {
                    "trials": 1
                }
            }
        ],
        [
            {
                "query": {
                    "x1": 1.29055641971647,
                    "x2": -1.9416696174366912
                },
                "metrics": {
                    "outcome": 0.005624949451914149
                },
                "metadata": {
                    "trials": 1
                }
            },
            {
                "query": {
                    "x1": 4.067113325433206,
                    "x2": 1.6066319814557266
                },
                "metrics": {
                    "outcome": 2.0156406984749796e-08
                },
                "metadata": {
                    "trials": 1
                }
            },
            {
                "query": {
                    "x1": 4.285310856535794,
                    "x2": -1.9983066308130213
                },
                "metrics": {
                    "outcome": 8.363905614300317e-10
                },
                "metadata": {
                    "trials": 1
                }
            }
        ],
        [
            {
                "query": {
                    "x1": 4.4505784498397585,
                    "x2": -0.28232134090168004
                },
                "metrics": {
                    "outcome": 1.0267114656144772e-08
                },
                "metadata": {
                    "trials": 1
                }
            },
            {
                "query": {
                    "x1": -0.7549764429238033,
                    "x2": 0.17018152638940487
                },
                "metrics": {
                    "outcome": -0.4147746522168242
                },
                "metadata": {
                    "trials": 1
                }
            },
            {
                "query": {
                    "x1": -0.3819115459292022,
                    "x2": 2.481413361773072
                },
                "metrics": {
                    "outcome": -0.0006990173790914775
                },
                "metadata": {
                    "trials": 1
                }
            }
        ],
        [
            {
                "query": {
                    "x1": -0.7671789682127286,
                    "x2": 0.030824111330001625
                },
                "metrics": {
                    "outcome": -0.4254750946724039
                },
                "metadata": {
                    "trials": 1
                }
            },
            {
                "query": {
                    "x1": -0.82894008754414,
                    "x2": -0.00870974578258843
                },
                "metrics": {
                    "outcome": -0.4169350079260063
                },
                "metadata": {
                    "trials": 1
                }
            },
            {
                "query": {
                    "x1": -0.7603626051527281,
                    "x2": -0.07134914132087711
                },
                "metrics": {
                    "outcome": -0.42434781623437257
                },
                "metadata": {
                    "trials": 1
                }
            }
        ],
        [
            {
                "query": {
                    "x1": -0.7041304546198885,
                    "x2": -0.003714294891058012
                },
                "metrics": {
                    "outcome": -0.42886841663085346
                },
                "metadata": {
                    "trials": 1
                }
            },
            {
                "query": {
                    "x1": -0.7110594886887265,
                    "x2": -0.04329955171450095
                },
                "metrics": {
                    "outcome": -0.4280652544857109
                },
                "metadata": {
                    "trials": 1
                }
            },
            {
                "query": {
                    "x1": -0.7184082407127272,
                    "x2": 0.015402272071531886
                },
                "metrics": {
                    "outcome": -0.42867127117543524
                },
                "metadata": {
                    "trials": 1
                }
            }
        ],
        [
            {
                "query": {
                    "x1": -0.687747511697403,
                    "x2": -0.003015196864062597
                },
                "metrics": {
                    "outcome": -0.42855369975735896
                },
                "metadata": {
                    "trials": 1
                }
            },
            {
                "query": {
                    "x1": 5.097309778371767,
                    "x2": 5.952951747823607
                },
                "metrics": {
                    "outcome": 1.0786646439913601e-26
                },
                "metadata": {
                    "trials": 1
                }
            },
            {
                "query": {
                    "x1": -0.6676569354882158,
                    "x2": 0.05128177308075754
                },
                "metrics": {
                    "outcome": -0.42640042442969683
                },
                "metadata": {
                    "trials": 1
                }
            }
        ],
        [
            {
                "query": {
                    "x1": -0.714203667390841,
                    "x2": -0.006079962270040928
                },
                "metrics": {
                    "outcome": -0.42882303399579397
                },
                "metadata": {
                    "trials": 1
                }
            },
            {
                "query": {
                    "x1": -0.7035745833051159,
                    "x2": -0.01422368690881326
                },
                "metrics": {
                    "outcome": -0.42878446534084425
                },
                "metadata": {
                    "trials": 1
                }
            },
            {
                "query": {
                    "x1": 1.2751840262275986,
                    "x2": 5.938683456589375
                },
                "metrics": {
                    "outcome": 1.2097291506107441e-16
                },
                "metadata": {
                    "trials": 1
                }
            }
        ],
        [
            {
                "query": {
                    "x1": -0.709229466401613,
                    "x2": 0.02771939096070719
                },
                "metrics": {
                    "outcome": -0.4285486732687331
                },
                "metadata": {
                    "trials": 1
                }
            },
            {
                "query": {
                    "x1": -0.7134120898580132,
                    "x2": -0.030002746689099746
                },
                "metrics": {
                    "outcome": -0.4284620823390509
                },
                "metadata": {
                    "trials": 1
                }
            },
            {
                "query": {
                    "x1": -0.6933088960068376,
                    "x2": 0.0006070978817995787
                },
                "metrics": {
                    "outcome": -0.42871743550128805
                },
                "metadata": {
                    "trials": 1
                }
            }
        ],
        [
            {
                "query": {
                    "x1": -0.7049494109191727,
                    "x2": -0.0016452028225826254
                },
                "metrics": {
                    "outcome": -0.4288767853459604
                },
                "metadata": {
                    "trials": 1
                }
            },
            {
                "query": {
                    "x1": 5.867234253069185,
                    "x2": -1.9343433548678128
                },
                "metrics": {
                    "outcome": 1.559901766948014e-16
                },
                "metadata": {
                    "trials": 1
                }
            },
            {
                "query": {
                    "x1": -1.9780244738522514,
                    "x2": 2.0476595536285798
                },
                "metrics": {
                    "outcome": -0.0005971203577788292
                },
                "metadata": {
                    "trials": 1
                }
            }
        ],
        [
            {
                "query": {
                    "x1": -0.7272678515258832,
                    "x2": 0.017630389368329613
                },
                "metrics": {
                    "outcome": -0.42840349002762573
                },
                "metadata": {
                    "trials": 1
                }
            },
            {
                "query": {
                    "x1": -0.7091774715019665,
                    "x2": 0.02430768709679798
                },
                "metrics": {
                    "outcome": -0.4286249344644515
                },
                "metadata": {
                    "trials": 1
                }
            },
            {
                "query": {
                    "x1": -0.7224824672258703,
                    "x2": 0.027271616769052986
                },
                "metrics": {
                    "outcome": -0.42836194168064234
                },
                "metadata": {
                    "trials": 1
                }
            }
        ],
        [
            {
                "query": {
                    "x1": 5.064665057627317,
                    "x2": 2.169122977923088
                },
                "metrics": {
                    "outcome": 3.3200092741111247e-13
                },
                "metadata": {
                    "trials": 1
                }
            },
            {
                "query": {
                    "x1": -0.6939648139171577,
                    "x2": -0.01952618498609504
                },
                "metrics": {
                    "outcome": -0.4285694594461616
                },
                "metadata": {
                    "trials": 1
                }
            },
            {
                "query": {
                    "x1": -0.705818811014957,
                    "x2": -3.227154731599846e-05
                },
                "metrics": {
                    "outcome": -0.42888051825460294
                },
                "metadata": {
                    "trials": 1
                }
            }
        ],
        [
            {
                "query": {
                    "x1": -0.7004979784611212,
                    "x2": 0.024862946892486804
                },
                "metrics": {
                    "outcome": -0.4285793475175775
                },
                "metadata": {
                    "trials": 1
                }
            },
            {
                "query": {
                    "x1": -0.7047245653224861,
                    "x2": -0.056754998773470566
                },
                "metrics": {
                    "outcome": -0.42749782307150436
                },
                "metadata": {
                    "trials": 1
                }
            },
            {
                "query": {
                    "x1": -0.7065410057788293,
                    "x2": 0.0037407020320081585
                },
                "metrics": {
                    "outcome": -0.42887566659980847
                },
                "metadata": {
                    "trials": 1
                }
            }
        ],
        [
            {
                "query": {
                    "x1": -0.6980482220505535,
                    "x2": -0.008403357464501493
                },
                "metrics": {
                    "outcome": -0.42878097882265404
                },
                "metadata": {
                    "trials": 1
                }
            },
            {
                "query": {
                    "x1": -0.7019852077868707,
                    "x2": 0.008026105894042956
                },
                "metrics": {
                    "outcome": -0.4288317633319354
                },
                "metadata": {
                    "trials": 1
                }
            },
            {
                "query": {
                    "x1": -0.6998612080957469,
                    "x2": -0.008544753076029199
                },
                "metrics": {
                    "outcome": -0.42880544925786784
                },
                "metadata": {
                    "trials": 1
                }
            }
        ],
        [
            {
                "query": {
                    "x1": -0.7097157691355049,
                    "x2": -0.00375165542383038
                },
                "metrics": {
                    "outcome": -0.4288700746845193
                },
                "metadata": {
                    "trials": 1
                }
            },
            {
                "query": {
                    "x1": -0.7014303365188659,
                    "x2": -0.009941078421276561
                },
                "metrics": {
                    "outcome": -0.42881185063764676
                },
                "metadata": {
                    "trials": 1
                }
            },
            {
                "query": {
                    "x1": -0.6947457843148219,
                    "x2": -0.0017184616259844354
                },
                "metrics": {
                    "outcome": -0.4287488613588623
                },
                "metadata": {
                    "trials": 1
                }
            }
        ],
        [
            {
                "query": {
                    "x1": -0.7097443411856279,
                    "x2": 0.010909186065138243
                },
                "metrics": {
                    "outcome": -0.42882494505521895
                },
                "metadata": {
                    "trials": 1
                }
            },
            {
                "query": {
                    "x1": -0.6975238576762208,
                    "x2": -0.007785435216297154
                },
                "metrics": {
                    "outcome": -0.42877682950840995
                },
                "metadata": {
                    "trials": 1
                }
            },
            {
                "query": {
                    "x1": -0.7022843686277975,
                    "x2": 0.011121785338582324
                },
                "metrics": {
                    "outcome": -0.42880890508170316
                },
                "metadata": {
                    "trials": 1
                }
            }
        ],
        [
            {
                "query": {
                    "x1": -0.6846999664606268,
                    "x2": -0.007727202214628415
                },
                "metrics": {
                    "outcome": -0.4284212683791543
                },
                "metadata": {
                    "trials": 1
                }
            },
            {
                "query": {
                    "x1": -0.7060887524393102,
                    "x2": -0.00689431395764406
                },
                "metrics": {
                    "outcome": -0.4288606681795266
                },
                "metadata": {
                    "trials": 1
                }
            },
            {
                "query": {
                    "x1": -0.7402314337858373,
                    "x2": -0.0013987108812223426
                },
                "metrics": {
                    "outcome": -0.4279551300289476
                },
                "metadata": {
                    "trials": 1
                }
            }
        ],
        [
            {
                "query": {
                    "x1": -0.7006537291822159,
                    "x2": -0.006442718953363791
                },
                "metrics": {
                    "outcome": -0.4288283152256972
                },
                "metadata": {
                    "trials": 1
                }
            },
            {
                "query": {
                    "x1": -0.7091343480948291,
                    "x2": 0.000845129332203598
                },
                "metrics": {
                    "outcome": -0.42887811324350505
                },
                "metadata": {
                    "trials": 1
                }
            },
            {
                "query": {
                    "x1": -0.7171286060484856,
                    "x2": -0.020214503790369376
                },
                "metrics": {
                    "outcome": -0.4286210210194901
                },
                "metadata": {
                    "trials": 1
                }
            }
        ],
        [
            {
                "query": {
                    "x1": -0.7232382626495362,
                    "x2": -0.007802498220791154
                },
                "metrics": {
                    "outcome": -0.42863436160708224
                },
                "metadata": {
                    "trials": 1
                }
            },
            {
                "query": {
                    "x1": -0.7095857768011578,
                    "x2": -0.01652301106943521
                },
                "metrics": {
                    "outcome": -0.42875960574295435
                },
                "metadata": {
                    "trials": 1
                }
            },
            {
                "query": {
                    "x1": -0.7053303220928073,
                    "x2": -0.03587118798775668
                },
                "metrics": {
                    "outcome": -0.4283277311999973
                },
                "metadata": {
                    "trials": 1
                }
            }
        ],
        [
            {
                "query": {
                    "x1": -0.7204695816263369,
                    "x2": -0.0012513995439862313
                },
                "metrics": {
                    "outcome": -0.428729083339388
                },
                "metadata": {
                    "trials": 1
                }
            },
            {
                "query": {
                    "x1": -0.711138792053509,
                    "x2": -0.004286081210847614
                },
                "metrics": {
                    "outcome": -0.42886014589074606
                },
                "metadata": {
                    "trials": 1
                }
            },
            {
                "query": {
                    "x1": -0.7213872073942211,
                    "x2": -0.005298873452269648
                },
                "metrics": {
                    "outcome": -0.4286961762828074
                },
                "metadata": {
                    "trials": 1
                }
            }
        ],
        [
            {
                "query": {
                    "x1": -0.7139326393546355,
                    "x2": 0.009367397851928416
                },
                "metrics": {
                    "outcome": -0.42880447833060836
                },
                "metadata": {
                    "trials": 1
                }
            },
            {
                "query": {
                    "x1": -0.6887391388497766,
                    "x2": 0.02810031913693667
                },
                "metrics": {
                    "outcome": -0.4282518091263804
                },
                "metadata": {
                    "trials": 1
                }
            },
            {
                "query": {
                    "x1": -0.7144864073513373,
                    "x2": -0.007046560016536141
                },
                "metrics": {
                    "outcome": -0.42881410051950214
                },
                "metadata": {
                    "trials": 1
                }
            }
        ],
        [
            {
                "query": {
                    "x1": -0.7090674469581935,
                    "x2": -0.0060807146148034175
                },
                "metrics": {
                    "outcome": -0.4288627905761062
                },
                "metadata": {
                    "trials": 1
                }
            },
            {
                "query": {
                    "x1": -0.6981359709277606,
                    "x2": 0.01059173253953416
                },
                "metrics": {
                    "outcome": -0.4287645208789289
                },
                "metadata": {
                    "trials": 1
                }
            },
            {
                "query": {
                    "x1": -0.7004893322280303,
                    "x2": 0.004381029346660181
                },
                "metrics": {
                    "outcome": -0.4288360332025143
                },
                "metadata": {
                    "trials": 1
                }
            }
        ],
        [
            {
                "query": {
                    "x1": -0.7189655938327755,
                    "x2": -0.014691827703851912
                },
                "metrics": {
                    "outcome": -0.4286694584636246
                },
                "metadata": {
                    "trials": 1
                }
            },
            {
                "query": {
                    "x1": -0.699111561840146,
                    "x2": -0.0005148906734562253
                },
                "metrics": {
                    "outcome": -0.42882679260039147
                },
                "metadata": {
                    "trials": 1
                }
            },
            {
                "query": {
                    "x1": -0.7020882615503368,
                    "x2": 0.002716958914538381
                },
                "metrics": {
                    "outcome": -0.42885712262203035
                },
                "metadata": {
                    "trials": 1
                }
            }
        ],
        [
            {
                "query": {
                    "x1": -0.7106879693820745,
                    "x2": -0.01606202837607773
                },
                "metrics": {
                    "outcome": -0.4287603307642066
                },
                "metadata": {
                    "trials": 1
                }
            },
            {
                "query": {
                    "x1": -1.9978247941365435,
                    "x2": 5.086305583745551
                },
                "metrics": {
                    "outcome": -2.1465390380876242e-13
                },
                "metadata": {
                    "trials": 1
                }
            },
            {
                "query": {
                    "x1": -0.7070522466722502,
                    "x2": 0.003946371191750231
                },
                "metrics": {
                    "outcome": -0.42887526064019205
                },
                "metadata": {
                    "trials": 1
                }
            }
        ],
        [
            {
                "query": {
                    "x1": -0.6990311616864384,
                    "x2": -0.03536405713370239
                },
                "metrics": {
                    "outcome": -0.42828983033182827
                },
                "metadata": {
                    "trials": 1
                }
            },
            {
                "query": {
                    "x1": -0.6985554881177216,
                    "x2": -0.001825372372581624
                },
                "metrics": {
                    "outcome": -0.42881753947402185
                },
                "metadata": {
                    "trials": 1
                }
            },
            {
                "query": {
                    "x1": -0.7154477771058889,
                    "x2": 0.004205061030313484
                },
                "metrics": {
                    "outcome": -0.428814920055376
                },
                "metadata": {
                    "trials": 1
                }
            }
        ],
        [
            {
                "query": {
                    "x1": -0.703297278804518,
                    "x2": 8.014378688692148e-06
                },
                "metrics": {
                    "outcome": -0.42886947205479375
                },
                "metadata": {
                    "trials": 1
                }
            },
            {
                "query": {
                    "x1": -0.6992938773190889,
                    "x2": 0.009531287101229857
                },
                "metrics": {
                    "outcome": -0.42879043665857425
                },
                "metadata": {
                    "trials": 1
                }
            },
            {
                "query": {
                    "x1": -0.7066512974750487,
                    "x2": 0.025324788796370346
                },
                "metrics": {
                    "outcome": -0.42860679152732073
                },
                "metadata": {
                    "trials": 1
                }
            }
        ],
        [
            {
                "query": {
                    "x1": -0.7134514324272694,
                    "x2": -0.009633536989414715
                },
                "metrics": {
                    "outcome": -0.42880772014085944
                },
                "metadata": {
                    "trials": 1
                }
            },
            {
                "query": {
                    "x1": -0.7172114323690792,
                    "x2": 0.021540752741123104
                },
                "metrics": {
                    "outcome": -0.42859586664236055
                },
                "metadata": {
                    "trials": 1
                }
            },
            {
                "query": {
                    "x1": -0.7082757387217387,
                    "x2": 0.00901557440111933
                },
                "metrics": {
                    "outcome": -0.4288459127636144
                },
                "metadata": {
                    "trials": 1
                }
            }
        ],
        [
            {
                "query": {
                    "x1": -0.698961649649946,
                    "x2": 0.002997183551452398
                },
                "metrics": {
                    "outcome": -0.4288209669412121
                },
                "metadata": {
                    "trials": 1
                }
            },
            {
                "query": {
                    "x1": -0.700924758305927,
                    "x2": 0.006716560663273974
                },
                "metrics": {
                    "outcome": -0.42882972018233473
                },
                "metadata": {
                    "trials": 1
                }
            },
            {
                "query": {
                    "x1": -0.7154387560839992,
                    "x2": -0.009137471727793445
                },
                "metrics": {
                    "outcome": -0.4287868285428089
                },
                "metadata": {
                    "trials": 1
                }
            }
        ],
        [
            {
                "query": {
                    "x1": -0.7187873317059963,
                    "x2": -0.003069392091141099
                },
                "metrics": {
                    "outcome": -0.4287615260948074
                },
                "metadata": {
                    "trials": 1
                }
            },
            {
                "query": {
                    "x1": -0.7185004051444561,
                    "x2": -0.0011814819309894364
                },
                "metrics": {
                    "outcome": -0.42877059885467517
                },
                "metadata": {
                    "trials": 1
                }
            },
            {
                "query": {
                    "x1": -0.7146430257784855,
                    "x2": -0.005457655275030948
                },
                "metrics": {
                    "outcome": -0.428820627200982
                },
                "metadata": {
                    "trials": 1
                }
            }
        ],
        [
            {
                "query": {
                    "x1": -0.7263956046224618,
                    "x2": 0.017791161751177675
                },
                "metrics": {
                    "outcome": -0.4284301338326997
                },
                "metadata": {
                    "trials": 1
                }
            },
            {
                "query": {
                    "x1": -0.717998517580382,
                    "x2": 0.019902193164769155
                },
                "metrics": {
                    "outcome": -0.4286109092153194
                },
                "metadata": {
                    "trials": 1
                }
            },
            {
                "query": {
                    "x1": -0.7063791206399435,
                    "x2": 0.008469256023747374
                },
                "metrics": {
                    "outcome": -0.4288507263116369
                },
                "metadata": {
                    "trials": 1
                }
            }
        ],
        [
            {
                "query": {
                    "x1": -0.7152440164331173,
                    "x2": -0.007069051533914239
                },
                "metrics": {
                    "outcome": -0.4288039372192514
                },
                "metadata": {
                    "trials": 1
                }
            },
            {
                "query": {
                    "x1": -0.7066532778424326,
                    "x2": 0.003795246518476958
                },
                "metrics": {
                    "outcome": -0.42887558850648305
                },
                "metadata": {
                    "trials": 1
                }
            },
            {
                "query": {
                    "x1": -0.7050307531906967,
                    "x2": 0.007522122240418927
                },
                "metrics": {
                    "outcome": -0.42885397575979345
                },
                "metadata": {
                    "trials": 1
                }
            }
        ],
        [
            {
                "query": {
                    "x1": -0.7147656452724189,
                    "x2": 0.0066912585252976164
                },
                "metrics": {
                    "outcome": -0.42881261108939617
                },
                "metadata": {
                    "trials": 1
                }
            },
            {
                "query": {
                    "x1": -0.7112320904154807,
                    "x2": 0.00485405168663533
                },
                "metrics": {
                    "outcome": -0.4288572686391115
                },
                "metadata": {
                    "trials": 1
                }
            },
            {
                "query": {
                    "x1": -0.7032617587579237,
                    "x2": -0.0052398554916552875
                },
                "metrics": {
                    "outcome": -0.42885746332912444
                },
                "metadata": {
                    "trials": 1
                }
            }
        ],
        [
            {
                "query": {
                    "x1": -0.6948339865166697,
                    "x2": -0.021118238413413426
                },
                "metrics": {
                    "outcome": -0.42856083497490427
                },
                "metadata": {
                    "trials": 1
                }
            },
            {
                "query": {
                    "x1": -0.709425258125294,
                    "x2": 0.017802270087649674
                },
                "metrics": {
                    "outcome": -0.42874143814184135
                },
                "metadata": {
                    "trials": 1
                }
            },
            {
                "query": {
                    "x1": -0.7042141149287531,
                    "x2": 0.021182796625407896
                },
                "metrics": {
                    "outcome": -0.42868235777131697
                },
                "metadata": {
                    "trials": 1
                }
            }
        ],
        [
            {
                "query": {
                    "x1": -0.6960186905235528,
                    "x2": 0.0066852671836410416
                },
                "metrics": {
                    "outcome": -0.4287567765925513
                },
                "metadata": {
                    "trials": 1
                }
            },
            {
                "query": {
                    "x1": -0.6912876498030185,
                    "x2": 0.009842204720073244
                },
                "metrics": {
                    "outcome": -0.42862419550053754
                },
                "metadata": {
                    "trials": 1
                }
            },
            {
                "query": {
                    "x1": -0.7137096317610025,
                    "x2": 0.007976689162228379
                },
                "metrics": {
                    "outcome": -0.4288173777391283
                },
                "metadata": {
                    "trials": 1
                }
            }
        ],
        [
            {
                "query": {
                    "x1": -0.7131162790067183,
                    "x2": 0.028201750177219598
                },
                "metrics": {
                    "outcome": -0.4285101072100328
                },
                "metadata": {
                    "trials": 1
                }
            },
            {
                "query": {
                    "x1": -0.7040135904582838,
                    "x2": -0.005658613277421676
                },
                "metrics": {
                    "outcome": -0.4288599913390361
                },
                "metadata": {
                    "trials": 1
                }
            },
            {
                "query": {
                    "x1": -0.6943360500419744,
                    "x2": 0.008605601076620228
                },
                "metrics": {
                    "outcome": -0.42870946790545195
                },
                "metadata": {
                    "trials": 1
                }
            }
        ],
        [
            {
                "query": {
                    "x1": -0.6991881826558641,
                    "x2": -0.005926754995114969
                },
                "metrics": {
                    "outcome": -0.4288128950741923
                },
                "metadata": {
                    "trials": 1
                }
            },
            {
                "query": {
                    "x1": -0.7147408819215728,
                    "x2": 0.018608631166579404
                },
                "metrics": {
                    "outcome": -0.42868366300677063
                },
                "metadata": {
                    "trials": 1
                }
            },
            {
                "query": {
                    "x1": -0.7111321498420369,
                    "x2": -0.006158907813353487
                },
                "metrics": {
                    "outcome": -0.4288518025325645
                },
                "metadata": {
                    "trials": 1
                }
            }
        ],
        [
            {
                "query": {
                    "x1": -0.711832770165121,
                    "x2": 0.003260404395220018
                },
                "metrics": {
                    "outcome": -0.4288582683536424
                },
                "metadata": {
                    "trials": 1
                }
            },
            {
                "query": {
                    "x1": -0.7052906466057314,
                    "x2": -0.01455402332188549
                },
                "metrics": {
                    "outcome": -0.4287882754829793
                },
                "metadata": {
                    "trials": 1
                }
            },
            {
                "query": {
                    "x1": -0.7093992798527744,
                    "x2": -0.0009585406666872132
                },
                "metrics": {
                    "outcome": -0.42887704529037013
                },
                "metadata": {
                    "trials": 1
                }
            }
        ],
        [
            {
                "query": {
                    "x1": -0.6988331705591935,
                    "x2": 0.0036320461762091583
                },
                "metrics": {
                    "outcome": -0.42881734240778063
                },
                "metadata": {
                    "trials": 1
                }
            },
            {
                "query": {
                    "x1": -0.7066034040654485,
                    "x2": -0.0020158201510833695
                },
                "metrics": {
                    "outcome": -0.42887998231068564
                },
                "metadata": {
                    "trials": 1
                }
            },
            {
                "query": {
                    "x1": -0.7112204688067156,
                    "x2": -0.01270474807935873
                },
                "metrics": {
                    "outcome": -0.4287982371285266
                },
                "metadata": {
                    "trials": 1
                }
            }
        ],
        [
            {
                "query": {
                    "x1": -0.7001489981843598,
                    "x2": 0.0035083318949213904
                },
                "metrics": {
                    "outcome": -0.4288350040014565
                },
                "metadata": {
                    "trials": 1
                }
            },
            {
                "query": {
                    "x1": -0.7173654747595912,
                    "x2": -0.002330264245997915
                },
                "metrics": {
                    "outcome": -0.4287897836039422
                },
                "metadata": {
                    "trials": 1
                }
            },
            {
                "query": {
                    "x1": -0.7095835616742152,
                    "x2": 0.010561110900402237
                },
                "metrics": {
                    "outcome": -0.4288288537590367
                },
                "metadata": {
                    "trials": 1
                }
            }
        ]
    ]
}