{
    "date": "04/11/2022 16:34:47",
    "basic_params": {
        "active_variables": [
            "x1",
            "x2"
        ],
        "default_query": {},
        "metric": "basic",
        "n_trials": 1
    },
    "objective_function": {
        "name": "Beale",
        "params": {}
    },
    "optimizer": {
        "name": "BBO-LP(LCB)-FoD",
        "params": {
            "lower_bound": [
                -4.5,
                -4.5
            ],
            "upper_bound": [
                4.5,
                4.5
            ],
            "invert_metric": false,
            "bopt_params": {
                "n_init_samples": 15,
                "n_iterations": 45,
                "n_iter_relearn": 5,
                "verbose_level": 0,
                "n_parallel_samples": 3,
                "fixed_dataset_size": 50,
                "par_type": "PAR_BBO",
                "crit_name": "cLP(cLCB)",
                "n_crit_params": 3,
                "crit_params": [
                    3,
                    1,
                    1.0
                ]
            }
        }
    },
    "iterations": [
        [
            {
                "query": {
                    "x1": 2.839640414016321,
                    "x2": 2.557618767768144
                },
                "metrics": {
                    "outcome": 2595.26902928045
                },
                "metadata": {
                    "trials": 1
                }
            }
        ],
        [
            {
                "query": {
                    "x1": 1.353150142449886,
                    "x2": 0.6960857473779472
                },
                "metrics": {
                    "outcome": 6.5824539166709055
                },
                "metadata": {
                    "trials": 1
                }
            }
        ],
        [
            {
                "query": {
                    "x1": -1.2927105276379733,
                    "x2": -4.022199354227633
                },
                "metrics": {
                    "outcome": 8116.016151381057
                },
                "metadata": {
                    "trials": 1
                }
            }
        ],
        [
            {
                "query": {
                    "x1": 2.211767905158922,
                    "x2": -0.9770679019857198
                },
                "metrics": {
                    "outcome": 15.596335741454611
                },
                "metadata": {
                    "trials": 1
                }
            }
        ],
        [
            {
                "query": {
                    "x1": 1.9662919511552905,
                    "x2": -0.7892248994205149
                },
                "metrics": {
                    "outcome": 6.4431490325988285
                },
                "metadata": {
                    "trials": 1
                }
            }
        ],
        [
            {
                "query": {
                    "x1": -1.9875977504532782,
                    "x2": -1.5074982843361795
                },
                "metrics": {
                    "outcome": 172.5774494895578
                },
                "metadata": {
                    "trials": 1
                }
            }
        ],
        [
            {
                "query": {
                    "x1": -3.088415528135374,
                    "x2": -3.7529504862148313
                },
                "metrics": {
                    "outcome": 30266.777344820002
                },
                "metadata": {
                    "trials": 1
                }
            }
        ],
        [
            {
                "query": {
                    "x1": 0.7032236107159413,
                    "x2": 3.8316978771239523
                },
                "metrics": {
                    "outcome": 1873.9408279511408
                },
                "metadata": {
                    "trials": 1
                }
            }
        ],
        [
            {
                "query": {
                    "x1": -3.3685218900907783,
                    "x2": -0.008392047649249612
                },
                "metrics": {
                    "outcome": 91.46601002424646
                },
                "metadata": {
                    "trials": 1
                }
            }
        ],
        [
            {
                "query": {
                    "x1": 3.4457125193439424,
                    "x2": 1.9948477561119944
                },
                "metrics": {
                    "outcome": 884.913915671207
                },
                "metadata": {
                    "trials": 1
                }
            }
        ],
        [
            {
                "query": {
                    "x1": -0.868055637320504,
                    "x2": -2.658869316894561
                },
                "metrics": {
                    "outcome": 423.4143751809869
                },
                "metadata": {
                    "trials": 1
                }
            }
        ],
        [
            {
                "query": {
                    "x1": -4.299312990624458,
                    "x2": -3.184335445426404
                },
                "metrics": {
                    "outcome": 22993.960787117732
                },
                "metadata": {
                    "trials": 1
                }
            }
        ],
        [
            {
                "query": {
                    "x1": 3.9844987923279405,
                    "x2": 1.2684718783479187
                },
                "metrics": {
                    "outcome": 74.34603763888339
                },
                "metadata": {
                    "trials": 1
                }
            }
        ],
        [
            {
                "query": {
                    "x1": -2.177334808045998,
                    "x2": 3.983032063348219
                },
                "metrics": {
                    "outcome": 18562.72977816514
                },
                "metadata": {
                    "trials": 1
                }
            }
        ],
        [
            {
                "query": {
                    "x1": -0.1475795004051177,
                    "x2": 3.255557643715292
                },
                "metrics": {
                    "outcome": 7.437259747331477
                },
                "metadata": {
                    "trials": 1
                }
            }
        ],
        [
            {
                "query": {
                    "x1": 0.0,
                    "x2": 2.999999999999999
                },
                "metrics": {
                    "outcome": 14.203125
                },
                "metadata": {
                    "trials": 1
                }
            },
            {
                "query": {
                    "x1": 0.0,
                    "x2": 2.999999999999999
                },
                "metrics": {
                    "outcome": 14.203125
                },
                "metadata": {
                    "trials": 1
                }
            },
            {
                "query": {
                    "x1": 0.0,
                    "x2": 2.999999999999999
                },
                "metrics": {
                    "outcome": 14.203125
                },
                "metadata": {
                    "trials": 1
                }
            }
        ],
        [
            {
                "query": {
                    "x1": 0.0,
                    "x2": -2.0
                },
                "metrics": {
                    "outcome": 14.203125
                },
                "metadata": {
                    "trials": 1
                }
            },
            {
                "query": {
                    "x1": 0.0,
                    "x2": -2.0
                },
                "metrics": {
                    "outcome": 14.203125
                },
                "metadata": {
                    "trials": 1
                }
            },
            {
                "query": {
                    "x1": 0.0,
                    "x2": -2.0
                },
                "metrics": {
                    "outcome": 14.203125
                },
                "metadata": {
                    "trials": 1
                }
            }
        ],
        [
            {
                "query": {
                    "x1": -0.23346210272322487,
                    "x2": -2.561252789945458
                },
                "metrics": {
                    "outcome": 52.32447772974711
                },
                "metadata": {
                    "trials": 1
                }
            },
            {
                "query": {
                    "x1": -0.23346210272322487,
                    "x2": -2.561252789945458
                },
                "metrics": {
                    "outcome": 52.32447772974711
                },
                "metadata": {
                    "trials": 1
                }
            },
            {
                "query": {
                    "x1": -0.23346210272322487,
                    "x2": -2.561252789945458
                },
                "metrics": {
                    "outcome": 52.32447772974711
                },
                "metadata": {
                    "trials": 1
                }
            }
        ],
        [
            {
                "query": {
                    "x1": -1.1138508319832305,
                    "x2": -1.3563219991950661
                },
                "metrics": {
                    "outcome": 61.2255766349448
                },
                "metadata": {
                    "trials": 1
                }
            },
            {
                "query": {
                    "x1": -1.1138508319832305,
                    "x2": -1.3563219991950661
                },
                "metrics": {
                    "outcome": 61.2255766349448
                },
                "metadata": {
                    "trials": 1
                }
            },
            {
                "query": {
                    "x1": -1.1138508319832305,
                    "x2": -1.3563219991950661
                },
                "metrics": {
                    "outcome": 61.2255766349448
                },
                "metadata": {
                    "trials": 1
                }
            }
        ],
        [
            {
                "query": {
                    "x1": 1.805893194603053,
                    "x2": 0.19245600443042132
                },
                "metrics": {
                    "outcome": 0.9550431900718035
                },
                "metadata": {
                    "trials": 1
                }
            },
            {
                "query": {
                    "x1": 1.805893194603053,
                    "x2": 0.19245600443042132
                },
                "metrics": {
                    "outcome": 0.9550431900718035
                },
                "metadata": {
                    "trials": 1
                }
            },
            {
                "query": {
                    "x1": 1.805893194603053,
                    "x2": 0.19245600443042132
                },
                "metrics": {
                    "outcome": 0.9550431900718035
                },
                "metadata": {
                    "trials": 1
                }
            }
        ],
        [
            {
                "query": {
                    "x1": -0.6868031132963646,
                    "x2": -2.185064735394103
                },
                "metrics": {
                    "outcome": 123.48145620859349
                },
                "metadata": {
                    "trials": 1
                }
            },
            {
                "query": {
                    "x1": -0.6868031132963646,
                    "x2": -2.185064735394103
                },
                "metrics": {
                    "outcome": 123.48145620859349
                },
                "metadata": {
                    "trials": 1
                }
            },
            {
                "query": {
                    "x1": -0.6868031132963646,
                    "x2": -2.185064735394103
                },
                "metrics": {
                    "outcome": 123.48145620859349
                },
                "metadata": {
                    "trials": 1
                }
            }
        ],
        [
            {
                "query": {
                    "x1": -1.9535984641303759,
                    "x2": -0.9632546228085523
                },
                "metrics": {
                    "outcome": 74.18445307158234
                },
                "metadata": {
                    "trials": 1
                }
            },
            {
                "query": {
                    "x1": -1.9535984641303759,
                    "x2": -0.9632546228085523
                },
                "metrics": {
                    "outcome": 74.18445307158234
                },
                "metadata": {
                    "trials": 1
                }
            },
            {
                "query": {
                    "x1": -1.9535984641303759,
                    "x2": -0.9632546228085523
                },
                "metrics": {
                    "outcome": 74.18445307158234
                },
                "metadata": {
                    "trials": 1
                }
            }
        ],
        [
            {
                "query": {
                    "x1": 0.04714037723492748,
                    "x2": 3.2002906562750795
                },
                "metrics": {
                    "outcome": 26.78365613311044
                },
                "metadata": {
                    "trials": 1
                }
            },
            {
                "query": {
                    "x1": 0.04714037723492748,
                    "x2": 3.2002906562750795
                },
                "metrics": {
                    "outcome": 26.78365613311044
                },
                "metadata": {
                    "trials": 1
                }
            },
            {
                "query": {
                    "x1": 0.04714037723492748,
                    "x2": 3.2002906562750795
                },
                "metrics": {
                    "outcome": 26.78365613311044
                },
                "metadata": {
                    "trials": 1
                }
            }
        ],
        [
            {
                "query": {
                    "x1": 0.6947464531139085,
                    "x2": -1.6313783317412138
                },
                "metrics": {
                    "outcome": 12.876320344220634
                },
                "metadata": {
                    "trials": 1
                }
            },
            {
                "query": {
                    "x1": 0.6947464531139085,
                    "x2": -1.6313783317412138
                },
                "metrics": {
                    "outcome": 12.876320344220634
                },
                "metadata": {
                    "trials": 1
                }
            },
            {
                "query": {
                    "x1": 0.6947464531139085,
                    "x2": -1.6313783317412138
                },
                "metrics": {
                    "outcome": 12.876320344220634
                },
                "metadata": {
                    "trials": 1
                }
            }
        ],
        [
            {
                "query": {
                    "x1": 1.125312750302168,
                    "x2": 0.4131991849378913
                },
                "metrics": {
                    "outcome": 4.932519158497511
                },
                "metadata": {
                    "trials": 1
                }
            },
            {
                "query": {
                    "x1": 1.125312750302168,
                    "x2": 0.4131991849378913
                },
                "metrics": {
                    "outcome": 4.932519158497511
                },
                "metadata": {
                    "trials": 1
                }
            },
            {
                "query": {
                    "x1": 1.125312750302168,
                    "x2": 0.4131991849378913
                },
                "metrics": {
                    "outcome": 4.932519158497511
                },
                "metadata": {
                    "trials": 1
                }
            }
        ],
        [
            {
                "query": {
                    "x1": 1.5074900130023838,
                    "x2": 0.4859320643500684
                },
                "metrics": {
                    "outcome": 3.3976875753489026
                },
                "metadata": {
                    "trials": 1
                }
            },
            {
                "query": {
                    "x1": 1.5074900130023838,
                    "x2": 0.4859320643500684
                },
                "metrics": {
                    "outcome": 3.3976875753489026
                },
                "metadata": {
                    "trials": 1
                }
            },
            {
                "query": {
                    "x1": 1.5074900130023838,
                    "x2": 0.4859320643500684
                },
                "metrics": {
                    "outcome": 3.3976875753489026
                },
                "metadata": {
                    "trials": 1
                }
            }
        ],
        [
            {
                "query": {
                    "x1": 2.4353390277177347,
                    "x2": -0.20379810113759866
                },
                "metrics": {
                    "outcome": 2.085305279222502
                },
                "metadata": {
                    "trials": 1
                }
            },
            {
                "query": {
                    "x1": 2.4353390277177347,
                    "x2": -0.20379810113759866
                },
                "metrics": {
                    "outcome": 2.085305279222502
                },
                "metadata": {
                    "trials": 1
                }
            },
            {
                "query": {
                    "x1": 2.4353390277177347,
                    "x2": -0.20379810113759866
                },
                "metrics": {
                    "outcome": 2.085305279222502
                },
                "metadata": {
                    "trials": 1
                }
            }
        ],
        [
            {
                "query": {
                    "x1": 4.466490586069215,
                    "x2": 0.6671195638793694
                },
                "metrics": {
                    "outcome": 0.3180948940584927
                },
                "metadata": {
                    "trials": 1
                }
            },
            {
                "query": {
                    "x1": 4.466490586069215,
                    "x2": 0.6671195638793694
                },
                "metrics": {
                    "outcome": 0.3180948940584927
                },
                "metadata": {
                    "trials": 1
                }
            },
            {
                "query": {
                    "x1": 4.466490586069215,
                    "x2": 0.6671195638793694
                },
                "metrics": {
                    "outcome": 0.3180948940584927
                },
                "metadata": {
                    "trials": 1
                }
            }
        ],
        [
            {
                "query": {
                    "x1": 3.515946941722339,
                    "x2": 0.5049087639976948
                },
                "metrics": {
                    "outcome": 0.3867385172311072
                },
                "metadata": {
                    "trials": 1
                }
            },
            {
                "query": {
                    "x1": 3.515946941722339,
                    "x2": 0.5049087639976948
                },
                "metrics": {
                    "outcome": 0.3867385172311072
                },
                "metadata": {
                    "trials": 1
                }
            },
            {
                "query": {
                    "x1": 3.515946941722339,
                    "x2": 0.5049087639976948
                },
                "metrics": {
                    "outcome": 0.3867385172311072
                },
                "metadata": {
                    "trials": 1
                }
            }
        ],
        [
            {
                "query": {
                    "x1": -4.46834418385458,
                    "x2": 2.8460510109889077
                },
                "metrics": {
                    "outcome": 10114.127524866262
                },
                "metadata": {
                    "trials": 1
                }
            },
            {
                "query": {
                    "x1": -4.468341671040467,
                    "x2": 2.846077811777259
                },
                "metrics": {
                    "outcome": 10114.715832874093
                },
                "metadata": {
                    "trials": 1
                }
            },
            {
                "query": {
                    "x1": -4.468369706212189,
                    "x2": 2.8461508008983225
                },
                "metrics": {
                    "outcome": 10116.481222160628
                },
                "metadata": {
                    "trials": 1
                }
            }
        ],
        [
            {
                "query": {
                    "x1": 3.411331747816842,
                    "x2": 0.4212434172034607
                },
                "metrics": {
                    "outcome": 0.816454577223016
                },
                "metadata": {
                    "trials": 1
                }
            },
            {
                "query": {
                    "x1": 3.4113317877882734,
                    "x2": 0.4435614808066983
                },
                "metrics": {
                    "outcome": 0.6375769626421783
                },
                "metadata": {
                    "trials": 1
                }
            },
            {
                "query": {
                    "x1": 3.4113312959177904,
                    "x2": 0.4437443860182029
                },
                "metrics": {
                    "outcome": 0.636177046663871
                },
                "metadata": {
                    "trials": 1
                }
            }
        ],
        [
            {
                "query": {
                    "x1": 1.753086156738779,
                    "x2": 0.16292602492755748
                },
                "metrics": {
                    "outcome": 1.0699084926360403
                },
                "metadata": {
                    "trials": 1
                }
            },
            {
                "query": {
                    "x1": 1.7526318109862498,
                    "x2": 0.16375356801937713
                },
                "metrics": {
                    "outcome": 1.072027771449425
                },
                "metadata": {
                    "trials": 1
                }
            },
            {
                "query": {
                    "x1": 1.7521763379054747,
                    "x2": 0.16461532025454417
                },
                "metrics": {
                    "outcome": 1.0741980277453318
                },
                "metadata": {
                    "trials": 1
                }
            }
        ],
        [
            {
                "query": {
                    "x1": 1.8617261373984269,
                    "x2": 0.21345063754291083
                },
                "metrics": {
                    "outcome": 0.8356453273039482
                },
                "metadata": {
                    "trials": 1
                }
            },
            {
                "query": {
                    "x1": 1.8616900043688256,
                    "x2": 0.2135468173529631
                },
                "metrics": {
                    "outcome": 0.8358593403010615
                },
                "metadata": {
                    "trials": 1
                }
            },
            {
                "query": {
                    "x1": 1.8616800390055355,
                    "x2": 0.21357439808949596
                },
                "metrics": {
                    "outcome": 0.8359197508690694
                },
                "metadata": {
                    "trials": 1
                }
            }
        ],
        [
            {
                "query": {
                    "x1": 1.903589444482015,
                    "x2": 0.22034515004519317
                },
                "metrics": {
                    "outcome": 0.7430573131228086
                },
                "metadata": {
                    "trials": 1
                }
            },
            {
                "query": {
                    "x1": 1.903583565021938,
                    "x2": 0.22036872437808874
                },
                "metrics": {
                    "outcome": 0.7430994798631754
                },
                "metadata": {
                    "trials": 1
                }
            },
            {
                "query": {
                    "x1": 1.9035783194550975,
                    "x2": 0.22039202570264838
                },
                "metrics": {
                    "outcome": 0.7431398513064087
                },
                "metadata": {
                    "trials": 1
                }
            }
        ],
        [
            {
                "query": {
                    "x1": 1.9399407319819622,
                    "x2": 0.22449966047648928
                },
                "metrics": {
                    "outcome": 0.6662090783854372
                },
                "metadata": {
                    "trials": 1
                }
            },
            {
                "query": {
                    "x1": 1.9399369914652835,
                    "x2": 0.22452294793225125
                },
                "metrics": {
                    "outcome": 0.6662429880222929
                },
                "metadata": {
                    "trials": 1
                }
            },
            {
                "query": {
                    "x1": 1.9399444596293423,
                    "x2": 0.22447637196620285
                },
                "metrics": {
                    "outcome": 0.6661752050514299
                },
                "metadata": {
                    "trials": 1
                }
            }
        ],
        [
            {
                "query": {
                    "x1": 1.9298017907113838,
                    "x2": 0.18589218088338644
                },
                "metrics": {
                    "outcome": 0.6554200555741111
                },
                "metadata": {
                    "trials": 1
                }
            },
            {
                "query": {
                    "x1": 1.929779179854628,
                    "x2": 0.18589236009328403
                },
                "metrics": {
                    "outcome": 0.6554662257248943
                },
                "metadata": {
                    "trials": 1
                }
            },
            {
                "query": {
                    "x1": 1.92979094492389,
                    "x2": 0.1858726080200226
                },
                "metrics": {
                    "outcome": 0.6554311162480557
                },
                "metadata": {
                    "trials": 1
                }
            }
        ],
        [
            {
                "query": {
                    "x1": 1.9664501352555472,
                    "x2": 0.1951371133812172
                },
                "metrics": {
                    "outcome": 0.5884612043463017
                },
                "metadata": {
                    "trials": 1
                }
            },
            {
                "query": {
                    "x1": 1.9664452533749257,
                    "x2": 0.19511508084526685
                },
                "metrics": {
                    "outcome": 0.5884588308435069
                },
                "metadata": {
                    "trials": 1
                }
            },
            {
                "query": {
                    "x1": 1.9664550761195354,
                    "x2": 0.1951591212080217
                },
                "metrics": {
                    "outcome": 0.5884634595033278
                },
                "metadata": {
                    "trials": 1
                }
            }
        ],
        [
            {
                "query": {
                    "x1": 1.9960914967156747,
                    "x2": 0.18861605064068776
                },
                "metrics": {
                    "outcome": 0.5324300646306023
                },
                "metadata": {
                    "trials": 1
                }
            },
            {
                "query": {
                    "x1": 1.9960865176995508,
                    "x2": 0.18859395267434387
                },
                "metrics": {
                    "outcome": 0.5324322650861636
                },
                "metadata": {
                    "trials": 1
                }
            },
            {
                "query": {
                    "x1": 1.9960818007940375,
                    "x2": 0.18857222038215138
                },
                "metrics": {
                    "outcome": 0.532434128139474
                },
                "metadata": {
                    "trials": 1
                }
            }
        ],
        [
            {
                "query": {
                    "x1": 1.9864487790494838,
                    "x2": 0.22496097945943472
                },
                "metrics": {
                    "outcome": 0.5712616142183534
                },
                "metadata": {
                    "trials": 1
                }
            },
            {
                "query": {
                    "x1": 1.9864296077475894,
                    "x2": 0.22497185133007935
                },
                "metrics": {
                    "outcome": 0.5713084582303928
                },
                "metadata": {
                    "trials": 1
                }
            },
            {
                "query": {
                    "x1": 1.9864107466263965,
                    "x2": 0.2249824929450881
                },
                "metrics": {
                    "outcome": 0.5713545014392514
                },
                "metadata": {
                    "trials": 1
                }
            }
        ],
        [
            {
                "query": {
                    "x1": 1.966012612347046,
                    "x2": 0.25553728010338617
                },
                "metrics": {
                    "outcome": 0.6499471778715695
                },
                "metadata": {
                    "trials": 1
                }
            },
            {
                "query": {
                    "x1": 1.9660332610434166,
                    "x2": 0.25554574575186173
                },
                "metrics": {
                    "outcome": 0.6499147873735902
                },
                "metadata": {
                    "trials": 1
                }
            },
            {
                "query": {
                    "x1": 1.9659909185169706,
                    "x2": 0.25553151800211715
                },
                "metrics": {
                    "outcome": 0.649985921882008
                },
                "metadata": {
                    "trials": 1
                }
            }
        ],
        [
            {
                "query": {
                    "x1": 1.9567187378618014,
                    "x2": 0.28773485586905334
                },
                "metrics": {
                    "outcome": 0.7296532285749651
                },
                "metadata": {
                    "trials": 1
                }
            },
            {
                "query": {
                    "x1": 1.9566962537157728,
                    "x2": 0.287728214501759
                },
                "metrics": {
                    "outcome": 0.7296926068482934
                },
                "metadata": {
                    "trials": 1
                }
            },
            {
                "query": {
                    "x1": 1.9567412435543705,
                    "x2": 0.287741414619612
                },
                "metrics": {
                    "outcome": 0.7296136242470599
                },
                "metadata": {
                    "trials": 1
                }
            }
        ],
        [
            {
                "query": {
                    "x1": 2.005579678995388,
                    "x2": 0.2494645619565672
                },
                "metrics": {
                    "outcome": 0.5595843057749756
                },
                "metadata": {
                    "trials": 1
                }
            },
            {
                "query": {
                    "x1": 2.0055654072928037,
                    "x2": 0.24948110577703542
                },
                "metrics": {
                    "outcome": 0.5596322970728308
                },
                "metadata": {
                    "trials": 1
                }
            },
            {
                "query": {
                    "x1": 2.0055585939120073,
                    "x2": 0.24946008425669586
                },
                "metrics": {
                    "outcome": 0.559620354115775
                },
                "metadata": {
                    "trials": 1
                }
            }
        ],
        [
            {
                "query": {
                    "x1": 1.9996106498451596,
                    "x2": 0.2825002487467865
                },
                "metrics": {
                    "outcome": 0.6218693886982165
                },
                "metadata": {
                    "trials": 1
                }
            },
            {
                "query": {
                    "x1": 1.9996313902415839,
                    "x2": 0.2825067666013483
                },
                "metrics": {
                    "outcome": 0.6218365368557778
                },
                "metadata": {
                    "trials": 1
                }
            },
            {
                "query": {
                    "x1": 1.9995898760656363,
                    "x2": 0.2824935647167788
                },
                "metrics": {
                    "outcome": 0.6219020100663237
                },
                "metadata": {
                    "trials": 1
                }
            }
        ],
        [
            {
                "query": {
                    "x1": 1.9936131872748932,
                    "x2": 0.3147873775513883
                },
                "metrics": {
                    "outcome": 0.7050441822294471
                },
                "metadata": {
                    "trials": 1
                }
            },
            {
                "query": {
                    "x1": 1.9936355478599221,
                    "x2": 0.3147894927000836
                },
                "metrics": {
                    "outcome": 0.7049970183287639
                },
                "metadata": {
                    "trials": 1
                }
            },
            {
                "query": {
                    "x1": 1.9936222512490351,
                    "x2": 0.3148075516180313
                },
                "metrics": {
                    "outcome": 0.7050732754503298
                },
                "metadata": {
                    "trials": 1
                }
            }
        ],
        [
            {
                "query": {
                    "x1": 1.9731616314413838,
                    "x2": 0.16008455188069082
                },
                "metrics": {
                    "outcome": 0.567445557194451
                },
                "metadata": {
                    "trials": 1
                }
            },
            {
                "query": {
                    "x1": 1.9731398309281554,
                    "x2": 0.16008399620076208
                },
                "metrics": {
                    "outcome": 0.5674823671518621
                },
                "metadata": {
                    "trials": 1
                }
            },
            {
                "query": {
                    "x1": 1.9731834713784346,
                    "x2": 0.16008476535167837
                },
                "metrics": {
                    "outcome": 0.5674086854537215
                },
                "metadata": {
                    "trials": 1
                }
            }
        ],
        [
            {
                "query": {
                    "x1": 3.5154470292540996,
                    "x2": 0.48226552864208383
                },
                "metrics": {
                    "outcome": 0.5491407895502012
                },
                "metadata": {
                    "trials": 1
                }
            },
            {
                "query": {
                    "x1": 3.496276471487869,
                    "x2": 0.49407703864772934
                },
                "metrics": {
                    "outcome": 0.4286958829474925
                },
                "metadata": {
                    "trials": 1
                }
            },
            {
                "query": {
                    "x1": 3.4938094863431566,
                    "x2": 0.5070336985565556
                },
                "metrics": {
                    "outcome": 0.339769911096874
                },
                "metadata": {
                    "trials": 1
                }
            }
        ],
        [
            {
                "query": {
                    "x1": 3.5152360060954653,
                    "x2": 0.5106495830988012
                },
                "metrics": {
                    "outcome": 0.3482096029482095
                },
                "metadata": {
                    "trials": 1
                }
            },
            {
                "query": {
                    "x1": 3.5154159302980155,
                    "x2": 0.5110168482836039
                },
                "metrics": {
                    "outcome": 0.34613482576606847
                },
                "metadata": {
                    "trials": 1
                }
            },
            {
                "query": {
                    "x1": 3.51517841324403,
                    "x2": 0.5107828511122294
                },
                "metrics": {
                    "outcome": 0.3472766583794386
                },
                "metadata": {
                    "trials": 1
                }
            }
        ],
        [
            {
                "query": {
                    "x1": 3.493897288379811,
                    "x2": 0.8965979505380197
                },
                "metrics": {
                    "outcome": 6.465755637175727
                },
                "metadata": {
                    "trials": 1
                }
            },
            {
                "query": {
                    "x1": 3.6652838531825847,
                    "x2": 0.9208700497222422
                },
                "metrics": {
                    "outcome": 7.649313708128466
                },
                "metadata": {
                    "trials": 1
                }
            },
            {
                "query": {
                    "x1": 3.3229568016707782,
                    "x2": 0.8736927317922145
                },
                "metrics": {
                    "outcome": 5.614038885047938
                },
                "metadata": {
                    "trials": 1
                }
            }
        ],
        [
            {
                "query": {
                    "x1": 2.623780635731774,
                    "x2": 0.3380893497064159
                },
                "metrics": {
                    "outcome": 0.07201772664100874
                },
                "metadata": {
                    "trials": 1
                }
            },
            {
                "query": {
                    "x1": 2.550233991664472,
                    "x2": 0.28924875767384517
                },
                "metrics": {
                    "outcome": 0.1238809401415202
                },
                "metadata": {
                    "trials": 1
                }
            },
            {
                "query": {
                    "x1": 2.632677133775238,
                    "x2": 0.2517289346110747
                },
                "metrics": {
                    "outcome": 0.26862815909367116
                },
                "metadata": {
                    "trials": 1
                }
            }
        ],
        [
            {
                "query": {
                    "x1": 2.668750930877149,
                    "x2": 0.4320014686974103
                },
                "metrics": {
                    "outcome": 0.035921905071993096
                },
                "metadata": {
                    "trials": 1
                }
            },
            {
                "query": {
                    "x1": 2.5977437171940556,
                    "x2": 0.43027029406122885
                },
                "metrics": {
                    "outcome": 0.07297980921851624
                },
                "metadata": {
                    "trials": 1
                }
            },
            {
                "query": {
                    "x1": 2.7200172382994454,
                    "x2": 0.42260291108875947
                },
                "metrics": {
                    "outcome": 0.01738306358986055
                },
                "metadata": {
                    "trials": 1
                }
            }
        ],
        [
            {
                "query": {
                    "x1": 2.8320545395750303,
                    "x2": 0.49140677880570394
                },
                "metrics": {
                    "outcome": 0.03057023912556717
                },
                "metadata": {
                    "trials": 1
                }
            },
            {
                "query": {
                    "x1": 2.7839559695417604,
                    "x2": 0.4879698270149735
                },
                "metrics": {
                    "outcome": 0.04924812090571182
                },
                "metadata": {
                    "trials": 1
                }
            },
            {
                "query": {
                    "x1": 2.4341313085657443,
                    "x2": -0.15156648685793872
                },
                "metrics": {
                    "outcome": 1.747681945330663
                },
                "metadata": {
                    "trials": 1
                }
            }
        ],
        [
            {
                "query": {
                    "x1": 2.8121724958489,
                    "x2": 0.45091215948387475
                },
                "metrics": {
                    "outcome": 0.0070308278056938865
                },
                "metadata": {
                    "trials": 1
                }
            },
            {
                "query": {
                    "x1": 2.789339825303559,
                    "x2": 0.4459742502713899
                },
                "metrics": {
                    "outcome": 0.009198423433677709
                },
                "metadata": {
                    "trials": 1
                }
            },
            {
                "query": {
                    "x1": 2.767743475932244,
                    "x2": 0.44733629292059174
                },
                "metrics": {
                    "outcome": 0.013209994688520363
                },
                "metadata": {
                    "trials": 1
                }
            }
        ],
        [
            {
                "query": {
                    "x1": 2.9156698843231377,
                    "x2": 0.4775196143404754
                },
                "metrics": {
                    "outcome": 0.0012659299327652397
                },
                "metadata": {
                    "trials": 1
                }
            },
            {
                "query": {
                    "x1": 2.897402475345534,
                    "x2": 0.4706285851536318
                },
                "metrics": {
                    "outcome": 0.002052064931622701
                },
                "metadata": {
                    "trials": 1
                }
            },
            {
                "query": {
                    "x1": 2.8799371472645383,
                    "x2": 0.4703583472790438
                },
                "metrics": {
                    "outcome": 0.0026965029328116278
                },
                "metadata": {
                    "trials": 1
                }
            }
        ],
        [
            {
                "query": {
                    "x1": 3.0052611761910173,
                    "x2": 0.5115661218295724
                },
                "metrics": {
                    "outcome": 0.0024938905640811003
                },
                "metadata": {
                    "trials": 1
                }
            },
            {
                "query": {
                    "x1": 2.97894171041111,
                    "x2": 0.505767192760672
                },
                "metrics": {
                    "outcome": 0.00285137277592019
                },
                "metadata": {
                    "trials": 1
                }
            },
            {
                "query": {
                    "x1": 2.9847785013860992,
                    "x2": 0.5268663009655379
                },
                "metrics": {
                    "outcome": 0.02239067438080069
                },
                "metadata": {
                    "trials": 1
                }
            }
        ],
        [
            {
                "query": {
                    "x1": 3.0073182967646055,
                    "x2": 0.4961917468903545
                },
                "metrics": {
                    "outcome": 0.0007367363515471635
                },
                "metadata": {
                    "trials": 1
                }
            },
            {
                "query": {
                    "x1": 2.994749700829024,
                    "x2": 0.4934199527830456
                },
                "metrics": {
                    "outcome": 0.0006361259971524175
                },
                "metadata": {
                    "trials": 1
                }
            },
            {
                "query": {
                    "x1": 2.982889145803348,
                    "x2": 0.49132473092189155
                },
                "metrics": {
                    "outcome": 0.0004812152281077696
                },
                "metadata": {
                    "trials": 1
                }
            }
        ],
        [
            {
                "query": {
                    "x1": 3.070340390297755,
                    "x2": 0.5210513073117653
                },
                "metrics": {
                    "outcome": 0.0011645031236325665
                },
                "metadata": {
                    "trials": 1
                }
            },
            {
                "query": {
                    "x1": 3.057128384854021,
                    "x2": 0.5165212525210441
                },
                "metrics": {
                    "outcome": 0.0006712217620032454
                },
                "metadata": {
                    "trials": 1
                }
            },
            {
                "query": {
                    "x1": 3.0467451105788843,
                    "x2": 0.5102748466592857
                },
                "metrics": {
                    "outcome": 0.00036158299924258033
                },
                "metadata": {
                    "trials": 1
                }
            }
        ],
        [
            {
                "query": {
                    "x1": 3.138949237201775,
                    "x2": 0.5299111753959895
                },
                "metrics": {
                    "outcome": 0.0028490511659642736
                },
                "metadata": {
                    "trials": 1
                }
            },
            {
                "query": {
                    "x1": 3.1196648715486166,
                    "x2": 0.5239288441021648
                },
                "metrics": {
                    "outcome": 0.002512513041634963
                },
                "metadata": {
                    "trials": 1
                }
            },
            {
                "query": {
                    "x1": 3.1003163179895186,
                    "x2": 0.5181983313463823
                },
                "metrics": {
                    "outcome": 0.002283129081731251
                },
                "metadata": {
                    "trials": 1
                }
            }
        ],
        [
            {
                "query": {
                    "x1": 3.0087977656155758,
                    "x2": 0.5024154664640132
                },
                "metrics": {
                    "outcome": 1.363417325732913e-05
                },
                "metadata": {
                    "trials": 1
                }
            },
            {
                "query": {
                    "x1": 3.013675136464018,
                    "x2": 0.503325693438649
                },
                "metrics": {
                    "outcome": 2.953305620684877e-05
                },
                "metadata": {
                    "trials": 1
                }
            },
            {
                "query": {
                    "x1": 3.003520921350413,
                    "x2": 0.5013601422300624
                },
                "metrics": {
                    "outcome": 7.507294017288905e-06
                },
                "metadata": {
                    "trials": 1
                }
            }
        ],
        [
            {
                "query": {
                    "x1": 2.956654338860977,
                    "x2": 0.4905697462070977
                },
                "metrics": {
                    "outcome": 0.00036550175730371947
                },
                "metadata": {
                    "trials": 1
                }
            },
            {
                "query": {
                    "x1": 2.962720240308294,
                    "x2": 0.49184922260066344
                },
                "metrics": {
                    "outcome": 0.00026551145902320265
                },
                "metadata": {
                    "trials": 1
                }
            },
            {
                "query": {
                    "x1": 2.949667084718552,
                    "x2": 0.4886019416969809
                },
                "metrics": {
                    "outcome": 0.00046805219691378784
                },
                "metadata": {
                    "trials": 1
                }
            }
        ],
        [
            {
                "query": {
                    "x1": 2.9868066079020466,
                    "x2": 0.4974329431946414
                },
                "metrics": {
                    "outcome": 4.0106940308831746e-05
                },
                "metadata": {
                    "trials": 1
                }
            },
            {
                "query": {
                    "x1": 2.991014332883605,
                    "x2": 0.4981649992147785
                },
                "metrics": {
                    "outcome": 1.6727356657035263e-05
                },
                "metadata": {
                    "trials": 1
                }
            },
            {
                "query": {
                    "x1": 2.982540282877565,
                    "x2": 0.4958811756144632
                },
                "metrics": {
                    "outcome": 5.107064273141823e-05
                },
                "metadata": {
                    "trials": 1
                }
            }
        ]
    ],
    "best_results": [
        {
            "query": {
                "x1": 3.003520921350413,
                "x2": 0.5013601422300624
            },
            "metrics": [
                {
                    "name": "outcome",
                    "value": 7.507294017288905e-06
                }
            ]
        }
    ]
}