{
    "date": "09/11/2022 18:30:04",
    "basic_params": {
        "active_variables": [
            "x1",
            "x2"
        ],
        "default_query": {},
        "metric": "basic",
        "n_trials": 1
    },
    "objective_function": {
        "name": "McCormick",
        "params": {}
    },
    "optimizer": {
        "name": "BO-MCMC-250",
        "params": {
            "lower_bound": [
                -1.5,
                -3.0
            ],
            "upper_bound": [
                4.0,
                4.0
            ],
            "invert_metric": false,
            "bopt_params": {
                "n_init_samples": 15,
                "n_iterations": 45,
                "n_iter_relearn": 5,
                "verbose_level": 0,
                "n_parallel_samples": 3,
                "par_type": "PAR_MCMC",
                "l_type": "L_MCMC",
                "burnout_mcmc_parallel": 250,
                "crit_name": "cEI"
            }
        }
    },
    "execution_time": 65.45680928230286,
    "best_results": [
        {
            "query": {
                "x1": -0.5480330404084643,
                "x2": -1.5467695217658297
            },
            "metrics": [
                {
                    "name": "outcome",
                    "value": -1.9132212866170417
                }
            ]
        }
    ],
    "iterations": [
        [
            {
                "query": {
                    "x1": 2.0908853888822097,
                    "x2": 2.3174862432759253
                },
                "metrics": {
                    "outcome": 2.7545938964564725
                },
                "metadata": {
                    "trials": 1
                }
            }
        ],
        [
            {
                "query": {
                    "x1": -0.36831468498955156,
                    "x2": 0.8221422075914839
                },
                "metrics": {
                    "outcome": 5.463423980785684
                },
                "metadata": {
                    "trials": 1
                }
            }
        ],
        [
            {
                "query": {
                    "x1": -0.6588803638005629,
                    "x2": 0.3037364480551332
                },
                "metrics": {
                    "outcome": 3.3265674885767966
                },
                "metadata": {
                    "trials": 1
                }
            }
        ],
        [
            {
                "query": {
                    "x1": 0.20941112174186838,
                    "x2": 2.6874789815861737
                },
                "metrics": {
                    "outcome": 13.787668836315168
                },
                "metadata": {
                    "trials": 1
                }
            }
        ],
        [
            {
                "query": {
                    "x1": 0.4006451067437107,
                    "x2": -0.9833993070603659
                },
                "metrics": {
                    "outcome": -0.6942126294095603
                },
                "metadata": {
                    "trials": 1
                }
            }
        ],
        [
            {
                "query": {
                    "x1": 2.6935276464326305,
                    "x2": 1.3966846408167228
                },
                "metrics": {
                    "outcome": 1.3206101192662985
                },
                "metadata": {
                    "trials": 1
                }
            }
        ],
        [
            {
                "query": {
                    "x1": -1.2481656850858902,
                    "x2": 3.719535987094666
                },
                "metrics": {
                    "outcome": 37.47030865482192
                },
                "metadata": {
                    "trials": 1
                }
            }
        ],
        [
            {
                "query": {
                    "x1": 1.246677643805742,
                    "x2": 1.7263581030225996
                },
                "metrics": {
                    "outcome": 3.8437320174872704
                },
                "metadata": {
                    "trials": 1
                }
            }
        ],
        [
            {
                "query": {
                    "x1": 2.3153084498597307,
                    "x2": -0.4926355250024548
                },
                "metrics": {
                    "outcome": 5.148444316791382
                },
                "metadata": {
                    "trials": 1
                }
            }
        ],
        [
            {
                "query": {
                    "x1": 0.759395466962208,
                    "x2": -2.9216149549310404
                },
                "metrics": {
                    "outcome": 5.276559091843239
                },
                "metadata": {
                    "trials": 1
                }
            }
        ],
        [
            {
                "query": {
                    "x1": 1.5173374803814417,
                    "x2": -1.2593129503385474
                },
                "metrics": {
                    "outcome": 3.540669995138269
                },
                "metadata": {
                    "trials": 1
                }
            }
        ],
        [
            {
                "query": {
                    "x1": 3.1583171221194792,
                    "x2": -2.044490680564195
                },
                "metrics": {
                    "outcome": 19.117900242662547
                },
                "metadata": {
                    "trials": 1
                }
            }
        ],
        [
            {
                "query": {
                    "x1": -0.9381237941017996,
                    "x2": -2.227029141349097
                },
                "metrics": {
                    "outcome": -1.475552065802999
                },
                "metadata": {
                    "trials": 1
                }
            }
        ],
        [
            {
                "query": {
                    "x1": 3.8262332768800356,
                    "x2": 3.1181953876434516
                },
                "metrics": {
                    "outcome": 4.171554826826081
                },
                "metadata": {
                    "trials": 1
                }
            }
        ],
        [
            {
                "query": {
                    "x1": 3.445446630109412,
                    "x2": 0.033813678457712104
                },
                "metrics": {
                    "outcome": 7.224316289849923
                },
                "metadata": {
                    "trials": 1
                }
            }
        ],
        [
            {
                "query": {
                    "x1": 2.03361933924334,
                    "x2": 2.4081747223886385
                },
                "metrics": {
                    "outcome": 3.146687489860984
                },
                "metadata": {
                    "trials": 1
                }
            },
            {
                "query": {
                    "x1": 0.016159271775902262,
                    "x2": 3.9141990116131566
                },
                "metrics": {
                    "outcome": 25.2464885089367
                },
                "metadata": {
                    "trials": 1
                }
            },
            {
                "query": {
                    "x1": -0.3206442558717084,
                    "x2": 0.6696793401058989
                },
                "metrics": {
                    "outcome": 4.477896791248217
                },
                "metadata": {
                    "trials": 1
                }
            }
        ],
        [
            {
                "query": {
                    "x1": 3.358479672274937,
                    "x2": -2.2190881422461155
                },
                "metrics": {
                    "outcome": 22.432202095764957
                },
                "metadata": {
                    "trials": 1
                }
            },
            {
                "query": {
                    "x1": -0.8374587263050461,
                    "x2": -0.5292550326058856
                },
                "metrics": {
                    "outcome": 0.04879269323791002
                },
                "metadata": {
                    "trials": 1
                }
            },
            {
                "query": {
                    "x1": 3.108854703483477,
                    "x2": -1.5932609125815247
                },
                "metrics": {
                    "outcome": 15.461933657062808
                },
                "metadata": {
                    "trials": 1
                }
            }
        ],
        [
            {
                "query": {
                    "x1": 2.529616916005504,
                    "x2": -2.24956282502259
                },
                "metrics": {
                    "outcome": 14.698634193081725
                },
                "metadata": {
                    "trials": 1
                }
            },
            {
                "query": {
                    "x1": 0.6647799562553507,
                    "x2": -2.2642151587974624
                },
                "metrics": {
                    "outcome": 1.9217146172000348
                },
                "metadata": {
                    "trials": 1
                }
            },
            {
                "query": {
                    "x1": -0.2784311406652864,
                    "x2": -2.242402229248726
                },
                "metrics": {
                    "outcome": -0.9128293829496297
                },
                "metadata": {
                    "trials": 1
                }
            }
        ],
        [
            {
                "query": {
                    "x1": 0.7365082870769131,
                    "x2": -2.335305459472449
                },
                "metrics": {
                    "outcome": 2.4934056122572184
                },
                "metadata": {
                    "trials": 1
                }
            },
            {
                "query": {
                    "x1": -1.4215397851544431,
                    "x2": -2.3169506979479157
                },
                "metrics": {
                    "outcome": -1.2962269355791496
                },
                "metadata": {
                    "trials": 1
                }
            },
            {
                "query": {
                    "x1": 1.0337395809704617,
                    "x2": -2.228731728968258
                },
                "metrics": {
                    "outcome": 3.591067581835987
                },
                "metadata": {
                    "trials": 1
                }
            }
        ],
        [
            {
                "query": {
                    "x1": -0.5907930635015998,
                    "x2": -2.3056393283682874
                },
                "metrics": {
                    "outcome": -1.179922811090354
                },
                "metadata": {
                    "trials": 1
                }
            },
            {
                "query": {
                    "x1": -0.53833669642472,
                    "x2": -2.2931871615918307
                },
                "metrics": {
                    "outcome": -1.1510868563006267
                },
                "metadata": {
                    "trials": 1
                }
            },
            {
                "query": {
                    "x1": 0.44898262984050574,
                    "x2": -2.286241629705053
                },
                "metrics": {
                    "outcome": 1.1276653499637463
                },
                "metadata": {
                    "trials": 1
                }
            }
        ],
        [
            {
                "query": {
                    "x1": -0.3225001875422737,
                    "x2": -1.1910999233834394
                },
                "metrics": {
                    "outcome": -1.7378987683593645
                },
                "metadata": {
                    "trials": 1
                }
            },
            {
                "query": {
                    "x1": -0.5483703305680601,
                    "x2": -1.69785734796779
                },
                "metrics": {
                    "outcome": -1.8812047988613219
                },
                "metadata": {
                    "trials": 1
                }
            },
            {
                "query": {
                    "x1": -0.80293659489559,
                    "x2": -1.6972931015676143
                },
                "metrics": {
                    "outcome": -1.8372424090117945
                },
                "metadata": {
                    "trials": 1
                }
            }
        ],
        [
            {
                "query": {
                    "x1": -0.44550198359662385,
                    "x2": -1.3939273831793237
                },
                "metrics": {
                    "outcome": -1.8811893510006366
                },
                "metadata": {
                    "trials": 1
                }
            },
            {
                "query": {
                    "x1": -1.0050192882813649,
                    "x2": -1.2727503632982224
                },
                "metrics": {
                    "outcome": -1.3629983358073918
                },
                "metadata": {
                    "trials": 1
                }
            },
            {
                "query": {
                    "x1": -0.5229936228097419,
                    "x2": -1.6222056274306733
                },
                "metrics": {
                    "outcome": -1.9022734670774977
                },
                "metadata": {
                    "trials": 1
                }
            }
        ],
        [
            {
                "query": {
                    "x1": -0.6873482640028827,
                    "x2": -1.588855978639089
                },
                "metrics": {
                    "outcome": -1.889748536181382
                },
                "metadata": {
                    "trials": 1
                }
            },
            {
                "query": {
                    "x1": -1.2558140745941095,
                    "x2": -1.794460893768586
                },
                "metrics": {
                    "outcome": -1.4034815497171387
                },
                "metadata": {
                    "trials": 1
                }
            },
            {
                "query": {
                    "x1": -0.3992477421697713,
                    "x2": -1.5452193086101855
                },
                "metrics": {
                    "outcome": -1.8819195041460834
                },
                "metadata": {
                    "trials": 1
                }
            }
        ],
        [
            {
                "query": {
                    "x1": -0.5707694197344846,
                    "x2": -1.579586346955529
                },
                "metrics": {
                    "outcome": -1.9118041513539765
                },
                "metadata": {
                    "trials": 1
                }
            },
            {
                "query": {
                    "x1": -0.5746022911378431,
                    "x2": -1.6155411962635593
                },
                "metrics": {
                    "outcome": -1.907653355588005
                },
                "metadata": {
                    "trials": 1
                }
            },
            {
                "query": {
                    "x1": -0.5637431055111713,
                    "x2": -1.4935419522600726
                },
                "metrics": {
                    "outcome": -1.9076942371454235
                },
                "metadata": {
                    "trials": 1
                }
            }
        ],
        [
            {
                "query": {
                    "x1": -0.5599093937292696,
                    "x2": -1.517603657137885
                },
                "metrics": {
                    "outcome": -1.9113093714088545
                },
                "metadata": {
                    "trials": 1
                }
            },
            {
                "query": {
                    "x1": -0.5405462580431568,
                    "x2": -1.5440379785140719
                },
                "metrics": {
                    "outcome": -1.9131690057001363
                },
                "metadata": {
                    "trials": 1
                }
            },
            {
                "query": {
                    "x1": -0.5034203392714551,
                    "x2": -1.5299938450788428
                },
                "metrics": {
                    "outcome": -1.9108881765092463
                },
                "metadata": {
                    "trials": 1
                }
            }
        ],
        [
            {
                "query": {
                    "x1": -0.5644324538758106,
                    "x2": -1.5577102741957498
                },
                "metrics": {
                    "outcome": -1.9128461791293572
                },
                "metadata": {
                    "trials": 1
                }
            },
            {
                "query": {
                    "x1": -1.4836815517280122,
                    "x2": -2.974592743410373
                },
                "metrics": {
                    "outcome": -1.020257116427592
                },
                "metadata": {
                    "trials": 1
                }
            },
            {
                "query": {
                    "x1": -1.3427302362153815,
                    "x2": -2.8857391665857697
                },
                "metrics": {
                    "outcome": -0.9341978683118164
                },
                "metadata": {
                    "trials": 1
                }
            }
        ],
        [
            {
                "query": {
                    "x1": -0.02790274585329966,
                    "x2": -0.4557401439252122
                },
                "metrics": {
                    "outcome": -0.3794587309260875
                },
                "metadata": {
                    "trials": 1
                }
            },
            {
                "query": {
                    "x1": -0.49105308688178884,
                    "x2": -1.4829744588145972
                },
                "metrics": {
                    "outcome": -1.9067464006095847
                },
                "metadata": {
                    "trials": 1
                }
            },
            {
                "query": {
                    "x1": -0.6799247594552897,
                    "x2": -1.8549011214934614
                },
                "metrics": {
                    "outcome": -1.8070105752173746
                },
                "metadata": {
                    "trials": 1
                }
            }
        ],
        [
            {
                "query": {
                    "x1": -0.5223086853392989,
                    "x2": -1.5184494135569024
                },
                "metrics": {
                    "outcome": -1.9119497559043168
                },
                "metadata": {
                    "trials": 1
                }
            },
            {
                "query": {
                    "x1": -0.5513363996728593,
                    "x2": -1.5543529001886713
                },
                "metrics": {
                    "outcome": -1.9131587417259222
                },
                "metadata": {
                    "trials": 1
                }
            },
            {
                "query": {
                    "x1": -0.5368239594683809,
                    "x2": -1.5424743762931716
                },
                "metrics": {
                    "outcome": -1.9130920539720715
                },
                "metadata": {
                    "trials": 1
                }
            }
        ],
        [
            {
                "query": {
                    "x1": -0.5624697743132171,
                    "x2": -1.543111409047017
                },
                "metrics": {
                    "outcome": -1.9127941436911051
                },
                "metadata": {
                    "trials": 1
                }
            },
            {
                "query": {
                    "x1": -0.5524454373654121,
                    "x2": -1.5440281606622714
                },
                "metrics": {
                    "outcome": -1.9131502345056255
                },
                "metadata": {
                    "trials": 1
                }
            },
            {
                "query": {
                    "x1": -0.5376164740946057,
                    "x2": -1.5473655609328794
                },
                "metrics": {
                    "outcome": -1.913089473613086
                },
                "metadata": {
                    "trials": 1
                }
            }
        ],
        [
            {
                "query": {
                    "x1": -0.5431234787117719,
                    "x2": -1.567376720367677
                },
                "metrics": {
                    "outcome": -1.9125227734802084
                },
                "metadata": {
                    "trials": 1
                }
            },
            {
                "query": {
                    "x1": -0.5436277215575991,
                    "x2": -1.5449874921327282
                },
                "metrics": {
                    "outcome": -1.9132066242500914
                },
                "metadata": {
                    "trials": 1
                }
            },
            {
                "query": {
                    "x1": -0.5317582351204717,
                    "x2": -1.5517492374713275
                },
                "metrics": {
                    "outcome": -1.9127718782269634
                },
                "metadata": {
                    "trials": 1
                }
            }
        ],
        [
            {
                "query": {
                    "x1": -0.5590976430752475,
                    "x2": -1.55271991099912
                },
                "metrics": {
                    "outcome": -1.913051286071438
                },
                "metadata": {
                    "trials": 1
                }
            },
            {
                "query": {
                    "x1": -0.5473112383528311,
                    "x2": -1.5398533279041515
                },
                "metrics": {
                    "outcome": -1.9131446649633244
                },
                "metadata": {
                    "trials": 1
                }
            },
            {
                "query": {
                    "x1": -0.6123647076622685,
                    "x2": -1.2286135396373947
                },
                "metrics": {
                    "outcome": -1.7369465211899024
                },
                "metadata": {
                    "trials": 1
                }
            }
        ],
        [
            {
                "query": {
                    "x1": -0.5394222412079286,
                    "x2": -1.5494556561312984
                },
                "metrics": {
                    "outcome": -1.913109090891878
                },
                "metadata": {
                    "trials": 1
                }
            },
            {
                "query": {
                    "x1": -0.5327589834530215,
                    "x2": -1.5492125231746918
                },
                "metrics": {
                    "outcome": -1.912885243416107
                },
                "metadata": {
                    "trials": 1
                }
            },
            {
                "query": {
                    "x1": -0.5306272040651822,
                    "x2": -1.542548125729218
                },
                "metrics": {
                    "outcome": -1.9128850812895175
                },
                "metadata": {
                    "trials": 1
                }
            }
        ],
        [
            {
                "query": {
                    "x1": -0.5459770085000825,
                    "x2": -1.5433878291844976
                },
                "metrics": {
                    "outcome": -1.913205283783458
                },
                "metadata": {
                    "trials": 1
                }
            },
            {
                "query": {
                    "x1": -0.544724760183938,
                    "x2": -1.5379923310513228
                },
                "metrics": {
                    "outcome": -1.9131184448181275
                },
                "metadata": {
                    "trials": 1
                }
            },
            {
                "query": {
                    "x1": -0.5401207587975672,
                    "x2": -1.5429920955994847
                },
                "metrics": {
                    "outcome": -1.9131594735100994
                },
                "metadata": {
                    "trials": 1
                }
            }
        ],
        [
            {
                "query": {
                    "x1": -0.5346921677502038,
                    "x2": -1.539088772027985
                },
                "metrics": {
                    "outcome": -1.9130188953752567
                },
                "metadata": {
                    "trials": 1
                }
            },
            {
                "query": {
                    "x1": -0.5368465071426511,
                    "x2": -1.5439308372602194
                },
                "metrics": {
                    "outcome": -1.9130922587286117
                },
                "metadata": {
                    "trials": 1
                }
            },
            {
                "query": {
                    "x1": -0.5531378613622007,
                    "x2": -1.5451701827916904
                },
                "metrics": {
                    "outcome": -1.9131528461738077
                },
                "metadata": {
                    "trials": 1
                }
            }
        ],
        [
            {
                "query": {
                    "x1": -0.5611328621658482,
                    "x2": -1.5586545867523125
                },
                "metrics": {
                    "outcome": -1.9129389982973972
                },
                "metadata": {
                    "trials": 1
                }
            },
            {
                "query": {
                    "x1": -0.5597859034170857,
                    "x2": -1.5586482504255315
                },
                "metrics": {
                    "outcome": -1.912972602729862
                },
                "metadata": {
                    "trials": 1
                }
            },
            {
                "query": {
                    "x1": -0.5427188339718115,
                    "x2": -1.5505791122318135
                },
                "metrics": {
                    "outcome": -1.9131606496569273
                },
                "metadata": {
                    "trials": 1
                }
            }
        ],
        [
            {
                "query": {
                    "x1": -0.5439719471175096,
                    "x2": -1.5433450233151071
                },
                "metrics": {
                    "outcome": -1.913200838571453
                },
                "metadata": {
                    "trials": 1
                }
            },
            {
                "query": {
                    "x1": -0.5350682921097858,
                    "x2": -1.5322818984986595
                },
                "metrics": {
                    "outcome": -1.9128968446160854
                },
                "metadata": {
                    "trials": 1
                }
            },
            {
                "query": {
                    "x1": -0.542134922288827,
                    "x2": -1.553608192589876
                },
                "metrics": {
                    "outcome": -1.9130905324101937
                },
                "metadata": {
                    "trials": 1
                }
            }
        ],
        [
            {
                "query": {
                    "x1": -0.5596012030287614,
                    "x2": -1.5462148568379313
                },
                "metrics": {
                    "outcome": -1.9129874040464343
                },
                "metadata": {
                    "trials": 1
                }
            },
            {
                "query": {
                    "x1": -0.5728631856065391,
                    "x2": -1.5462471758554088
                },
                "metrics": {
                    "outcome": -1.9122513113045958
                },
                "metadata": {
                    "trials": 1
                }
            },
            {
                "query": {
                    "x1": -0.5438821378675175,
                    "x2": -1.5580540010066488
                },
                "metrics": {
                    "outcome": -1.9129975248958475
                },
                "metadata": {
                    "trials": 1
                }
            }
        ],
        [
            {
                "query": {
                    "x1": -0.5504698190736003,
                    "x2": -1.5476957869745536
                },
                "metrics": {
                    "outcome": -1.913209108190518
                },
                "metadata": {
                    "trials": 1
                }
            },
            {
                "query": {
                    "x1": -0.5514511417933746,
                    "x2": -1.53860830141372
                },
                "metrics": {
                    "outcome": -1.9130498699059477
                },
                "metadata": {
                    "trials": 1
                }
            },
            {
                "query": {
                    "x1": -0.5437271448430274,
                    "x2": -1.5584348470371707
                },
                "metrics": {
                    "outcome": -1.9129805563468802
                },
                "metadata": {
                    "trials": 1
                }
            }
        ],
        [
            {
                "query": {
                    "x1": -0.5358695667611192,
                    "x2": -1.5374361751496142
                },
                "metrics": {
                    "outcome": -1.9130271390137614
                },
                "metadata": {
                    "trials": 1
                }
            },
            {
                "query": {
                    "x1": -0.5469205997949393,
                    "x2": -1.5370186945919686
                },
                "metrics": {
                    "outcome": -1.9130774737839085
                },
                "metadata": {
                    "trials": 1
                }
            },
            {
                "query": {
                    "x1": -0.5695443305315785,
                    "x2": -1.5455891510773878
                },
                "metrics": {
                    "outcome": -1.912463624016803
                },
                "metadata": {
                    "trials": 1
                }
            }
        ],
        [
            {
                "query": {
                    "x1": -0.5433642789855904,
                    "x2": -1.5466320086616867
                },
                "metrics": {
                    "outcome": -1.9132038912342937
                },
                "metadata": {
                    "trials": 1
                }
            },
            {
                "query": {
                    "x1": -0.5556566277337666,
                    "x2": -1.5668774871511215
                },
                "metrics": {
                    "outcome": -1.9127560653595808
                },
                "metadata": {
                    "trials": 1
                }
            },
            {
                "query": {
                    "x1": -0.5480330404084643,
                    "x2": -1.5467695217658297
                },
                "metrics": {
                    "outcome": -1.9132212866170417
                },
                "metadata": {
                    "trials": 1
                }
            }
        ],
        [
            {
                "query": {
                    "x1": -0.5446359214845897,
                    "x2": -1.5267338668127632
                },
                "metrics": {
                    "outcome": -1.9126718961029003
                },
                "metadata": {
                    "trials": 1
                }
            },
            {
                "query": {
                    "x1": -0.5438248489933802,
                    "x2": -1.5575674565956128
                },
                "metrics": {
                    "outcome": -1.913012923681788
                },
                "metadata": {
                    "trials": 1
                }
            },
            {
                "query": {
                    "x1": -0.5554273087520483,
                    "x2": -1.5561459406695262
                },
                "metrics": {
                    "outcome": -1.9130950869376315
                },
                "metadata": {
                    "trials": 1
                }
            }
        ],
        [
            {
                "query": {
                    "x1": -0.5523705821507421,
                    "x2": -1.5523207108350314
                },
                "metrics": {
                    "outcome": -1.9131771395148447
                },
                "metadata": {
                    "trials": 1
                }
            },
            {
                "query": {
                    "x1": -0.5434344944344306,
                    "x2": -1.5442793803849435
                },
                "metrics": {
                    "outcome": -1.9132028871990086
                },
                "metadata": {
                    "trials": 1
                }
            },
            {
                "query": {
                    "x1": 0.0136422285613238,
                    "x2": -1.3608114103733844
                },
                "metrics": {
                    "outcome": -1.508468544243787
                },
                "metadata": {
                    "trials": 1
                }
            }
        ],
        [
            {
                "query": {
                    "x1": -0.5503664106705144,
                    "x2": -1.5523008987109428
                },
                "metrics": {
                    "outcome": -1.9131896292746724
                },
                "metadata": {
                    "trials": 1
                }
            },
            {
                "query": {
                    "x1": -0.5505195423329627,
                    "x2": -1.5482879086863826
                },
                "metrics": {
                    "outcome": -1.9132095517180523
                },
                "metadata": {
                    "trials": 1
                }
            },
            {
                "query": {
                    "x1": -0.5698196539257075,
                    "x2": -1.562949660517266
                },
                "metrics": {
                    "outcome": -1.912542899251993
                },
                "metadata": {
                    "trials": 1
                }
            }
        ],
        [
            {
                "query": {
                    "x1": -0.5594871498612888,
                    "x2": -1.5625215658100002
                },
                "metrics": {
                    "outcome": -1.912885345630868
                },
                "metadata": {
                    "trials": 1
                }
            },
            {
                "query": {
                    "x1": -0.5529777826390456,
                    "x2": -1.555756887758695
                },
                "metrics": {
                    "outcome": -1.9131264413292737
                },
                "metadata": {
                    "trials": 1
                }
            },
            {
                "query": {
                    "x1": -0.5514209769708589,
                    "x2": -1.544945516227117
                },
                "metrics": {
                    "outcome": -1.9131793411755598
                },
                "metadata": {
                    "trials": 1
                }
            }
        ],
        [
            {
                "query": {
                    "x1": -0.5515817205131675,
                    "x2": -1.5498040471989607
                },
                "metrics": {
                    "outcome": -1.913198662342241
                },
                "metadata": {
                    "trials": 1
                }
            },
            {
                "query": {
                    "x1": -0.5479763883585651,
                    "x2": -1.5396439728027085
                },
                "metrics": {
                    "outcome": -1.9131336259609522
                },
                "metadata": {
                    "trials": 1
                }
            },
            {
                "query": {
                    "x1": -0.5433177970918707,
                    "x2": -1.5475877211508777
                },
                "metrics": {
                    "outcome": -1.9131994463125972
                },
                "metadata": {
                    "trials": 1
                }
            }
        ],
        [
            {
                "query": {
                    "x1": -0.5547009835935653,
                    "x2": -1.5476155325005951
                },
                "metrics": {
                    "outcome": -1.9131456219021183
                },
                "metadata": {
                    "trials": 1
                }
            },
            {
                "query": {
                    "x1": -0.5568109808293042,
                    "x2": -1.5537401589942703
                },
                "metrics": {
                    "outcome": -1.9131008549929605
                },
                "metadata": {
                    "trials": 1
                }
            },
            {
                "query": {
                    "x1": -0.5448055870277685,
                    "x2": -1.54665726095085
                },
                "metrics": {
                    "outcome": -1.9132158010929792
                },
                "metadata": {
                    "trials": 1
                }
            }
        ],
        [
            {
                "query": {
                    "x1": -0.5406283734913124,
                    "x2": -1.5371995943680654
                },
                "metrics": {
                    "outcome": -1.913091973273405
                },
                "metadata": {
                    "trials": 1
                }
            },
            {
                "query": {
                    "x1": -0.5369550275045911,
                    "x2": -1.5432326573444297
                },
                "metrics": {
                    "outcome": -1.9130959049130634
                },
                "metadata": {
                    "trials": 1
                }
            },
            {
                "query": {
                    "x1": -0.5497024629419112,
                    "x2": -1.5609152875413517
                },
                "metrics": {
                    "outcome": -1.9129836280025878
                },
                "metadata": {
                    "trials": 1
                }
            }
        ],
        [
            {
                "query": {
                    "x1": -0.5548975218128891,
                    "x2": -1.5446110131733959
                },
                "metrics": {
                    "outcome": -1.9131058318208898
                },
                "metadata": {
                    "trials": 1
                }
            },
            {
                "query": {
                    "x1": -0.5452029989436983,
                    "x2": -1.5158390221174796
                },
                "metrics": {
                    "outcome": -1.9118759692932277
                },
                "metadata": {
                    "trials": 1
                }
            },
            {
                "query": {
                    "x1": -0.5490262307697412,
                    "x2": -1.5536566431767347
                },
                "metrics": {
                    "outcome": -1.9131718194591039
                },
                "metadata": {
                    "trials": 1
                }
            }
        ],
        [
            {
                "query": {
                    "x1": -0.5402755202560249,
                    "x2": -1.549565848856058
                },
                "metrics": {
                    "outcome": -1.9131276577598535
                },
                "metadata": {
                    "trials": 1
                }
            },
            {
                "query": {
                    "x1": -0.5241376148222409,
                    "x2": -1.5409729726439043
                },
                "metrics": {
                    "outcome": -1.9125661152588989
                },
                "metadata": {
                    "trials": 1
                }
            },
            {
                "query": {
                    "x1": -0.5640396174439206,
                    "x2": -1.5753649532089542
                },
                "metrics": {
                    "outcome": -1.9122252178595995
                },
                "metadata": {
                    "trials": 1
                }
            }
        ],
        [
            {
                "query": {
                    "x1": -0.5444124407408111,
                    "x2": -1.5628465547139174
                },
                "metrics": {
                    "outcome": -1.9128116619711597
                },
                "metadata": {
                    "trials": 1
                }
            },
            {
                "query": {
                    "x1": -0.5603220801586889,
                    "x2": -1.5413290388535108
                },
                "metrics": {
                    "outcome": -1.9128394532763275
                },
                "metadata": {
                    "trials": 1
                }
            },
            {
                "query": {
                    "x1": -0.5470324488517408,
                    "x2": -1.5522891314402067
                },
                "metrics": {
                    "outcome": -1.9131848229561608
                },
                "metadata": {
                    "trials": 1
                }
            }
        ],
        [
            {
                "query": {
                    "x1": -0.5493403557658063,
                    "x2": -1.5406779120900602
                },
                "metrics": {
                    "outcome": -1.913139614990703
                },
                "metadata": {
                    "trials": 1
                }
            },
            {
                "query": {
                    "x1": -0.5407511936065257,
                    "x2": -1.5451702998075463
                },
                "metrics": {
                    "outcome": -1.9131722847664667
                },
                "metadata": {
                    "trials": 1
                }
            },
            {
                "query": {
                    "x1": -0.5564304826934493,
                    "x2": -1.549913212001493
                },
                "metrics": {
                    "outcome": -1.913118802326546
                },
                "metadata": {
                    "trials": 1
                }
            }
        ],
        [
            {
                "query": {
                    "x1": -0.5558311703228956,
                    "x2": -1.5485282216826548
                },
                "metrics": {
                    "outcome": -1.9131267121599072
                },
                "metadata": {
                    "trials": 1
                }
            },
            {
                "query": {
                    "x1": -0.5527020063385883,
                    "x2": -1.547358028116951
                },
                "metrics": {
                    "outcome": -1.9131805160568458
                },
                "metadata": {
                    "trials": 1
                }
            },
            {
                "query": {
                    "x1": -0.5545412974560237,
                    "x2": -1.5504760138996345
                },
                "metrics": {
                    "outcome": -1.9131576713898206
                },
                "metadata": {
                    "trials": 1
                }
            }
        ],
        [
            {
                "query": {
                    "x1": -0.5339370556937606,
                    "x2": -1.5359848357044177
                },
                "metrics": {
                    "outcome": -1.9129582052779672
                },
                "metadata": {
                    "trials": 1
                }
            },
            {
                "query": {
                    "x1": -0.531039308633213,
                    "x2": -1.5362321354641844
                },
                "metrics": {
                    "outcome": -1.9128757818874602
                },
                "metadata": {
                    "trials": 1
                }
            },
            {
                "query": {
                    "x1": -0.5461498992359048,
                    "x2": -1.543968331224968
                },
                "metrics": {
                    "outcome": -1.9132102687252264
                },
                "metadata": {
                    "trials": 1
                }
            }
        ],
        [
            {
                "query": {
                    "x1": -0.5434797586456394,
                    "x2": -1.5362679969210236
                },
                "metrics": {
                    "outcome": -1.91307778465151
                },
                "metadata": {
                    "trials": 1
                }
            },
            {
                "query": {
                    "x1": -0.5493959748966575,
                    "x2": -1.5562992290213165
                },
                "metrics": {
                    "outcome": -1.9131201285103425
                },
                "metadata": {
                    "trials": 1
                }
            },
            {
                "query": {
                    "x1": -0.550095351661635,
                    "x2": -1.5569020558081896
                },
                "metrics": {
                    "outcome": -1.913108021206372
                },
                "metadata": {
                    "trials": 1
                }
            }
        ],
        [
            {
                "query": {
                    "x1": -0.5468467053290018,
                    "x2": -1.5485389423037235
                },
                "metrics": {
                    "outcome": -1.9132196665327372
                },
                "metadata": {
                    "trials": 1
                }
            },
            {
                "query": {
                    "x1": -0.551227264487466,
                    "x2": -1.5530694148977577
                },
                "metrics": {
                    "outcome": -1.9131771896096779
                },
                "metadata": {
                    "trials": 1
                }
            },
            {
                "query": {
                    "x1": -0.5507650242513527,
                    "x2": -1.540377245635256
                },
                "metrics": {
                    "outcome": -1.913110464499876
                },
                "metadata": {
                    "trials": 1
                }
            }
        ],
        [
            {
                "query": {
                    "x1": -0.5517240004943427,
                    "x2": -1.554721536910858
                },
                "metrics": {
                    "outcome": -1.9131512372730701
                },
                "metadata": {
                    "trials": 1
                }
            },
            {
                "query": {
                    "x1": -0.561896313991366,
                    "x2": -1.5570146270798126
                },
                "metrics": {
                    "outcome": -1.9129401129583532
                },
                "metadata": {
                    "trials": 1
                }
            },
            {
                "query": {
                    "x1": -0.5495522554729046,
                    "x2": -1.5355526794778043
                },
                "metrics": {
                    "outcome": -1.912989528186026
                },
                "metadata": {
                    "trials": 1
                }
            }
        ],
        [
            {
                "query": {
                    "x1": -0.5513373626031772,
                    "x2": -1.5532323529547818
                },
                "metrics": {
                    "outcome": -1.9131746254871866
                },
                "metadata": {
                    "trials": 1
                }
            },
            {
                "query": {
                    "x1": -0.5451769361012699,
                    "x2": -1.5390959273414684
                },
                "metrics": {
                    "outcome": -1.913141523905154
                },
                "metadata": {
                    "trials": 1
                }
            },
            {
                "query": {
                    "x1": -0.5448961364250318,
                    "x2": -1.556308446453493
                },
                "metrics": {
                    "outcome": -1.9130726621742138
                },
                "metadata": {
                    "trials": 1
                }
            }
        ],
        [
            {
                "query": {
                    "x1": -0.5556083800728194,
                    "x2": -1.5375558077901645
                },
                "metrics": {
                    "outcome": -1.9128964033802336
                },
                "metadata": {
                    "trials": 1
                }
            },
            {
                "query": {
                    "x1": -0.5339965504974007,
                    "x2": -1.5471296169783972
                },
                "metrics": {
                    "outcome": -1.9129740457607989
                },
                "metadata": {
                    "trials": 1
                }
            },
            {
                "query": {
                    "x1": -0.5263505551487943,
                    "x2": -1.5389042589765307
                },
                "metrics": {
                    "outcome": -1.9126956280448741
                },
                "metadata": {
                    "trials": 1
                }
            }
        ],
        [
            {
                "query": {
                    "x1": -0.5526249280339083,
                    "x2": -1.5492538507744857
                },
                "metrics": {
                    "outcome": -1.9131873748043624
                },
                "metadata": {
                    "trials": 1
                }
            },
            {
                "query": {
                    "x1": -0.5489297425440974,
                    "x2": -1.541146817486483
                },
                "metrics": {
                    "outcome": -1.9131542987556642
                },
                "metadata": {
                    "trials": 1
                }
            },
            {
                "query": {
                    "x1": -0.5587740152557185,
                    "x2": -1.5489055005244352
                },
                "metrics": {
                    "outcome": -1.9130493476914392
                },
                "metadata": {
                    "trials": 1
                }
            }
        ],
        [
            {
                "query": {
                    "x1": -0.5380218855177942,
                    "x2": -1.5467127835100163
                },
                "metrics": {
                    "outcome": -1.9131069379929624
                },
                "metadata": {
                    "trials": 1
                }
            },
            {
                "query": {
                    "x1": -0.541436038415677,
                    "x2": -1.5382828470137215
                },
                "metrics": {
                    "outcome": -1.9131194834264251
                },
                "metadata": {
                    "trials": 1
                }
            },
            {
                "query": {
                    "x1": -0.5503676443868989,
                    "x2": -1.5471312553647771
                },
                "metrics": {
                    "outcome": -1.913208311809202
                },
                "metadata": {
                    "trials": 1
                }
            }
        ]
    ]
}