{
    "date": "09/11/2022 18:27:26",
    "basic_params": {
        "active_variables": [
            "x1",
            "x2"
        ],
        "default_query": {},
        "metric": "basic",
        "n_trials": 1
    },
    "objective_function": {
        "name": "McCormick",
        "params": {}
    },
    "optimizer": {
        "name": "BO-MCMC-250",
        "params": {
            "lower_bound": [
                -1.5,
                -3.0
            ],
            "upper_bound": [
                4.0,
                4.0
            ],
            "invert_metric": false,
            "bopt_params": {
                "n_init_samples": 15,
                "n_iterations": 45,
                "n_iter_relearn": 5,
                "verbose_level": 0,
                "n_parallel_samples": 3,
                "par_type": "PAR_MCMC",
                "l_type": "L_MCMC",
                "burnout_mcmc_parallel": 250,
                "crit_name": "cEI"
            }
        }
    },
    "execution_time": 25.368929624557495,
    "best_results": [
        {
            "query": {
                "x1": -0.548899929806082,
                "x2": -1.5472607462704904
            },
            "metrics": [
                {
                    "name": "outcome",
                    "value": -1.9132189187083366
                }
            ]
        }
    ],
    "iterations": [
        [
            {
                "query": {
                    "x1": 3.5299751578519736,
                    "x2": -1.9897063054765263
                },
                "metrics": {
                    "outcome": 22.197189028981605
                },
                "metadata": {
                    "trials": 1
                }
            }
        ],
        [
            {
                "query": {
                    "x1": 0.6747728512389584,
                    "x2": 2.5326247759939484
                },
                "metrics": {
                    "outcome": 9.705258946003902
                },
                "metadata": {
                    "trials": 1
                }
            }
        ],
        [
            {
                "query": {
                    "x1": 3.9242463351149732,
                    "x2": 0.6077437533220902
                },
                "metrics": {
                    "outcome": 6.648407054608873
                },
                "metadata": {
                    "trials": 1
                }
            }
        ],
        [
            {
                "query": {
                    "x1": 2.8947496035912383,
                    "x2": -1.548496729011337
                },
                "metrics": {
                    "outcome": 13.50396760846086
                },
                "metadata": {
                    "trials": 1
                }
            }
        ],
        [
            {
                "query": {
                    "x1": -0.20392386640111604,
                    "x2": -0.48707133436885997
                },
                "metrics": {
                    "outcome": -0.4689244592061588
                },
                "metadata": {
                    "trials": 1
                }
            }
        ],
        [
            {
                "query": {
                    "x1": -0.45771475438959897,
                    "x2": 1.4189111796362948
                },
                "metrics": {
                    "outcome": 9.575452132552808
                },
                "metadata": {
                    "trials": 1
                }
            }
        ],
        [
            {
                "query": {
                    "x1": 1.3592879962253694,
                    "x2": 0.05018132021650645
                },
                "metrics": {
                    "outcome": 1.7872965926702487
                },
                "metadata": {
                    "trials": 1
                }
            }
        ],
        [
            {
                "query": {
                    "x1": 1.6273527459707111,
                    "x2": 0.7431225754475843
                },
                "metrics": {
                    "outcome": 1.8955772627356988
                },
                "metadata": {
                    "trials": 1
                }
            }
        ],
        [
            {
                "query": {
                    "x1": 2.2888739006593823,
                    "x2": 2.825008215413739
                },
                "metrics": {
                    "outcome": 3.996171177939541
                },
                "metadata": {
                    "trials": 1
                }
            }
        ],
        [
            {
                "query": {
                    "x1": 0.3030100912088529,
                    "x2": 2.057642597208421
                },
                "metrics": {
                    "outcome": 9.472273929700709
                },
                "metadata": {
                    "trials": 1
                }
            }
        ],
        [
            {
                "query": {
                    "x1": -1.2890519271449496,
                    "x2": 3.4931214002892377
                },
                "metrics": {
                    "outcome": 35.341657951412905
                },
                "metadata": {
                    "trials": 1
                }
            }
        ],
        [
            {
                "query": {
                    "x1": -1.0905273880731936,
                    "x2": -2.069423913722858
                },
                "metrics": {
                    "outcome": -1.561172677311088
                },
                "metadata": {
                    "trials": 1
                }
            }
        ],
        [
            {
                "query": {
                    "x1": 3.1294223070765534,
                    "x2": 3.6428608288833253
                },
                "metrics": {
                    "outcome": 6.146467408712274
                },
                "metadata": {
                    "trials": 1
                }
            }
        ],
        [
            {
                "query": {
                    "x1": 0.7049375974806025,
                    "x2": -2.948924828367308
                },
                "metrics": {
                    "outcome": 5.139155987748918
                },
                "metadata": {
                    "trials": 1
                }
            }
        ],
        [
            {
                "query": {
                    "x1": 1.807875250567061,
                    "x2": -0.9687904570251704
                },
                "metrics": {
                    "outcome": 4.320115375214946
                },
                "metadata": {
                    "trials": 1
                }
            }
        ],
        [
            {
                "query": {
                    "x1": -1.4228061054848082,
                    "x2": -2.0393023989333385
                },
                "metrics": {
                    "outcome": -1.268922976652643
                },
                "metadata": {
                    "trials": 1
                }
            },
            {
                "query": {
                    "x1": -0.6509996594932935,
                    "x2": -0.9633874016757269
                },
                "metrics": {
                    "outcome": -1.3334329878531257
                },
                "metadata": {
                    "trials": 1
                }
            },
            {
                "query": {
                    "x1": -1.0141556742969855,
                    "x2": -1.7603108735441158
                },
                "metrics": {
                    "outcome": -1.681730623167315
                },
                "metadata": {
                    "trials": 1
                }
            }
        ],
        [
            {
                "query": {
                    "x1": -0.2843259979884172,
                    "x2": -1.5194908458193546
                },
                "metrics": {
                    "outcome": -1.8195792606821026
                },
                "metadata": {
                    "trials": 1
                }
            },
            {
                "query": {
                    "x1": -0.45667056362231895,
                    "x2": -1.545793644666563
                },
                "metrics": {
                    "outcome": -1.9015583751769145
                },
                "metadata": {
                    "trials": 1
                }
            },
            {
                "query": {
                    "x1": -0.8692714325050603,
                    "x2": -1.712849442523638
                },
                "metrics": {
                    "outcome": -1.7973311840872133
                },
                "metadata": {
                    "trials": 1
                }
            }
        ],
        [
            {
                "query": {
                    "x1": -0.4414261514436537,
                    "x2": -1.4182211483139069
                },
                "metrics": {
                    "outcome": -1.8878569874199975
                },
                "metadata": {
                    "trials": 1
                }
            },
            {
                "query": {
                    "x1": -0.5323542556623566,
                    "x2": -1.4833208651700553
                },
                "metrics": {
                    "outcome": -1.908096119860656
                },
                "metadata": {
                    "trials": 1
                }
            },
            {
                "query": {
                    "x1": -0.5018728360621902,
                    "x2": -1.8385606993901262
                },
                "metrics": {
                    "outcome": -1.7750212246122459
                },
                "metadata": {
                    "trials": 1
                }
            }
        ],
        [
            {
                "query": {
                    "x1": 0.24024582511975967,
                    "x2": -1.0905985642521954
                },
                "metrics": {
                    "outcome": -1.0672315198660902
                },
                "metadata": {
                    "trials": 1
                }
            },
            {
                "query": {
                    "x1": -1.0035673530149285,
                    "x2": -2.98025018653723
                },
                "metrics": {
                    "outcome": -0.29187310809635747
                },
                "metadata": {
                    "trials": 1
                }
            },
            {
                "query": {
                    "x1": -0.6434251115560558,
                    "x2": -1.5533891064535605
                },
                "metrics": {
                    "outcome": -1.90066776090374
                },
                "metadata": {
                    "trials": 1
                }
            }
        ],
        [
            {
                "query": {
                    "x1": -0.5591879893857092,
                    "x2": -1.5972930747912126
                },
                "metrics": {
                    "outcome": -1.9101223134625536
                },
                "metadata": {
                    "trials": 1
                }
            },
            {
                "query": {
                    "x1": -0.5491221496306127,
                    "x2": -1.5548456470791243
                },
                "metrics": {
                    "outcome": -1.91315059020306
                },
                "metadata": {
                    "trials": 1
                }
            },
            {
                "query": {
                    "x1": -0.6025519994771128,
                    "x2": -1.644713417230912
                },
                "metrics": {
                    "outcome": -1.9016432018543772
                },
                "metadata": {
                    "trials": 1
                }
            }
        ],
        [
            {
                "query": {
                    "x1": -1.4644352900456166,
                    "x2": -0.9560239543566991
                },
                "metrics": {
                    "outcome": 0.4048387836521561
                },
                "metadata": {
                    "trials": 1
                }
            },
            {
                "query": {
                    "x1": -1.315090656490483,
                    "x2": -1.3235864399873614
                },
                "metrics": {
                    "outcome": -0.8182400762838093
                },
                "metadata": {
                    "trials": 1
                }
            },
            {
                "query": {
                    "x1": -1.4220745948599904,
                    "x2": -1.008112148810597
                },
                "metrics": {
                    "outcome": 0.1312971120501567
                },
                "metadata": {
                    "trials": 1
                }
            }
        ],
        [
            {
                "query": {
                    "x1": -0.19938223580719483,
                    "x2": -1.3194371163551537
                },
                "metrics": {
                    "outcome": -1.7436460028758614
                },
                "metadata": {
                    "trials": 1
                }
            },
            {
                "query": {
                    "x1": -0.5176770915459109,
                    "x2": -1.5361112845189298
                },
                "metrics": {
                    "outcome": -1.9121636570121563
                },
                "metadata": {
                    "trials": 1
                }
            },
            {
                "query": {
                    "x1": -0.1677985634299195,
                    "x2": -1.2838257410033194
                },
                "metrics": {
                    "outcome": -1.7052572608457268
                },
                "metadata": {
                    "trials": 1
                }
            }
        ],
        [
            {
                "query": {
                    "x1": -0.5984075982876862,
                    "x2": -1.5738363456021487
                },
                "metrics": {
                    "outcome": -1.910035589799982
                },
                "metadata": {
                    "trials": 1
                }
            },
            {
                "query": {
                    "x1": -0.5741437261375985,
                    "x2": -1.5467883870311083
                },
                "metrics": {
                    "outcome": -1.9121712824035955
                },
                "metadata": {
                    "trials": 1
                }
            },
            {
                "query": {
                    "x1": -0.5715914512398184,
                    "x2": -1.5682605326275783
                },
                "metrics": {
                    "outcome": -1.9123250943133998
                },
                "metadata": {
                    "trials": 1
                }
            }
        ],
        [
            {
                "query": {
                    "x1": -0.5593875144710495,
                    "x2": -1.5500242639820732
                },
                "metrics": {
                    "outcome": -1.913037923935387
                },
                "metadata": {
                    "trials": 1
                }
            },
            {
                "query": {
                    "x1": -0.5488022429493296,
                    "x2": -1.5324844215535574
                },
                "metrics": {
                    "outcome": -1.912882091981908
                },
                "metadata": {
                    "trials": 1
                }
            },
            {
                "query": {
                    "x1": -0.572946931007023,
                    "x2": -1.5570193004482056
                },
                "metrics": {
                    "outcome": -1.9124251805585089
                },
                "metadata": {
                    "trials": 1
                }
            }
        ],
        [
            {
                "query": {
                    "x1": -0.540270381869495,
                    "x2": -1.5545328972678978
                },
                "metrics": {
                    "outcome": -1.9130194634977244
                },
                "metadata": {
                    "trials": 1
                }
            },
            {
                "query": {
                    "x1": -0.5457888465416577,
                    "x2": -1.5479426460914893
                },
                "metrics": {
                    "outcome": -1.9132181254149594
                },
                "metadata": {
                    "trials": 1
                }
            },
            {
                "query": {
                    "x1": -0.5543896912523139,
                    "x2": -1.560970346553937
                },
                "metrics": {
                    "outcome": -1.9129901033707655
                },
                "metadata": {
                    "trials": 1
                }
            }
        ],
        [
            {
                "query": {
                    "x1": -0.550663582234669,
                    "x2": -1.549219729799166
                },
                "metrics": {
                    "outcome": -1.9132078415442098
                },
                "metadata": {
                    "trials": 1
                }
            },
            {
                "query": {
                    "x1": -0.5411481830265664,
                    "x2": -1.569563745502933
                },
                "metrics": {
                    "outcome": -1.9123005905687895
                },
                "metadata": {
                    "trials": 1
                }
            },
            {
                "query": {
                    "x1": -0.5425807525280196,
                    "x2": -1.529721467127873
                },
                "metrics": {
                    "outcome": -1.9128453522215811
                },
                "metadata": {
                    "trials": 1
                }
            }
        ],
        [
            {
                "query": {
                    "x1": -0.5458566393298528,
                    "x2": -1.5520837053644856
                },
                "metrics": {
                    "outcome": -1.91317873992325
                },
                "metadata": {
                    "trials": 1
                }
            },
            {
                "query": {
                    "x1": -0.5498604226995366,
                    "x2": -1.5481697715274574
                },
                "metrics": {
                    "outcome": -1.9132143789054035
                },
                "metadata": {
                    "trials": 1
                }
            },
            {
                "query": {
                    "x1": -0.5437403756974216,
                    "x2": -1.5395494503295577
                },
                "metrics": {
                    "outcome": -1.9131518753151342
                },
                "metadata": {
                    "trials": 1
                }
            }
        ],
        [
            {
                "query": {
                    "x1": -0.5159979964329924,
                    "x2": -1.5521946726569062
                },
                "metrics": {
                    "outcome": -1.9116139810738018
                },
                "metadata": {
                    "trials": 1
                }
            },
            {
                "query": {
                    "x1": -0.5418123645641494,
                    "x2": -1.5441447962058406
                },
                "metrics": {
                    "outcome": -1.913186634852218
                },
                "metadata": {
                    "trials": 1
                }
            },
            {
                "query": {
                    "x1": -0.549837334850853,
                    "x2": -1.5451006093069088
                },
                "metrics": {
                    "outcome": -1.9132003908265287
                },
                "metadata": {
                    "trials": 1
                }
            }
        ],
        [
            {
                "query": {
                    "x1": -0.550514563777618,
                    "x2": -1.5278831342124215
                },
                "metrics": {
                    "outcome": -1.912599619288311
                },
                "metadata": {
                    "trials": 1
                }
            },
            {
                "query": {
                    "x1": -0.5386944049823783,
                    "x2": -1.5443281658014838
                },
                "metrics": {
                    "outcome": -1.9131350902822009
                },
                "metadata": {
                    "trials": 1
                }
            },
            {
                "query": {
                    "x1": -0.5544009828345933,
                    "x2": -1.5503838796568914
                },
                "metrics": {
                    "outcome": -1.913160169273234
                },
                "metadata": {
                    "trials": 1
                }
            }
        ],
        [
            {
                "query": {
                    "x1": -0.5380455287126459,
                    "x2": -1.5546997158287827
                },
                "metrics": {
                    "outcome": -1.9129444139845893
                },
                "metadata": {
                    "trials": 1
                }
            },
            {
                "query": {
                    "x1": -0.5401581616134593,
                    "x2": -1.545621476683745
                },
                "metrics": {
                    "outcome": -1.913160913180611
                },
                "metadata": {
                    "trials": 1
                }
            },
            {
                "query": {
                    "x1": -0.5438217928436211,
                    "x2": -1.5546873712386537
                },
                "metrics": {
                    "outcome": -1.913097571042187
                },
                "metadata": {
                    "trials": 1
                }
            }
        ],
        [
            {
                "query": {
                    "x1": -0.5630501935909388,
                    "x2": -1.5598903630974408
                },
                "metrics": {
                    "outcome": -1.9128620953180033
                },
                "metadata": {
                    "trials": 1
                }
            },
            {
                "query": {
                    "x1": -0.5565028499420908,
                    "x2": -1.544645592968537
                },
                "metrics": {
                    "outcome": -1.913062637506445
                },
                "metadata": {
                    "trials": 1
                }
            },
            {
                "query": {
                    "x1": -0.5451060681455953,
                    "x2": -1.539930704875393
                },
                "metrics": {
                    "outcome": -1.913158180045507
                },
                "metadata": {
                    "trials": 1
                }
            }
        ],
        [
            {
                "query": {
                    "x1": -0.532930773491944,
                    "x2": -1.5319860981144235
                },
                "metrics": {
                    "outcome": -1.9128436819222854
                },
                "metadata": {
                    "trials": 1
                }
            },
            {
                "query": {
                    "x1": -0.539465294655148,
                    "x2": -1.547930837259883
                },
                "metrics": {
                    "outcome": -1.9131300497036703
                },
                "metadata": {
                    "trials": 1
                }
            },
            {
                "query": {
                    "x1": -0.546578987016877,
                    "x2": -1.5520649077793571
                },
                "metrics": {
                    "outcome": -1.9131850492099929
                },
                "metadata": {
                    "trials": 1
                }
            }
        ],
        [
            {
                "query": {
                    "x1": -0.5347846347838636,
                    "x2": -1.5492112349603286
                },
                "metrics": {
                    "outcome": -1.912967907150164
                },
                "metadata": {
                    "trials": 1
                }
            },
            {
                "query": {
                    "x1": -0.5539164510814982,
                    "x2": -1.5511341091702426
                },
                "metrics": {
                    "outcome": -1.9131661511015867
                },
                "metadata": {
                    "trials": 1
                }
            },
            {
                "query": {
                    "x1": -0.5480058184882228,
                    "x2": -1.5298277145580714
                },
                "metrics": {
                    "outcome": -1.912773366548706
                },
                "metadata": {
                    "trials": 1
                }
            }
        ],
        [
            {
                "query": {
                    "x1": -0.5441388827934579,
                    "x2": -1.5459463370162791
                },
                "metrics": {
                    "outcome": -1.9132116381823625
                },
                "metadata": {
                    "trials": 1
                }
            },
            {
                "query": {
                    "x1": -0.5355265995120961,
                    "x2": -1.5378971516454123
                },
                "metrics": {
                    "outcome": -1.9130261359289302
                },
                "metadata": {
                    "trials": 1
                }
            },
            {
                "query": {
                    "x1": -0.5527319398669688,
                    "x2": -1.557020066497406
                },
                "metrics": {
                    "outcome": -1.9131027514278527
                },
                "metadata": {
                    "trials": 1
                }
            }
        ],
        [
            {
                "query": {
                    "x1": -0.5462627448609432,
                    "x2": -1.5433425605005726
                },
                "metrics": {
                    "outcome": -1.9132044841212
                },
                "metadata": {
                    "trials": 1
                }
            },
            {
                "query": {
                    "x1": -0.548899929806082,
                    "x2": -1.5472607462704904
                },
                "metrics": {
                    "outcome": -1.9132189187083366
                },
                "metadata": {
                    "trials": 1
                }
            },
            {
                "query": {
                    "x1": -0.5420540273277213,
                    "x2": -1.5427864912452398
                },
                "metrics": {
                    "outcome": -1.9131828163314228
                },
                "metadata": {
                    "trials": 1
                }
            }
        ],
        [
            {
                "query": {
                    "x1": -0.5597193041987591,
                    "x2": -1.5165084532148778
                },
                "metrics": {
                    "outcome": -1.9112123647042614
                },
                "metadata": {
                    "trials": 1
                }
            },
            {
                "query": {
                    "x1": -0.5616255761701104,
                    "x2": -1.5659004283413887
                },
                "metrics": {
                    "outcome": -1.9127324551753144
                },
                "metadata": {
                    "trials": 1
                }
            },
            {
                "query": {
                    "x1": -0.5507583709897212,
                    "x2": -1.5397758522361233
                },
                "metrics": {
                    "outcome": -1.913095879819585
                },
                "metadata": {
                    "trials": 1
                }
            }
        ],
        [
            {
                "query": {
                    "x1": -0.7074021508333621,
                    "x2": -1.8868569000328241
                },
                "metrics": {
                    "outcome": -1.7853377229165006
                },
                "metadata": {
                    "trials": 1
                }
            },
            {
                "query": {
                    "x1": -0.5427266931370506,
                    "x2": -1.5543128721191617
                },
                "metrics": {
                    "outcome": -1.9130856888430694
                },
                "metadata": {
                    "trials": 1
                }
            },
            {
                "query": {
                    "x1": -0.5216238668585527,
                    "x2": -1.5302456496672796
                },
                "metrics": {
                    "outcome": -1.9123592585373461
                },
                "metadata": {
                    "trials": 1
                }
            }
        ],
        [
            {
                "query": {
                    "x1": -0.5543091006665819,
                    "x2": -1.536918374228258
                },
                "metrics": {
                    "outcome": -1.9129161701794422
                },
                "metadata": {
                    "trials": 1
                }
            },
            {
                "query": {
                    "x1": -0.5449745743815216,
                    "x2": -1.5390786170410184
                },
                "metrics": {
                    "outcome": -1.9131417879780686
                },
                "metadata": {
                    "trials": 1
                }
            },
            {
                "query": {
                    "x1": -0.5627467952742665,
                    "x2": -1.542070642384836
                },
                "metrics": {
                    "outcome": -1.9127485104158088
                },
                "metadata": {
                    "trials": 1
                }
            }
        ],
        [
            {
                "query": {
                    "x1": -0.5502131283449209,
                    "x2": -1.5406103548885517
                },
                "metrics": {
                    "outcome": -1.9131252142213944
                },
                "metadata": {
                    "trials": 1
                }
            },
            {
                "query": {
                    "x1": -0.5112473586965885,
                    "x2": -1.5157470761700385
                },
                "metrics": {
                    "outcome": -1.9112108302249724
                },
                "metadata": {
                    "trials": 1
                }
            },
            {
                "query": {
                    "x1": -1.4961963537918928,
                    "x2": -2.550124514941417
                },
                "metrics": {
                    "outcome": -1.233994939479075
                },
                "metadata": {
                    "trials": 1
                }
            }
        ],
        [
            {
                "query": {
                    "x1": -0.5380736375843495,
                    "x2": -1.5466833695446143
                },
                "metrics": {
                    "outcome": -1.9131085294020327
                },
                "metadata": {
                    "trials": 1
                }
            },
            {
                "query": {
                    "x1": -0.523355252733295,
                    "x2": -1.57872472666178
                },
                "metrics": {
                    "outcome": -1.910131641708364
                },
                "metadata": {
                    "trials": 1
                }
            },
            {
                "query": {
                    "x1": -0.540891974111604,
                    "x2": -1.5330714020266574
                },
                "metrics": {
                    "outcome": -1.9129803256514828
                },
                "metadata": {
                    "trials": 1
                }
            }
        ],
        [
            {
                "query": {
                    "x1": -0.5550579241941213,
                    "x2": -1.551639061840561
                },
                "metrics": {
                    "outcome": -1.9131458917720336
                },
                "metadata": {
                    "trials": 1
                }
            },
            {
                "query": {
                    "x1": -0.5340266865025152,
                    "x2": -1.5313160307797267
                },
                "metrics": {
                    "outcome": -1.9128481091594378
                },
                "metadata": {
                    "trials": 1
                }
            },
            {
                "query": {
                    "x1": -0.548804208466747,
                    "x2": -1.5536692520566424
                },
                "metrics": {
                    "outcome": -1.913171072065488
                },
                "metadata": {
                    "trials": 1
                }
            }
        ],
        [
            {
                "query": {
                    "x1": -0.547923241733617,
                    "x2": -1.550449418527257
                },
                "metrics": {
                    "outcome": -1.913209727985449
                },
                "metadata": {
                    "trials": 1
                }
            },
            {
                "query": {
                    "x1": -0.5524268118514218,
                    "x2": -1.541417913402124
                },
                "metrics": {
                    "outcome": -1.9131016279560384
                },
                "metadata": {
                    "trials": 1
                }
            },
            {
                "query": {
                    "x1": -0.5403842517281576,
                    "x2": -1.551064972148994
                },
                "metrics": {
                    "outcome": -1.913105117293707
                },
                "metadata": {
                    "trials": 1
                }
            }
        ],
        [
            {
                "query": {
                    "x1": -0.5473382295710976,
                    "x2": -1.5618751855341624
                },
                "metrics": {
                    "outcome": -1.9129168228179254
                },
                "metadata": {
                    "trials": 1
                }
            },
            {
                "query": {
                    "x1": -0.5385557611415753,
                    "x2": -1.552338523721412
                },
                "metrics": {
                    "outcome": -1.913027679982811
                },
                "metadata": {
                    "trials": 1
                }
            },
            {
                "query": {
                    "x1": -0.5409425096734575,
                    "x2": -1.5544190287241968
                },
                "metrics": {
                    "outcome": -1.913040934057328
                },
                "metadata": {
                    "trials": 1
                }
            }
        ],
        [
            {
                "query": {
                    "x1": -0.5468086776895871,
                    "x2": -1.55054739425928
                },
                "metrics": {
                    "outcome": -1.913205182775651
                },
                "metadata": {
                    "trials": 1
                }
            },
            {
                "query": {
                    "x1": -0.5370338842072053,
                    "x2": -1.548620845904651
                },
                "metrics": {
                    "outcome": -1.9130555622487684
                },
                "metadata": {
                    "trials": 1
                }
            },
            {
                "query": {
                    "x1": -0.5537844171131036,
                    "x2": -1.5471870042110134
                },
                "metrics": {
                    "outcome": -1.9131607259718773
                },
                "metadata": {
                    "trials": 1
                }
            }
        ],
        [
            {
                "query": {
                    "x1": -0.541316381202025,
                    "x2": -1.539276682216387
                },
                "metrics": {
                    "outcome": -1.9131360895086904
                },
                "metadata": {
                    "trials": 1
                }
            },
            {
                "query": {
                    "x1": -0.5691914664829808,
                    "x2": -1.555147181840255
                },
                "metrics": {
                    "outcome": -1.912639733187457
                },
                "metadata": {
                    "trials": 1
                }
            },
            {
                "query": {
                    "x1": -0.5325623805108337,
                    "x2": -1.528904586614416
                },
                "metrics": {
                    "outcome": -1.9127371436207778
                },
                "metadata": {
                    "trials": 1
                }
            }
        ],
        [
            {
                "query": {
                    "x1": -0.5562669777611975,
                    "x2": -1.5523774233238223
                },
                "metrics": {
                    "outcome": -1.9131201489463563
                },
                "metadata": {
                    "trials": 1
                }
            },
            {
                "query": {
                    "x1": -0.5504540196060285,
                    "x2": -1.54133794013317
                },
                "metrics": {
                    "outcome": -1.9131369163614056
                },
                "metadata": {
                    "trials": 1
                }
            },
            {
                "query": {
                    "x1": -0.5445400549225828,
                    "x2": -1.5445311400408865
                },
                "metrics": {
                    "outcome": -1.9132106690476727
                },
                "metadata": {
                    "trials": 1
                }
            }
        ],
        [
            {
                "query": {
                    "x1": -0.548091867969377,
                    "x2": -1.5558477721247357
                },
                "metrics": {
                    "outcome": -1.9131234270107291
                },
                "metadata": {
                    "trials": 1
                }
            },
            {
                "query": {
                    "x1": -0.5492632730747455,
                    "x2": -1.5534234602163812
                },
                "metrics": {
                    "outcome": -1.9131759253811391
                },
                "metadata": {
                    "trials": 1
                }
            },
            {
                "query": {
                    "x1": -0.5527366519894977,
                    "x2": -1.5611105199795188
                },
                "metrics": {
                    "outcome": -1.9129896071817942
                },
                "metadata": {
                    "trials": 1
                }
            }
        ],
        [
            {
                "query": {
                    "x1": -0.5425800427325937,
                    "x2": -1.5486853884854792
                },
                "metrics": {
                    "outcome": -1.913181435892331
                },
                "metadata": {
                    "trials": 1
                }
            },
            {
                "query": {
                    "x1": -0.5515297051019206,
                    "x2": -1.5599647710739677
                },
                "metrics": {
                    "outcome": -1.9130256163896737
                },
                "metadata": {
                    "trials": 1
                }
            },
            {
                "query": {
                    "x1": -0.5440481632132795,
                    "x2": -1.5469202689492607
                },
                "metrics": {
                    "outcome": -1.9132096181766713
                },
                "metadata": {
                    "trials": 1
                }
            }
        ],
        [
            {
                "query": {
                    "x1": -0.8146989835792455,
                    "x2": -1.4458858259706688
                },
                "metrics": {
                    "outcome": -1.7656498958843656
                },
                "metadata": {
                    "trials": 1
                }
            },
            {
                "query": {
                    "x1": -0.5500117080309985,
                    "x2": -1.5445319421452448
                },
                "metrics": {
                    "outcome": -1.9131929175920965
                },
                "metadata": {
                    "trials": 1
                }
            },
            {
                "query": {
                    "x1": -0.5599568391586225,
                    "x2": -1.5527171652359582
                },
                "metrics": {
                    "outcome": -1.9130263776153615
                },
                "metadata": {
                    "trials": 1
                }
            }
        ],
        [
            {
                "query": {
                    "x1": -0.5404779995224618,
                    "x2": -1.5474587041882635
                },
                "metrics": {
                    "outcome": -1.9131561410020517
                },
                "metadata": {
                    "trials": 1
                }
            },
            {
                "query": {
                    "x1": -0.5483012347921496,
                    "x2": -1.558768963370418
                },
                "metrics": {
                    "outcome": -1.9130439852882972
                },
                "metadata": {
                    "trials": 1
                }
            },
            {
                "query": {
                    "x1": -0.5534233477211259,
                    "x2": -1.5468261732000776
                },
                "metrics": {
                    "outcome": -1.9131646078620301
                },
                "metadata": {
                    "trials": 1
                }
            }
        ],
        [
            {
                "query": {
                    "x1": -0.5583795036085094,
                    "x2": -1.5415201856190497
                },
                "metrics": {
                    "outcome": -1.9129256118192997
                },
                "metadata": {
                    "trials": 1
                }
            },
            {
                "query": {
                    "x1": -0.5441064943395967,
                    "x2": -1.5574308891759807
                },
                "metrics": {
                    "outcome": -1.913023357017316
                },
                "metadata": {
                    "trials": 1
                }
            },
            {
                "query": {
                    "x1": -0.5445598611458295,
                    "x2": -1.5565934685099574
                },
                "metrics": {
                    "outcome": -1.9130583958083784
                },
                "metadata": {
                    "trials": 1
                }
            }
        ],
        [
            {
                "query": {
                    "x1": -0.5524666665899576,
                    "x2": -1.5358920682246944
                },
                "metrics": {
                    "outcome": -1.9129324413872606
                },
                "metadata": {
                    "trials": 1
                }
            },
            {
                "query": {
                    "x1": -0.5422523582438653,
                    "x2": -1.554314767161869
                },
                "metrics": {
                    "outcome": -1.9130754113097623
                },
                "metadata": {
                    "trials": 1
                }
            },
            {
                "query": {
                    "x1": -0.5537772477656466,
                    "x2": -1.5478927184184121
                },
                "metrics": {
                    "outcome": -1.9131654428710143
                },
                "metadata": {
                    "trials": 1
                }
            }
        ],
        [
            {
                "query": {
                    "x1": -0.5409417226929933,
                    "x2": -1.5386536276618497
                },
                "metrics": {
                    "outcome": -1.913122607276434
                },
                "metadata": {
                    "trials": 1
                }
            },
            {
                "query": {
                    "x1": -0.5740441137434965,
                    "x2": -1.5762344296203645
                },
                "metrics": {
                    "outcome": -1.9118807696873974
                },
                "metadata": {
                    "trials": 1
                }
            },
            {
                "query": {
                    "x1": -0.5399219300512373,
                    "x2": -1.541987979284459
                },
                "metrics": {
                    "outcome": -1.9131510270772036
                },
                "metadata": {
                    "trials": 1
                }
            }
        ],
        [
            {
                "query": {
                    "x1": -0.5428357008253669,
                    "x2": -1.5538532286012754
                },
                "metrics": {
                    "outcome": -1.9130992917114988
                },
                "metadata": {
                    "trials": 1
                }
            },
            {
                "query": {
                    "x1": -0.5448860770257593,
                    "x2": -1.5447144388882046
                },
                "metrics": {
                    "outcome": -1.913212962233854
                },
                "metadata": {
                    "trials": 1
                }
            },
            {
                "query": {
                    "x1": -0.5557599260788084,
                    "x2": -1.5584237876288731
                },
                "metrics": {
                    "outcome": -1.9130469470230835
                },
                "metadata": {
                    "trials": 1
                }
            }
        ],
        [
            {
                "query": {
                    "x1": -0.5524635073978239,
                    "x2": -1.5564696810045973
                },
                "metrics": {
                    "outcome": -1.913115643413808
                },
                "metadata": {
                    "trials": 1
                }
            },
            {
                "query": {
                    "x1": -0.560595620589724,
                    "x2": -1.5453559094208076
                },
                "metrics": {
                    "outcome": -1.9129330061539536
                },
                "metadata": {
                    "trials": 1
                }
            },
            {
                "query": {
                    "x1": -0.5578051935409755,
                    "x2": -1.563119914549558
                },
                "metrics": {
                    "outcome": -1.912891510437607
                },
                "metadata": {
                    "trials": 1
                }
            }
        ],
        [
            {
                "query": {
                    "x1": -0.5471493361658714,
                    "x2": -1.539047328118988
                },
                "metrics": {
                    "outcome": -1.9131281620052354
                },
                "metadata": {
                    "trials": 1
                }
            },
            {
                "query": {
                    "x1": -0.5475921557923814,
                    "x2": -1.5529590053472968
                },
                "metrics": {
                    "outcome": -1.913177761492019
                },
                "metadata": {
                    "trials": 1
                }
            },
            {
                "query": {
                    "x1": -0.5519552872224799,
                    "x2": -1.5605706216804536
                },
                "metrics": {
                    "outcome": -1.9130068889607328
                },
                "metadata": {
                    "trials": 1
                }
            }
        ],
        [
            {
                "query": {
                    "x1": -0.5611428019074569,
                    "x2": -1.546600050448782
                },
                "metrics": {
                    "outcome": -1.9129345160821671
                },
                "metadata": {
                    "trials": 1
                }
            },
            {
                "query": {
                    "x1": -0.5494828110961892,
                    "x2": -1.5541556111508856
                },
                "metrics": {
                    "outcome": -1.9131641898397023
                },
                "metadata": {
                    "trials": 1
                }
            },
            {
                "query": {
                    "x1": -0.5387657758257466,
                    "x2": -1.5441278096538704
                },
                "metrics": {
                    "outcome": -1.9131367963785997
                },
                "metadata": {
                    "trials": 1
                }
            }
        ],
        [
            {
                "query": {
                    "x1": -0.5441325002989063,
                    "x2": -1.5481627658427253
                },
                "metrics": {
                    "outcome": -1.91320480188159
                },
                "metadata": {
                    "trials": 1
                }
            },
            {
                "query": {
                    "x1": -0.5430720323492717,
                    "x2": -1.5475465303703435
                },
                "metrics": {
                    "outcome": -1.9131967536311096
                },
                "metadata": {
                    "trials": 1
                }
            },
            {
                "query": {
                    "x1": -0.5539601582812971,
                    "x2": -1.5531771999056945
                },
                "metrics": {
                    "outcome": -1.9131522091720443
                },
                "metadata": {
                    "trials": 1
                }
            }
        ],
        [
            {
                "query": {
                    "x1": -0.5538014286079371,
                    "x2": -1.5542017442031242
                },
                "metrics": {
                    "outcome": -1.9131428208481402
                },
                "metadata": {
                    "trials": 1
                }
            },
            {
                "query": {
                    "x1": -0.542025474858304,
                    "x2": -1.5529640459778056
                },
                "metrics": {
                    "outcome": -1.9131031496626063
                },
                "metadata": {
                    "trials": 1
                }
            },
            {
                "query": {
                    "x1": -0.558394070578465,
                    "x2": -1.551368795666034
                },
                "metrics": {
                    "outcome": -1.9130716411349562
                },
                "metadata": {
                    "trials": 1
                }
            }
        ],
        [
            {
                "query": {
                    "x1": -0.5350237907663264,
                    "x2": -1.542924874436961
                },
                "metrics": {
                    "outcome": -1.9130430362239723
                },
                "metadata": {
                    "trials": 1
                }
            },
            {
                "query": {
                    "x1": -0.5506241649088394,
                    "x2": -1.552933711567154
                },
                "metrics": {
                    "outcome": -1.9131813311353807
                },
                "metadata": {
                    "trials": 1
                }
            },
            {
                "query": {
                    "x1": -0.5504269152476471,
                    "x2": -1.5399106251690369
                },
                "metrics": {
                    "outcome": -1.913105228028392
                },
                "metadata": {
                    "trials": 1
                }
            }
        ]
    ]
}