{
    "date": "05/11/2022 12:04:05",
    "basic_params": {
        "active_variables": [
            "x"
        ],
        "default_query": {},
        "metric": "basic",
        "n_trials": 1
    },
    "objective_function": {
        "name": "Gramacy1D",
        "params": {}
    },
    "optimizer": {
        "name": "BBO-LP(LCB)-FoD",
        "params": {
            "lower_bound": [
                0.5
            ],
            "upper_bound": [
                2.5
            ],
            "invert_metric": false,
            "bopt_params": {
                "n_init_samples": 12,
                "n_iterations": 23,
                "n_iter_relearn": 5,
                "verbose_level": 0,
                "n_parallel_samples": 6,
                "fixed_dataset_size": 50,
                "par_type": "PAR_BBO",
                "crit_name": "cLP(cLCB)",
                "n_crit_params": 3,
                "crit_params": [
                    6,
                    1,
                    1.0
                ]
            }
        }
    },
    "iterations": [
        [
            {
                "query": {
                    "x": 0.6324420266319066
                },
                "metrics": {
                    "outcome": 0.691583878116088
                },
                "metadata": {
                    "trials": 1
                }
            }
        ],
        [
            {
                "query": {
                    "x": 1.3849976876517758
                },
                "metrics": {
                    "outcome": -0.1419490047818166
                },
                "metadata": {
                    "trials": 1
                }
            }
        ],
        [
            {
                "query": {
                    "x": 1.8933622917393222
                },
                "metrics": {
                    "outcome": 0.6916279147518464
                },
                "metadata": {
                    "trials": 1
                }
            }
        ],
        [
            {
                "query": {
                    "x": 1.2663766111557684
                },
                "metrics": {
                    "outcome": 0.3487499405126737
                },
                "metadata": {
                    "trials": 1
                }
            }
        ],
        [
            {
                "query": {
                    "x": 0.683594030716146
                },
                "metrics": {
                    "outcome": 0.3705366202915626
                },
                "metadata": {
                    "trials": 1
                }
            }
        ],
        [
            {
                "query": {
                    "x": 0.8569166782544926
                },
                "metrics": {
                    "outcome": 0.5701854053739931
                },
                "metadata": {
                    "trials": 1
                }
            }
        ],
        [
            {
                "query": {
                    "x": 2.2670011473043514
                },
                "metrics": {
                    "outcome": 2.7667996115496196
                },
                "metadata": {
                    "trials": 1
                }
            }
        ],
        [
            {
                "query": {
                    "x": 1.0175164822333804
                },
                "metrics": {
                    "outcome": 0.25696890241675874
                },
                "metadata": {
                    "trials": 1
                }
            }
        ],
        [
            {
                "query": {
                    "x": 1.5473432280511286
                },
                "metrics": {
                    "outcome": -0.23225868599693644
                },
                "metadata": {
                    "trials": 1
                }
            }
        ],
        [
            {
                "query": {
                    "x": 2.3515281916285558
                },
                "metrics": {
                    "outcome": 3.12418881515559
                },
                "metadata": {
                    "trials": 1
                }
            }
        ],
        [
            {
                "query": {
                    "x": 2.0895111306648078
                },
                "metrics": {
                    "outcome": 1.4864820804368841
                },
                "metadata": {
                    "trials": 1
                }
            }
        ],
        [
            {
                "query": {
                    "x": 1.7138507426328335
                },
                "metrics": {
                    "outcome": 0.13669672430703766
                },
                "metadata": {
                    "trials": 1
                }
            }
        ],
        [
            {
                "query": {
                    "x": 1.4710449430801704
                },
                "metrics": {
                    "outcome": 0.31750710706337903
                },
                "metadata": {
                    "trials": 1
                }
            },
            {
                "query": {
                    "x": 1.5830997744413713
                },
                "metrics": {
                    "outcome": -0.0443170860814448
                },
                "metadata": {
                    "trials": 1
                }
            },
            {
                "query": {
                    "x": 1.412884641901346
                },
                "metrics": {
                    "outcome": 0.1684283924438441
                },
                "metadata": {
                    "trials": 1
                }
            },
            {
                "query": {
                    "x": 1.5160509792444057
                },
                "metrics": {
                    "outcome": -0.08842677623012633
                },
                "metadata": {
                    "trials": 1
                }
            },
            {
                "query": {
                    "x": 1.6542768137136348
                },
                "metrics": {
                    "outcome": 0.48277370490176363
                },
                "metadata": {
                    "trials": 1
                }
            },
            {
                "query": {
                    "x": 1.3554919742512639
                },
                "metrics": {
                    "outcome": -0.3474224947625814
                },
                "metadata": {
                    "trials": 1
                }
            }
        ],
        [
            {
                "query": {
                    "x": 1.3448666253492
                },
                "metrics": {
                    "outcome": -0.35281482668720143
                },
                "metadata": {
                    "trials": 1
                }
            },
            {
                "query": {
                    "x": 1.3592983515112045
                },
                "metrics": {
                    "outcome": -0.3355884015101433
                },
                "metadata": {
                    "trials": 1
                }
            },
            {
                "query": {
                    "x": 1.330706104316289
                },
                "metrics": {
                    "outcome": -0.29684331594436153
                },
                "metadata": {
                    "trials": 1
                }
            },
            {
                "query": {
                    "x": 1.3685127549400335
                },
                "metrics": {
                    "outcome": -0.2868481960973184
                },
                "metadata": {
                    "trials": 1
                }
            },
            {
                "query": {
                    "x": 1.5469950313074061
                },
                "metrics": {
                    "outcome": -0.23224531376660468
                },
                "metadata": {
                    "trials": 1
                }
            },
            {
                "query": {
                    "x": 1.7770808404264462
                },
                "metrics": {
                    "outcome": 0.17911011388424095
                },
                "metadata": {
                    "trials": 1
                }
            }
        ],
        [
            {
                "query": {
                    "x": 1.3488736183566514
                },
                "metrics": {
                    "outcome": -0.3556335865747256
                },
                "metadata": {
                    "trials": 1
                }
            },
            {
                "query": {
                    "x": 1.341796495828961
                },
                "metrics": {
                    "outcome": -0.3466798586279077
                },
                "metadata": {
                    "trials": 1
                }
            },
            {
                "query": {
                    "x": 1.355947967027035
                },
                "metrics": {
                    "outcome": -0.3462740523108625
                },
                "metadata": {
                    "trials": 1
                }
            },
            {
                "query": {
                    "x": 1.362778435571979
                },
                "metrics": {
                    "outcome": -0.32040724960053635
                },
                "metadata": {
                    "trials": 1
                }
            },
            {
                "query": {
                    "x": 1.3339352780215934
                },
                "metrics": {
                    "outcome": -0.31566377376846744
                },
                "metadata": {
                    "trials": 1
                }
            },
            {
                "query": {
                    "x": 1.3716446672345075
                },
                "metrics": {
                    "outcome": -0.2643712400454857
                },
                "metadata": {
                    "trials": 1
                }
            }
        ],
        [
            {
                "query": {
                    "x": 1.348841953112295
                },
                "metrics": {
                    "outcome": -0.35563443117623794
                },
                "metadata": {
                    "trials": 1
                }
            },
            {
                "query": {
                    "x": 1.3426069716614673
                },
                "metrics": {
                    "outcome": -0.34863225380855956
                },
                "metadata": {
                    "trials": 1
                }
            },
            {
                "query": {
                    "x": 1.3550756827950579
                },
                "metrics": {
                    "outcome": -0.3484061662149637
                },
                "metadata": {
                    "trials": 1
                }
            },
            {
                "query": {
                    "x": 1.3612933502778746
                },
                "metrics": {
                    "outcome": -0.32738328949515166
                },
                "metadata": {
                    "trials": 1
                }
            },
            {
                "query": {
                    "x": 1.33593754640015
                },
                "metrics": {
                    "outcome": -0.3255993623114941
                },
                "metadata": {
                    "trials": 1
                }
            },
            {
                "query": {
                    "x": 1.3690799802720357
                },
                "metrics": {
                    "outcome": -0.2829844276538603
                },
                "metadata": {
                    "trials": 1
                }
            }
        ],
        [
            {
                "query": {
                    "x": 1.3488250352018785
                },
                "metrics": {
                    "outcome": -0.35563473148143265
                },
                "metadata": {
                    "trials": 1
                }
            },
            {
                "query": {
                    "x": 1.3431143054885912
                },
                "metrics": {
                    "outcome": -0.3497332171636051
                },
                "metadata": {
                    "trials": 1
                }
            },
            {
                "query": {
                    "x": 1.3545357419132515
                },
                "metrics": {
                    "outcome": -0.34958958120726896
                },
                "metadata": {
                    "trials": 1
                }
            },
            {
                "query": {
                    "x": 1.360266605569227
                },
                "metrics": {
                    "outcome": -0.3317750140661625
                },
                "metadata": {
                    "trials": 1
                }
            },
            {
                "query": {
                    "x": 1.3371252468169748
                },
                "metrics": {
                    "outcome": -0.33084657809095913
                },
                "metadata": {
                    "trials": 1
                }
            },
            {
                "query": {
                    "x": 1.3673008175184824
                },
                "metrics": {
                    "outcome": -0.2947856719465054
                },
                "metadata": {
                    "trials": 1
                }
            }
        ],
        [
            {
                "query": {
                    "x": 1.3487960963204468
                },
                "metrics": {
                    "outcome": -0.35563500145472465
                },
                "metadata": {
                    "trials": 1
                }
            },
            {
                "query": {
                    "x": 1.342926654240412
                },
                "metrics": {
                    "outcome": -0.3493368898030134
                },
                "metadata": {
                    "trials": 1
                }
            },
            {
                "query": {
                    "x": 1.3546613878397373
                },
                "metrics": {
                    "outcome": -0.3493235343143178
                },
                "metadata": {
                    "trials": 1
                }
            },
            {
                "query": {
                    "x": 1.3605143407907514
                },
                "metrics": {
                    "outcome": -0.33074798301406805
                },
                "metadata": {
                    "trials": 1
                }
            },
            {
                "query": {
                    "x": 1.3369763083767994
                },
                "metrics": {
                    "outcome": -0.33021529530920013
                },
                "metadata": {
                    "trials": 1
                }
            },
            {
                "query": {
                    "x": 1.3677769207298156
                },
                "metrics": {
                    "outcome": -0.2917196376523642
                },
                "metadata": {
                    "trials": 1
                }
            }
        ],
        [
            {
                "query": {
                    "x": 1.3487928344956481
                },
                "metrics": {
                    "outcome": -0.35563501259482605
                },
                "metadata": {
                    "trials": 1
                }
            },
            {
                "query": {
                    "x": 1.343194400982147
                },
                "metrics": {
                    "outcome": -0.3498984841309787
                },
                "metadata": {
                    "trials": 1
                }
            },
            {
                "query": {
                    "x": 1.3543888069354266
                },
                "metrics": {
                    "outcome": -0.34989351057913515
                },
                "metadata": {
                    "trials": 1
                }
            },
            {
                "query": {
                    "x": 1.3600002025189741
                },
                "metrics": {
                    "outcome": -0.332856158303616
                },
                "metadata": {
                    "trials": 1
                }
            },
            {
                "query": {
                    "x": 1.3375371477151945
                },
                "metrics": {
                    "outcome": -0.3325523014498378
                },
                "metadata": {
                    "trials": 1
                }
            },
            {
                "query": {
                    "x": 1.3668525866492085
                },
                "metrics": {
                    "outcome": -0.29760976831915176
                },
                "metadata": {
                    "trials": 1
                }
            }
        ],
        [
            {
                "query": {
                    "x": 1.3487904886762179
                },
                "metrics": {
                    "outcome": -0.3556350181905884
                },
                "metadata": {
                    "trials": 1
                }
            },
            {
                "query": {
                    "x": 1.3433563893542113
                },
                "metrics": {
                    "outcome": -0.3502255940283229
                },
                "metadata": {
                    "trials": 1
                }
            },
            {
                "query": {
                    "x": 1.354222674368755
                },
                "metrics": {
                    "outcome": -0.35022779614624916
                },
                "metadata": {
                    "trials": 1
                }
            },
            {
                "query": {
                    "x": 1.3596903686010675
                },
                "metrics": {
                    "outcome": -0.33408311025716236
                },
                "metadata": {
                    "trials": 1
                }
            },
            {
                "query": {
                    "x": 1.3378716946657696
                },
                "metrics": {
                    "outcome": -0.33389416640464104
                },
                "metadata": {
                    "trials": 1
                }
            },
            {
                "query": {
                    "x": 1.366306549418986
                },
                "metrics": {
                    "outcome": -0.30096741511587155
                },
                "metadata": {
                    "trials": 1
                }
            }
        ],
        [
            {
                "query": {
                    "x": 1.3487900899795218
                },
                "metrics": {
                    "outcome": -0.3556350189406848
                },
                "metadata": {
                    "trials": 1
                }
            },
            {
                "query": {
                    "x": 1.3435325771584739
                },
                "metrics": {
                    "outcome": -0.3505705333715333
                },
                "metadata": {
                    "trials": 1
                }
            },
            {
                "query": {
                    "x": 1.3540461783151814
                },
                "metrics": {
                    "outcome": -0.3505720482302724
                },
                "metadata": {
                    "trials": 1
                }
            },
            {
                "query": {
                    "x": 1.3593485509263163
                },
                "metrics": {
                    "outcome": -0.3353985883526604
                },
                "metadata": {
                    "trials": 1
                }
            },
            {
                "query": {
                    "x": 1.3382275617145178
                },
                "metrics": {
                    "outcome": -0.3352785575744818
                },
                "metadata": {
                    "trials": 1
                }
            },
            {
                "query": {
                    "x": 1.3657130719000128
                },
                "metrics": {
                    "outcome": -0.3045126574391085
                },
                "metadata": {
                    "trials": 1
                }
            }
        ],
        [
            {
                "query": {
                    "x": 1.9033179086568361
                },
                "metrics": {
                    "outcome": 0.6384957207740429
                },
                "metadata": {
                    "trials": 1
                }
            },
            {
                "query": {
                    "x": 1.3487875763360233
                },
                "metrics": {
                    "outcome": -0.3556350223253049
                },
                "metadata": {
                    "trials": 1
                }
            },
            {
                "query": {
                    "x": 1.3433039886713152
                },
                "metrics": {
                    "outcome": -0.35012082392201505
                },
                "metadata": {
                    "trials": 1
                }
            },
            {
                "query": {
                    "x": 1.3542683014625
                },
                "metrics": {
                    "outcome": -0.350136976418826
                },
                "metadata": {
                    "trials": 1
                }
            },
            {
                "query": {
                    "x": 1.5128977995420798
                },
                "metrics": {
                    "outcome": -0.06107676998700104
                },
                "metadata": {
                    "trials": 1
                }
            },
            {
                "query": {
                    "x": 1.3598426692751298
                },
                "metrics": {
                    "outcome": -0.3334840937243453
                },
                "metadata": {
                    "trials": 1
                }
            }
        ],
        [
            {
                "query": {
                    "x": 1.6412908206203876
                },
                "metrics": {
                    "outcome": 0.46243628782518087
                },
                "metadata": {
                    "trials": 1
                }
            },
            {
                "query": {
                    "x": 1.3487787283416224
                },
                "metrics": {
                    "outcome": -0.3556350157764549
                },
                "metadata": {
                    "trials": 1
                }
            },
            {
                "query": {
                    "x": 1.354189109449981
                },
                "metrics": {
                    "outcome": -0.35029412788536457
                },
                "metadata": {
                    "trials": 1
                }
            },
            {
                "query": {
                    "x": 1.3433734041266883
                },
                "metrics": {
                    "outcome": -0.3502593984792983
                },
                "metadata": {
                    "trials": 1
                }
            },
            {
                "query": {
                    "x": 1.3597517392866616
                },
                "metrics": {
                    "outcome": -0.33384268644021303
                },
                "metadata": {
                    "trials": 1
                }
            },
            {
                "query": {
                    "x": 1.3377604114916055
                },
                "metrics": {
                    "outcome": -0.33345215082329815
                },
                "metadata": {
                    "trials": 1
                }
            }
        ],
        [
            {
                "query": {
                    "x": 1.3487773855330882
                },
                "metrics": {
                    "outcome": -0.3556350122693392
                },
                "metadata": {
                    "trials": 1
                }
            },
            {
                "query": {
                    "x": 1.3542702134283386
                },
                "metrics": {
                    "outcome": -0.3501331543335249
                },
                "metadata": {
                    "trials": 1
                }
            },
            {
                "query": {
                    "x": 1.3432896846788418
                },
                "metrics": {
                    "outcome": -0.35009205084876605
                },
                "metadata": {
                    "trials": 1
                }
            },
            {
                "query": {
                    "x": 1.3599260650238272
                },
                "metrics": {
                    "outcome": -0.33315272932143597
                },
                "metadata": {
                    "trials": 1
                }
            },
            {
                "query": {
                    "x": 1.3375862987010279
                },
                "metrics": {
                    "outcome": -0.33275189464036165
                },
                "metadata": {
                    "trials": 1
                }
            },
            {
                "query": {
                    "x": 1.3301581303795236
                },
                "metrics": {
                    "outcome": -0.2933174726961549
                },
                "metadata": {
                    "trials": 1
                }
            }
        ],
        [
            {
                "query": {
                    "x": 1.3487862958081989
                },
                "metrics": {
                    "outcome": -0.3556350231572297
                },
                "metadata": {
                    "trials": 1
                }
            },
            {
                "query": {
                    "x": 1.354022769397471
                },
                "metrics": {
                    "outcome": -0.3506168637819599
                },
                "metadata": {
                    "trials": 1
                }
            },
            {
                "query": {
                    "x": 1.3435520757933022
                },
                "metrics": {
                    "outcome": -0.35060801286999066
                },
                "metadata": {
                    "trials": 1
                }
            },
            {
                "query": {
                    "x": 1.3593905562399096
                },
                "metrics": {
                    "outcome": -0.335239092921252
                },
                "metadata": {
                    "trials": 1
                }
            },
            {
                "query": {
                    "x": 1.3381657497622501
                },
                "metrics": {
                    "outcome": -0.3350412841021105
                },
                "metadata": {
                    "trials": 1
                }
            },
            {
                "query": {
                    "x": 1.366015099798823
                },
                "metrics": {
                    "outcome": -0.3027220694379156
                },
                "metadata": {
                    "trials": 1
                }
            }
        ],
        [
            {
                "query": {
                    "x": 1.3487892598944269
                },
                "metrics": {
                    "outcome": -0.355635020315054
                },
                "metadata": {
                    "trials": 1
                }
            },
            {
                "query": {
                    "x": 1.3540211279589478
                },
                "metrics": {
                    "outcome": -0.35061999884727374
                },
                "metadata": {
                    "trials": 1
                }
            },
            {
                "query": {
                    "x": 1.3435591516962648
                },
                "metrics": {
                    "outcome": -0.35062157963795887
                },
                "metadata": {
                    "trials": 1
                }
            },
            {
                "query": {
                    "x": 1.3593880503107978
                },
                "metrics": {
                    "outcome": -0.3352486250151739
                },
                "metadata": {
                    "trials": 1
                }
            },
            {
                "query": {
                    "x": 1.3381740104612794
                },
                "metrics": {
                    "outcome": -0.3350730715433615
                },
                "metadata": {
                    "trials": 1
                }
            },
            {
                "query": {
                    "x": 1.3660515134788787
                },
                "metrics": {
                    "outcome": -0.30250427776763505
                },
                "metadata": {
                    "trials": 1
                }
            }
        ],
        [
            {
                "query": {
                    "x": 1.3487895849873104
                },
                "metrics": {
                    "outcome": -0.3556350198069496
                },
                "metadata": {
                    "trials": 1
                }
            },
            {
                "query": {
                    "x": 1.3540125564360412
                },
                "metrics": {
                    "outcome": -0.35063635424716805
                },
                "metadata": {
                    "trials": 1
                }
            },
            {
                "query": {
                    "x": 1.3435681776034571
                },
                "metrics": {
                    "outcome": -0.3506388587141358
                },
                "metadata": {
                    "trials": 1
                }
            },
            {
                "query": {
                    "x": 1.3593706679210547
                },
                "metrics": {
                    "outcome": -0.33531468504152123
                },
                "metadata": {
                    "trials": 1
                }
            },
            {
                "query": {
                    "x": 1.3381895029802595
                },
                "metrics": {
                    "outcome": -0.3351326226868806
                },
                "metadata": {
                    "trials": 1
                }
            },
            {
                "query": {
                    "x": 1.3660421877067102
                },
                "metrics": {
                    "outcome": -0.3025600946750631
                },
                "metadata": {
                    "trials": 1
                }
            }
        ],
        [
            {
                "query": {
                    "x": 1.348791841925906
                },
                "metrics": {
                    "outcome": -0.3556350152092071
                },
                "metadata": {
                    "trials": 1
                }
            },
            {
                "query": {
                    "x": 1.3540102404259433
                },
                "metrics": {
                    "outcome": -0.3506407689015947
                },
                "metadata": {
                    "trials": 1
                }
            },
            {
                "query": {
                    "x": 1.343574509868405
                },
                "metrics": {
                    "outcome": -0.3506509634020494
                },
                "metadata": {
                    "trials": 1
                }
            },
            {
                "query": {
                    "x": 1.3593662689899797
                },
                "metrics": {
                    "outcome": -0.3353313862752474
                },
                "metadata": {
                    "trials": 1
                }
            },
            {
                "query": {
                    "x": 1.3381988355186638
                },
                "metrics": {
                    "outcome": -0.33516845503862486
                },
                "metadata": {
                    "trials": 1
                }
            },
            {
                "query": {
                    "x": 1.3660776960793202
                },
                "metrics": {
                    "outcome": -0.30234742502337875
                },
                "metadata": {
                    "trials": 1
                }
            }
        ],
        [
            {
                "query": {
                    "x": 1.348792467280684
                },
                "metrics": {
                    "outcome": -0.35563501360422733
                },
                "metadata": {
                    "trials": 1
                }
            },
            {
                "query": {
                    "x": 1.3540080258894103
                },
                "metrics": {
                    "outcome": -0.3506449883239824
                },
                "metadata": {
                    "trials": 1
                }
            },
            {
                "query": {
                    "x": 1.3435778259965703
                },
                "metrics": {
                    "outcome": -0.35065729664766776
                },
                "metadata": {
                    "trials": 1
                }
            },
            {
                "query": {
                    "x": 1.3593621463348007
                },
                "metrics": {
                    "outcome": -0.3353470325474725
                },
                "metadata": {
                    "trials": 1
                }
            },
            {
                "query": {
                    "x": 1.338204784744866
                },
                "metrics": {
                    "outcome": -0.33519128117999436
                },
                "metadata": {
                    "trials": 1
                }
            },
            {
                "query": {
                    "x": 1.3660895975058622
                },
                "metrics": {
                    "outcome": -0.3022760567657091
                },
                "metadata": {
                    "trials": 1
                }
            }
        ],
        [
            {
                "query": {
                    "x": 1.3487924397911983
                },
                "metrics": {
                    "outcome": -0.3556350136777978
                },
                "metadata": {
                    "trials": 1
                }
            },
            {
                "query": {
                    "x": 1.354007840250131
                },
                "metrics": {
                    "outcome": -0.35064534194770935
                },
                "metadata": {
                    "trials": 1
                }
            },
            {
                "query": {
                    "x": 1.343578030923498
                },
                "metrics": {
                    "outcome": -0.35065768789209895
                },
                "metadata": {
                    "trials": 1
                }
            },
            {
                "query": {
                    "x": 1.3594271505184499
                },
                "metrics": {
                    "outcome": -0.3350996492526016
                },
                "metadata": {
                    "trials": 1
                }
            },
            {
                "query": {
                    "x": 1.3382064233938082
                },
                "metrics": {
                    "outcome": -0.33519756620710245
                },
                "metadata": {
                    "trials": 1
                }
            },
            {
                "query": {
                    "x": 1.366189217038154
                },
                "metrics": {
                    "outcome": -0.30167696049423287
                },
                "metadata": {
                    "trials": 1
                }
            }
        ],
        [
            {
                "query": {
                    "x": 1.3487921726521406
                },
                "metrics": {
                    "outcome": -0.3556350143782905
                },
                "metadata": {
                    "trials": 1
                }
            },
            {
                "query": {
                    "x": 1.3540017947711136
                },
                "metrics": {
                    "outcome": -0.35065685117261897
                },
                "metadata": {
                    "trials": 1
                }
            },
            {
                "query": {
                    "x": 1.3435835455653315
                },
                "metrics": {
                    "outcome": -0.3506682106449706
                },
                "metadata": {
                    "trials": 1
                }
            },
            {
                "query": {
                    "x": 1.3593511437796604
                },
                "metrics": {
                    "outcome": -0.33538876077090224
                },
                "metadata": {
                    "trials": 1
                }
            },
            {
                "query": {
                    "x": 1.338212716048134
                },
                "metrics": {
                    "outcome": -0.3352216928798334
                },
                "metadata": {
                    "trials": 1
                }
            },
            {
                "query": {
                    "x": 1.365971657860986
                },
                "metrics": {
                    "outcome": -0.3029813603000267
                },
                "metadata": {
                    "trials": 1
                }
            }
        ],
        [
            {
                "query": {
                    "x": 1.3487856263449771
                },
                "metrics": {
                    "outcome": -0.355635023352407
                },
                "metadata": {
                    "trials": 1
                }
            },
            {
                "query": {
                    "x": 1.3538808571433616
                },
                "metrics": {
                    "outcome": -0.3508843200069407
                },
                "metadata": {
                    "trials": 1
                }
            },
            {
                "query": {
                    "x": 1.3436921184029096
                },
                "metrics": {
                    "outcome": -0.35087312682598637
                },
                "metadata": {
                    "trials": 1
                }
            },
            {
                "query": {
                    "x": 1.3591004674096654
                },
                "metrics": {
                    "outcome": -0.3363281904701507
                },
                "metadata": {
                    "trials": 1
                }
            },
            {
                "query": {
                    "x": 1.33845663388893
                },
                "metrics": {
                    "outcome": -0.3361461764638553
                },
                "metadata": {
                    "trials": 1
                }
            },
            {
                "query": {
                    "x": 1.3654906603297121
                },
                "metrics": {
                    "outcome": -0.30581307995754464
                },
                "metadata": {
                    "trials": 1
                }
            }
        ],
        [
            {
                "query": {
                    "x": 1.3487857776740357
                },
                "metrics": {
                    "outcome": -0.3556350233226885
                },
                "metadata": {
                    "trials": 1
                }
            },
            {
                "query": {
                    "x": 1.3538760413321378
                },
                "metrics": {
                    "outcome": -0.3508932687295939
                },
                "metadata": {
                    "trials": 1
                }
            },
            {
                "query": {
                    "x": 1.3436972188316365
                },
                "metrics": {
                    "outcome": -0.3508826475252573
                },
                "metadata": {
                    "trials": 1
                }
            },
            {
                "query": {
                    "x": 1.3590912714003092
                },
                "metrics": {
                    "outcome": -0.33636224172434276
                },
                "metadata": {
                    "trials": 1
                }
            },
            {
                "query": {
                    "x": 1.3384663891402853
                },
                "metrics": {
                    "outcome": -0.3361827151503215
                },
                "metadata": {
                    "trials": 1
                }
            },
            {
                "query": {
                    "x": 1.3655896608542675
                },
                "metrics": {
                    "outcome": -0.3052361388826082
                },
                "metadata": {
                    "trials": 1
                }
            }
        ],
        [
            {
                "query": {
                    "x": 1.348796799180128
                },
                "metrics": {
                    "outcome": -0.3556349985424717
                },
                "metadata": {
                    "trials": 1
                }
            },
            {
                "query": {
                    "x": 1.3541181574095043
                },
                "metrics": {
                    "outcome": -0.350433009522223
                },
                "metadata": {
                    "trials": 1
                }
            },
            {
                "query": {
                    "x": 1.3434759333194273
                },
                "metrics": {
                    "outcome": -0.3504608693362789
                },
                "metadata": {
                    "trials": 1
                }
            },
            {
                "query": {
                    "x": 1.3596006173062303
                },
                "metrics": {
                    "outcome": -0.3344323952136477
                },
                "metadata": {
                    "trials": 1
                }
            },
            {
                "query": {
                    "x": 1.3377810104428927
                },
                "metrics": {
                    "outcome": -0.3335342962323548
                },
                "metadata": {
                    "trials": 1
                }
            },
            {
                "query": {
                    "x": 1.3302129510870437
                },
                "metrics": {
                    "outcome": -0.2936744483748215
                },
                "metadata": {
                    "trials": 1
                }
            }
        ],
        [
            {
                "query": {
                    "x": 1.3487855038577248
                },
                "metrics": {
                    "outcome": -0.35563502337030184
                },
                "metadata": {
                    "trials": 1
                }
            },
            {
                "query": {
                    "x": 1.3538779546730286
                },
                "metrics": {
                    "outcome": -0.3508897143684754
                },
                "metadata": {
                    "trials": 1
                }
            },
            {
                "query": {
                    "x": 1.3436949001831593
                },
                "metrics": {
                    "outcome": -0.35087832060290286
                },
                "metadata": {
                    "trials": 1
                }
            },
            {
                "query": {
                    "x": 1.3590952124346385
                },
                "metrics": {
                    "outcome": -0.33634765231621194
                },
                "metadata": {
                    "trials": 1
                }
            },
            {
                "query": {
                    "x": 1.33846340196828
                },
                "metrics": {
                    "outcome": -0.33617153013502415
                },
                "metadata": {
                    "trials": 1
                }
            },
            {
                "query": {
                    "x": 1.365600035417848
                },
                "metrics": {
                    "outcome": -0.30517550224586537
                },
                "metadata": {
                    "trials": 1
                }
            }
        ]
    ],
    "best_results": [
        {
            "query": {
                "x": 1.3487855038577248
            },
            "metrics": [
                {
                    "name": "outcome",
                    "value": -0.35563502337030184
                }
            ]
        }
    ]
}